proc,dtype,group,size,metric,hwthread,value
ICX,FP32,CUSTOM,8000,Runtime (RDTSC) [s],0,3919.8051
ICX,FP32,CUSTOM,8000,Runtime (RDTSC) [s],1,3919.8051
ICX,FP32,CUSTOM,8000,Runtime (RDTSC) [s],2,3919.8051
ICX,FP32,CUSTOM,8000,Runtime (RDTSC) [s],3,3919.8051
ICX,FP32,CUSTOM,8000,Runtime (RDTSC) [s],4,3919.8051
ICX,FP32,CUSTOM,8000,Runtime (RDTSC) [s],5,3919.8051
ICX,FP32,CUSTOM,8000,Runtime (RDTSC) [s],6,3919.8051
ICX,FP32,CUSTOM,8000,Runtime (RDTSC) [s],7,3919.8051
ICX,FP32,CUSTOM,8000,Runtime (RDTSC) [s],8,3919.8051
ICX,FP32,CUSTOM,8000,Runtime (RDTSC) [s],9,3919.8051
ICX,FP32,CUSTOM,8000,Runtime (RDTSC) [s],10,3919.8051
ICX,FP32,CUSTOM,8000,Runtime (RDTSC) [s],11,3919.8051
ICX,FP32,CUSTOM,8000,Runtime (RDTSC) [s],12,3919.8051
ICX,FP32,CUSTOM,8000,Runtime (RDTSC) [s],13,3919.8051
ICX,FP32,CUSTOM,8000,Runtime (RDTSC) [s],14,3919.8051
ICX,FP32,CUSTOM,8000,Runtime (RDTSC) [s],15,3919.8051
ICX,FP32,CUSTOM,8000,Runtime (RDTSC) [s],16,3919.8051
ICX,FP32,CUSTOM,8000,Runtime (RDTSC) [s],17,3919.8051
ICX,FP32,CUSTOM,8000,Runtime (RDTSC) [s],18,3919.8051
ICX,FP32,CUSTOM,8000,Runtime (RDTSC) [s],19,3919.8051
ICX,FP32,CUSTOM,8000,Runtime (RDTSC) [s],20,3919.8051
ICX,FP32,CUSTOM,8000,Runtime (RDTSC) [s],21,3919.8051
ICX,FP32,CUSTOM,8000,Runtime (RDTSC) [s],22,3919.8051
ICX,FP32,CUSTOM,8000,Runtime (RDTSC) [s],23,3919.8051
ICX,FP32,CUSTOM,8000,Runtime (RDTSC) [s],24,3919.8051
ICX,FP32,CUSTOM,8000,Runtime (RDTSC) [s],25,3919.8051
ICX,FP32,CUSTOM,8000,Runtime (RDTSC) [s],26,3919.8051
ICX,FP32,CUSTOM,8000,Runtime (RDTSC) [s],27,3919.8051
ICX,FP32,CUSTOM,8000,Runtime (RDTSC) [s],28,3919.8051
ICX,FP32,CUSTOM,8000,Runtime (RDTSC) [s],29,3919.8051
ICX,FP32,CUSTOM,8000,Runtime (RDTSC) [s],30,3919.8051
ICX,FP32,CUSTOM,8000,Runtime (RDTSC) [s],31,3919.8051
ICX,FP32,CUSTOM,8000,Runtime (RDTSC) [s],32,3919.8051
ICX,FP32,CUSTOM,8000,Runtime (RDTSC) [s],33,3919.8051
ICX,FP32,CUSTOM,8000,Runtime (RDTSC) [s],34,3919.8051
ICX,FP32,CUSTOM,8000,Runtime (RDTSC) [s],35,3919.8051
ICX,FP32,CUSTOM,8000,Runtime (RDTSC) [s],36,3919.8051
ICX,FP32,CUSTOM,8000,Runtime (RDTSC) [s],37,3919.8051
ICX,FP32,CUSTOM,8000,Runtime (RDTSC) [s],38,3919.8051
ICX,FP32,CUSTOM,8000,Runtime (RDTSC) [s],39,3919.8051
ICX,FP32,CUSTOM,8000,Runtime (RDTSC) [s],40,3919.8051
ICX,FP32,CUSTOM,8000,Runtime (RDTSC) [s],41,3919.8051
ICX,FP32,CUSTOM,8000,Runtime (RDTSC) [s],42,3919.8051
ICX,FP32,CUSTOM,8000,Runtime (RDTSC) [s],43,3919.8051
ICX,FP32,CUSTOM,8000,Runtime (RDTSC) [s],44,3919.8051
ICX,FP32,CUSTOM,8000,Runtime (RDTSC) [s],45,3919.8051
ICX,FP32,CUSTOM,8000,Runtime (RDTSC) [s],46,3919.8051
ICX,FP32,CUSTOM,8000,Runtime (RDTSC) [s],47,3919.8051
ICX,FP32,CUSTOM,8000,Runtime (RDTSC) [s],48,3919.8051
ICX,FP32,CUSTOM,8000,Runtime (RDTSC) [s],49,3919.8051
ICX,FP32,CUSTOM,8000,Runtime (RDTSC) [s],50,3919.8051
ICX,FP32,CUSTOM,8000,Runtime (RDTSC) [s],51,3919.8051
ICX,FP32,CUSTOM,8000,Runtime (RDTSC) [s],52,3919.8051
ICX,FP32,CUSTOM,8000,Runtime (RDTSC) [s],53,3919.8051
ICX,FP32,CUSTOM,8000,Runtime (RDTSC) [s],54,3919.8051
ICX,FP32,CUSTOM,8000,Runtime (RDTSC) [s],55,3919.8051
ICX,FP32,CUSTOM,8000,Runtime (RDTSC) [s],56,3919.8051
ICX,FP32,CUSTOM,8000,Runtime (RDTSC) [s],57,3919.8051
ICX,FP32,CUSTOM,8000,Runtime (RDTSC) [s],58,3919.8051
ICX,FP32,CUSTOM,8000,Runtime (RDTSC) [s],59,3919.8051
ICX,FP32,CUSTOM,8000,Runtime (RDTSC) [s],60,3919.8051
ICX,FP32,CUSTOM,8000,Runtime (RDTSC) [s],61,3919.8051
ICX,FP32,CUSTOM,8000,Runtime (RDTSC) [s],62,3919.8051
ICX,FP32,CUSTOM,8000,Runtime (RDTSC) [s],63,3919.8051
ICX,FP32,CUSTOM,8000,Runtime (RDTSC) [s],64,3919.8051
ICX,FP32,CUSTOM,8000,Runtime (RDTSC) [s],65,3919.8051
ICX,FP32,CUSTOM,8000,Runtime (RDTSC) [s],66,3919.8051
ICX,FP32,CUSTOM,8000,Runtime (RDTSC) [s],67,3919.8051
ICX,FP32,CUSTOM,8000,Runtime (RDTSC) [s],68,3919.8051
ICX,FP32,CUSTOM,8000,Runtime (RDTSC) [s],69,3919.8051
ICX,FP32,CUSTOM,8000,Runtime (RDTSC) [s],70,3919.8051
ICX,FP32,CUSTOM,8000,Runtime (RDTSC) [s],71,3919.8051
ICX,FP32,CUSTOM,8000,Runtime unhalted [s],0,4987.2009
ICX,FP32,CUSTOM,8000,Runtime unhalted [s],1,4994.1679
ICX,FP32,CUSTOM,8000,Runtime unhalted [s],2,4997.208
ICX,FP32,CUSTOM,8000,Runtime unhalted [s],3,4987.5378
ICX,FP32,CUSTOM,8000,Runtime unhalted [s],4,4993.096
ICX,FP32,CUSTOM,8000,Runtime unhalted [s],5,4994.9747
ICX,FP32,CUSTOM,8000,Runtime unhalted [s],6,4986.3912
ICX,FP32,CUSTOM,8000,Runtime unhalted [s],7,4995.3348
ICX,FP32,CUSTOM,8000,Runtime unhalted [s],8,4994.7687
ICX,FP32,CUSTOM,8000,Runtime unhalted [s],9,4990.5677
ICX,FP32,CUSTOM,8000,Runtime unhalted [s],10,4993.5737
ICX,FP32,CUSTOM,8000,Runtime unhalted [s],11,4994.8721
ICX,FP32,CUSTOM,8000,Runtime unhalted [s],12,4989.5298
ICX,FP32,CUSTOM,8000,Runtime unhalted [s],13,4995.3397
ICX,FP32,CUSTOM,8000,Runtime unhalted [s],14,4994.0513
ICX,FP32,CUSTOM,8000,Runtime unhalted [s],15,4984.6702
ICX,FP32,CUSTOM,8000,Runtime unhalted [s],16,4993.8463
ICX,FP32,CUSTOM,8000,Runtime unhalted [s],17,4991.3178
ICX,FP32,CUSTOM,8000,Runtime unhalted [s],18,4987.3952
ICX,FP32,CUSTOM,8000,Runtime unhalted [s],19,4992.0053
ICX,FP32,CUSTOM,8000,Runtime unhalted [s],20,4989.4927
ICX,FP32,CUSTOM,8000,Runtime unhalted [s],21,4985.5018
ICX,FP32,CUSTOM,8000,Runtime unhalted [s],22,4992.678
ICX,FP32,CUSTOM,8000,Runtime unhalted [s],23,4989.1157
ICX,FP32,CUSTOM,8000,Runtime unhalted [s],24,4986.6605
ICX,FP32,CUSTOM,8000,Runtime unhalted [s],25,4990.8108
ICX,FP32,CUSTOM,8000,Runtime unhalted [s],26,4987.1506
ICX,FP32,CUSTOM,8000,Runtime unhalted [s],27,4986.275
ICX,FP32,CUSTOM,8000,Runtime unhalted [s],28,4985.8825
ICX,FP32,CUSTOM,8000,Runtime unhalted [s],29,4972.498
ICX,FP32,CUSTOM,8000,Runtime unhalted [s],30,4969.3413
ICX,FP32,CUSTOM,8000,Runtime unhalted [s],31,4972.325
ICX,FP32,CUSTOM,8000,Runtime unhalted [s],32,4970.6078
ICX,FP32,CUSTOM,8000,Runtime unhalted [s],33,4968.6621
ICX,FP32,CUSTOM,8000,Runtime unhalted [s],34,4972.7271
ICX,FP32,CUSTOM,8000,Runtime unhalted [s],35,4972.5233
ICX,FP32,CUSTOM,8000,Runtime unhalted [s],36,4977.3599
ICX,FP32,CUSTOM,8000,Runtime unhalted [s],37,4980.8455
ICX,FP32,CUSTOM,8000,Runtime unhalted [s],38,4982.1746
ICX,FP32,CUSTOM,8000,Runtime unhalted [s],39,4977.3235
ICX,FP32,CUSTOM,8000,Runtime unhalted [s],40,4979.1651
ICX,FP32,CUSTOM,8000,Runtime unhalted [s],41,4982.6265
ICX,FP32,CUSTOM,8000,Runtime unhalted [s],42,4977.4608
ICX,FP32,CUSTOM,8000,Runtime unhalted [s],43,4979.3372
ICX,FP32,CUSTOM,8000,Runtime unhalted [s],44,4983.1741
ICX,FP32,CUSTOM,8000,Runtime unhalted [s],45,4976.8751
ICX,FP32,CUSTOM,8000,Runtime unhalted [s],46,4978.3756
ICX,FP32,CUSTOM,8000,Runtime unhalted [s],47,4982.2042
ICX,FP32,CUSTOM,8000,Runtime unhalted [s],48,4969.2297
ICX,FP32,CUSTOM,8000,Runtime unhalted [s],49,4973.2973
ICX,FP32,CUSTOM,8000,Runtime unhalted [s],50,4973.9643
ICX,FP32,CUSTOM,8000,Runtime unhalted [s],51,4967.4
ICX,FP32,CUSTOM,8000,Runtime unhalted [s],52,4973.9113
ICX,FP32,CUSTOM,8000,Runtime unhalted [s],53,4947.0608
ICX,FP32,CUSTOM,8000,Runtime unhalted [s],54,4972.5223
ICX,FP32,CUSTOM,8000,Runtime unhalted [s],55,4976.7451
ICX,FP32,CUSTOM,8000,Runtime unhalted [s],56,4976.6116
ICX,FP32,CUSTOM,8000,Runtime unhalted [s],57,4971.1706
ICX,FP32,CUSTOM,8000,Runtime unhalted [s],58,4976.6701
ICX,FP32,CUSTOM,8000,Runtime unhalted [s],59,4978.0014
ICX,FP32,CUSTOM,8000,Runtime unhalted [s],60,4971.5745
ICX,FP32,CUSTOM,8000,Runtime unhalted [s],61,4975.2423
ICX,FP32,CUSTOM,8000,Runtime unhalted [s],62,4976.013
ICX,FP32,CUSTOM,8000,Runtime unhalted [s],63,4969.7558
ICX,FP32,CUSTOM,8000,Runtime unhalted [s],64,4971.4782
ICX,FP32,CUSTOM,8000,Runtime unhalted [s],65,4970.8678
ICX,FP32,CUSTOM,8000,Runtime unhalted [s],66,4963.7702
ICX,FP32,CUSTOM,8000,Runtime unhalted [s],67,4970.986
ICX,FP32,CUSTOM,8000,Runtime unhalted [s],68,4970.6836
ICX,FP32,CUSTOM,8000,Runtime unhalted [s],69,4966.1653
ICX,FP32,CUSTOM,8000,Runtime unhalted [s],70,4968.2107
ICX,FP32,CUSTOM,8000,Runtime unhalted [s],71,4972.4712
ICX,FP32,CUSTOM,8000,Clock [MHz],0,3078.6931
ICX,FP32,CUSTOM,8000,Clock [MHz],1,3079.4577
ICX,FP32,CUSTOM,8000,Clock [MHz],2,3079.5012
ICX,FP32,CUSTOM,8000,Clock [MHz],3,3079.4792
ICX,FP32,CUSTOM,8000,Clock [MHz],4,3079.5041
ICX,FP32,CUSTOM,8000,Clock [MHz],5,3079.5176
ICX,FP32,CUSTOM,8000,Clock [MHz],6,3079.5002
ICX,FP32,CUSTOM,8000,Clock [MHz],7,3079.5119
ICX,FP32,CUSTOM,8000,Clock [MHz],8,3079.9955
ICX,FP32,CUSTOM,8000,Clock [MHz],9,3079.9794
ICX,FP32,CUSTOM,8000,Clock [MHz],10,3079.9886
ICX,FP32,CUSTOM,8000,Clock [MHz],11,3080.0021
ICX,FP32,CUSTOM,8000,Clock [MHz],12,3079.9718
ICX,FP32,CUSTOM,8000,Clock [MHz],13,3079.9969
ICX,FP32,CUSTOM,8000,Clock [MHz],14,3079.9888
ICX,FP32,CUSTOM,8000,Clock [MHz],15,3079.963
ICX,FP32,CUSTOM,8000,Clock [MHz],16,3079.9937
ICX,FP32,CUSTOM,8000,Clock [MHz],17,3080.0139
ICX,FP32,CUSTOM,8000,Clock [MHz],18,3080.0026
ICX,FP32,CUSTOM,8000,Clock [MHz],19,3080.0281
ICX,FP32,CUSTOM,8000,Clock [MHz],20,3080.0171
ICX,FP32,CUSTOM,8000,Clock [MHz],21,3080.0111
ICX,FP32,CUSTOM,8000,Clock [MHz],22,3080.0348
ICX,FP32,CUSTOM,8000,Clock [MHz],23,3080.0207
ICX,FP32,CUSTOM,8000,Clock [MHz],24,3080.0116
ICX,FP32,CUSTOM,8000,Clock [MHz],25,3080.0322
ICX,FP32,CUSTOM,8000,Clock [MHz],26,3080.0721
ICX,FP32,CUSTOM,8000,Clock [MHz],27,3080.0716
ICX,FP32,CUSTOM,8000,Clock [MHz],28,3080.0699
ICX,FP32,CUSTOM,8000,Clock [MHz],29,3080.0197
ICX,FP32,CUSTOM,8000,Clock [MHz],30,3080.0079
ICX,FP32,CUSTOM,8000,Clock [MHz],31,3080.0176
ICX,FP32,CUSTOM,8000,Clock [MHz],32,3080.0094
ICX,FP32,CUSTOM,8000,Clock [MHz],33,3080.0029
ICX,FP32,CUSTOM,8000,Clock [MHz],34,3080.0155
ICX,FP32,CUSTOM,8000,Clock [MHz],35,3079.7991
ICX,FP32,CUSTOM,8000,Clock [MHz],36,3082.7452
ICX,FP32,CUSTOM,8000,Clock [MHz],37,3082.7692
ICX,FP32,CUSTOM,8000,Clock [MHz],38,3082.7708
ICX,FP32,CUSTOM,8000,Clock [MHz],39,3082.7491
ICX,FP32,CUSTOM,8000,Clock [MHz],40,3082.7487
ICX,FP32,CUSTOM,8000,Clock [MHz],41,3082.7628
ICX,FP32,CUSTOM,8000,Clock [MHz],42,3082.7379
ICX,FP32,CUSTOM,8000,Clock [MHz],43,3082.7273
ICX,FP32,CUSTOM,8000,Clock [MHz],44,3082.9197
ICX,FP32,CUSTOM,8000,Clock [MHz],45,3082.9018
ICX,FP32,CUSTOM,8000,Clock [MHz],46,3082.9198
ICX,FP32,CUSTOM,8000,Clock [MHz],47,3082.933
ICX,FP32,CUSTOM,8000,Clock [MHz],48,3082.8826
ICX,FP32,CUSTOM,8000,Clock [MHz],49,3082.894
ICX,FP32,CUSTOM,8000,Clock [MHz],50,3082.8988
ICX,FP32,CUSTOM,8000,Clock [MHz],51,3082.8781
ICX,FP32,CUSTOM,8000,Clock [MHz],52,3082.8892
ICX,FP32,CUSTOM,8000,Clock [MHz],53,3084.2184
ICX,FP32,CUSTOM,8000,Clock [MHz],54,3082.4287
ICX,FP32,CUSTOM,8000,Clock [MHz],55,3082.5444
ICX,FP32,CUSTOM,8000,Clock [MHz],56,3082.5612
ICX,FP32,CUSTOM,8000,Clock [MHz],57,3082.5623
ICX,FP32,CUSTOM,8000,Clock [MHz],58,3082.5943
ICX,FP32,CUSTOM,8000,Clock [MHz],59,3082.6151
ICX,FP32,CUSTOM,8000,Clock [MHz],60,3082.605
ICX,FP32,CUSTOM,8000,Clock [MHz],61,3082.6126
ICX,FP32,CUSTOM,8000,Clock [MHz],62,3082.888
ICX,FP32,CUSTOM,8000,Clock [MHz],63,3082.8745
ICX,FP32,CUSTOM,8000,Clock [MHz],64,3082.8864
ICX,FP32,CUSTOM,8000,Clock [MHz],65,3082.8814
ICX,FP32,CUSTOM,8000,Clock [MHz],66,3082.8576
ICX,FP32,CUSTOM,8000,Clock [MHz],67,3082.8806
ICX,FP32,CUSTOM,8000,Clock [MHz],68,3082.8793
ICX,FP32,CUSTOM,8000,Clock [MHz],69,3082.8659
ICX,FP32,CUSTOM,8000,Clock [MHz],70,3082.8692
ICX,FP32,CUSTOM,8000,Clock [MHz],71,3082.4244
ICX,FP32,CUSTOM,8000,CPI,0,1.6923
ICX,FP32,CUSTOM,8000,CPI,1,1.6624
ICX,FP32,CUSTOM,8000,CPI,2,1.6575
ICX,FP32,CUSTOM,8000,CPI,3,1.6726
ICX,FP32,CUSTOM,8000,CPI,4,1.6584
ICX,FP32,CUSTOM,8000,CPI,5,1.6593
ICX,FP32,CUSTOM,8000,CPI,6,1.6709
ICX,FP32,CUSTOM,8000,CPI,7,1.6606
ICX,FP32,CUSTOM,8000,CPI,8,1.6951
ICX,FP32,CUSTOM,8000,CPI,9,1.7044
ICX,FP32,CUSTOM,8000,CPI,10,1.6976
ICX,FP32,CUSTOM,8000,CPI,11,1.6935
ICX,FP32,CUSTOM,8000,CPI,12,1.7095
ICX,FP32,CUSTOM,8000,CPI,13,1.6941
ICX,FP32,CUSTOM,8000,CPI,14,1.6984
ICX,FP32,CUSTOM,8000,CPI,15,1.707
ICX,FP32,CUSTOM,8000,CPI,16,1.6946
ICX,FP32,CUSTOM,8000,CPI,17,1.6983
ICX,FP32,CUSTOM,8000,CPI,18,1.7012
ICX,FP32,CUSTOM,8000,CPI,19,1.6918
ICX,FP32,CUSTOM,8000,CPI,20,1.6989
ICX,FP32,CUSTOM,8000,CPI,21,1.7025
ICX,FP32,CUSTOM,8000,CPI,22,1.6935
ICX,FP32,CUSTOM,8000,CPI,23,1.7002
ICX,FP32,CUSTOM,8000,CPI,24,1.7008
ICX,FP32,CUSTOM,8000,CPI,25,1.6963
ICX,FP32,CUSTOM,8000,CPI,26,1.7008
ICX,FP32,CUSTOM,8000,CPI,27,1.6989
ICX,FP32,CUSTOM,8000,CPI,28,1.6961
ICX,FP32,CUSTOM,8000,CPI,29,1.6963
ICX,FP32,CUSTOM,8000,CPI,30,1.7001
ICX,FP32,CUSTOM,8000,CPI,31,1.6957
ICX,FP32,CUSTOM,8000,CPI,32,1.699
ICX,FP32,CUSTOM,8000,CPI,33,1.7009
ICX,FP32,CUSTOM,8000,CPI,34,1.6949
ICX,FP32,CUSTOM,8000,CPI,35,1.6936
ICX,FP32,CUSTOM,8000,CPI,36,1.7032
ICX,FP32,CUSTOM,8000,CPI,37,1.6981
ICX,FP32,CUSTOM,8000,CPI,38,1.6915
ICX,FP32,CUSTOM,8000,CPI,39,1.7015
ICX,FP32,CUSTOM,8000,CPI,40,1.6963
ICX,FP32,CUSTOM,8000,CPI,41,1.6901
ICX,FP32,CUSTOM,8000,CPI,42,1.7008
ICX,FP32,CUSTOM,8000,CPI,43,1.6972
ICX,FP32,CUSTOM,8000,CPI,44,1.6955
ICX,FP32,CUSTOM,8000,CPI,45,1.7015
ICX,FP32,CUSTOM,8000,CPI,46,1.7023
ICX,FP32,CUSTOM,8000,CPI,47,1.6949
ICX,FP32,CUSTOM,8000,CPI,48,1.7061
ICX,FP32,CUSTOM,8000,CPI,49,1.696
ICX,FP32,CUSTOM,8000,CPI,50,1.696
ICX,FP32,CUSTOM,8000,CPI,51,1.7054
ICX,FP32,CUSTOM,8000,CPI,52,1.6969
ICX,FP32,CUSTOM,8000,CPI,53,1.71
ICX,FP32,CUSTOM,8000,CPI,54,1.674
ICX,FP32,CUSTOM,8000,CPI,55,1.6586
ICX,FP32,CUSTOM,8000,CPI,56,1.6602
ICX,FP32,CUSTOM,8000,CPI,57,1.6716
ICX,FP32,CUSTOM,8000,CPI,58,1.656
ICX,FP32,CUSTOM,8000,CPI,59,1.6596
ICX,FP32,CUSTOM,8000,CPI,60,1.6656
ICX,FP32,CUSTOM,8000,CPI,61,1.6599
ICX,FP32,CUSTOM,8000,CPI,62,1.696
ICX,FP32,CUSTOM,8000,CPI,63,1.7021
ICX,FP32,CUSTOM,8000,CPI,64,1.6967
ICX,FP32,CUSTOM,8000,CPI,65,1.6957
ICX,FP32,CUSTOM,8000,CPI,66,1.7059
ICX,FP32,CUSTOM,8000,CPI,67,1.6944
ICX,FP32,CUSTOM,8000,CPI,68,1.6972
ICX,FP32,CUSTOM,8000,CPI,69,1.7015
ICX,FP32,CUSTOM,8000,CPI,70,1.6969
ICX,FP32,CUSTOM,8000,CPI,71,1.6568
ICX,FP32,CUSTOM,8000,SP [MFLOP/s],0,2384.8895
ICX,FP32,CUSTOM,8000,SP [MFLOP/s],1,2125.3975
ICX,FP32,CUSTOM,8000,SP [MFLOP/s],2,2127.6215
ICX,FP32,CUSTOM,8000,SP [MFLOP/s],3,2113.8368
ICX,FP32,CUSTOM,8000,SP [MFLOP/s],4,2126.6375
ICX,FP32,CUSTOM,8000,SP [MFLOP/s],5,2125.8995
ICX,FP32,CUSTOM,8000,SP [MFLOP/s],6,2118.5942
ICX,FP32,CUSTOM,8000,SP [MFLOP/s],7,2119.9212
ICX,FP32,CUSTOM,8000,SP [MFLOP/s],8,2129.5449
ICX,FP32,CUSTOM,8000,SP [MFLOP/s],9,2121.7705
ICX,FP32,CUSTOM,8000,SP [MFLOP/s],10,2125.7001
ICX,FP32,CUSTOM,8000,SP [MFLOP/s],11,2121.7648
ICX,FP32,CUSTOM,8000,SP [MFLOP/s],12,2119.2276
ICX,FP32,CUSTOM,8000,SP [MFLOP/s],13,2126.1273
ICX,FP32,CUSTOM,8000,SP [MFLOP/s],14,2124.6649
ICX,FP32,CUSTOM,8000,SP [MFLOP/s],15,2114.0179
ICX,FP32,CUSTOM,8000,SP [MFLOP/s],16,2124.614
ICX,FP32,CUSTOM,8000,SP [MFLOP/s],17,2129.3566
ICX,FP32,CUSTOM,8000,SP [MFLOP/s],18,2123.8179
ICX,FP32,CUSTOM,8000,SP [MFLOP/s],19,2125.181
ICX,FP32,CUSTOM,8000,SP [MFLOP/s],20,2122.66
ICX,FP32,CUSTOM,8000,SP [MFLOP/s],21,2121.0697
ICX,FP32,CUSTOM,8000,SP [MFLOP/s],22,2126.598
ICX,FP32,CUSTOM,8000,SP [MFLOP/s],23,2117.0806
ICX,FP32,CUSTOM,8000,SP [MFLOP/s],24,2121.3864
ICX,FP32,CUSTOM,8000,SP [MFLOP/s],25,2122.1555
ICX,FP32,CUSTOM,8000,SP [MFLOP/s],26,2126.1554
ICX,FP32,CUSTOM,8000,SP [MFLOP/s],27,2120.8211
ICX,FP32,CUSTOM,8000,SP [MFLOP/s],28,2125.8521
ICX,FP32,CUSTOM,8000,SP [MFLOP/s],29,2122.5623
ICX,FP32,CUSTOM,8000,SP [MFLOP/s],30,2120.5711
ICX,FP32,CUSTOM,8000,SP [MFLOP/s],31,2118.9437
ICX,FP32,CUSTOM,8000,SP [MFLOP/s],32,2121.2992
ICX,FP32,CUSTOM,8000,SP [MFLOP/s],33,2119.5317
ICX,FP32,CUSTOM,8000,SP [MFLOP/s],34,2121.7953
ICX,FP32,CUSTOM,8000,SP [MFLOP/s],35,2121.6582
ICX,FP32,CUSTOM,8000,SP [MFLOP/s],36,2104.9865
ICX,FP32,CUSTOM,8000,SP [MFLOP/s],37,2107.0062
ICX,FP32,CUSTOM,8000,SP [MFLOP/s],38,2108.6407
ICX,FP32,CUSTOM,8000,SP [MFLOP/s],39,2098.798
ICX,FP32,CUSTOM,8000,SP [MFLOP/s],40,2105.2735
ICX,FP32,CUSTOM,8000,SP [MFLOP/s],41,2108.4601
ICX,FP32,CUSTOM,8000,SP [MFLOP/s],42,2103.533
ICX,FP32,CUSTOM,8000,SP [MFLOP/s],43,2099.4937
ICX,FP32,CUSTOM,8000,SP [MFLOP/s],44,2112.77
ICX,FP32,CUSTOM,8000,SP [MFLOP/s],45,2106.4627
ICX,FP32,CUSTOM,8000,SP [MFLOP/s],46,2106.451
ICX,FP32,CUSTOM,8000,SP [MFLOP/s],47,2104.3194
ICX,FP32,CUSTOM,8000,SP [MFLOP/s],48,2102.4396
ICX,FP32,CUSTOM,8000,SP [MFLOP/s],49,2106.9965
ICX,FP32,CUSTOM,8000,SP [MFLOP/s],50,2107.1909
ICX,FP32,CUSTOM,8000,SP [MFLOP/s],51,2097.1238
ICX,FP32,CUSTOM,8000,SP [MFLOP/s],52,2106.0646
ICX,FP32,CUSTOM,8000,SP [MFLOP/s],53,1845.3861
ICX,FP32,CUSTOM,8000,SP [MFLOP/s],54,2105.2668
ICX,FP32,CUSTOM,8000,SP [MFLOP/s],55,2105.7677
ICX,FP32,CUSTOM,8000,SP [MFLOP/s],56,2107.9363
ICX,FP32,CUSTOM,8000,SP [MFLOP/s],57,2101.717
ICX,FP32,CUSTOM,8000,SP [MFLOP/s],58,2108.9865
ICX,FP32,CUSTOM,8000,SP [MFLOP/s],59,2102.2003
ICX,FP32,CUSTOM,8000,SP [MFLOP/s],60,2101.56
ICX,FP32,CUSTOM,8000,SP [MFLOP/s],61,2104.4866
ICX,FP32,CUSTOM,8000,SP [MFLOP/s],62,2111.6
ICX,FP32,CUSTOM,8000,SP [MFLOP/s],63,2100.8242
ICX,FP32,CUSTOM,8000,SP [MFLOP/s],64,2107.5804
ICX,FP32,CUSTOM,8000,SP [MFLOP/s],65,2106.3216
ICX,FP32,CUSTOM,8000,SP [MFLOP/s],66,2100.5816
ICX,FP32,CUSTOM,8000,SP [MFLOP/s],67,2102.7714
ICX,FP32,CUSTOM,8000,SP [MFLOP/s],68,2102.4806
ICX,FP32,CUSTOM,8000,SP [MFLOP/s],69,2099.0113
ICX,FP32,CUSTOM,8000,SP [MFLOP/s],70,2100.2242
ICX,FP32,CUSTOM,8000,SP [MFLOP/s],71,2104.1351
ICX,FP32,CUSTOM,8000,AVX512 SP [MFLOP/s],0,804.9207
ICX,FP32,CUSTOM,8000,AVX512 SP [MFLOP/s],1,536.9892
ICX,FP32,CUSTOM,8000,AVX512 SP [MFLOP/s],2,535.9981
ICX,FP32,CUSTOM,8000,AVX512 SP [MFLOP/s],3,531.8138
ICX,FP32,CUSTOM,8000,AVX512 SP [MFLOP/s],4,536.3827
ICX,FP32,CUSTOM,8000,AVX512 SP [MFLOP/s],5,535.9641
ICX,FP32,CUSTOM,8000,AVX512 SP [MFLOP/s],6,535.8834
ICX,FP32,CUSTOM,8000,AVX512 SP [MFLOP/s],7,530.0373
ICX,FP32,CUSTOM,8000,AVX512 SP [MFLOP/s],8,539.395
ICX,FP32,CUSTOM,8000,AVX512 SP [MFLOP/s],9,539.5197
ICX,FP32,CUSTOM,8000,AVX512 SP [MFLOP/s],10,537.1442
ICX,FP32,CUSTOM,8000,AVX512 SP [MFLOP/s],11,531.229
ICX,FP32,CUSTOM,8000,AVX512 SP [MFLOP/s],12,535.8913
ICX,FP32,CUSTOM,8000,AVX512 SP [MFLOP/s],13,535.4402
ICX,FP32,CUSTOM,8000,AVX512 SP [MFLOP/s],14,535.2083
ICX,FP32,CUSTOM,8000,AVX512 SP [MFLOP/s],15,531.1747
ICX,FP32,CUSTOM,8000,AVX512 SP [MFLOP/s],16,534.1839
ICX,FP32,CUSTOM,8000,AVX512 SP [MFLOP/s],17,540.0983
ICX,FP32,CUSTOM,8000,AVX512 SP [MFLOP/s],18,540.2495
ICX,FP32,CUSTOM,8000,AVX512 SP [MFLOP/s],19,533.8473
ICX,FP32,CUSTOM,8000,AVX512 SP [MFLOP/s],20,536.4134
ICX,FP32,CUSTOM,8000,AVX512 SP [MFLOP/s],21,536.2229
ICX,FP32,CUSTOM,8000,AVX512 SP [MFLOP/s],22,535.998
ICX,FP32,CUSTOM,8000,AVX512 SP [MFLOP/s],23,530.5648
ICX,FP32,CUSTOM,8000,AVX512 SP [MFLOP/s],24,535.2156
ICX,FP32,CUSTOM,8000,AVX512 SP [MFLOP/s],25,533.4079
ICX,FP32,CUSTOM,8000,AVX512 SP [MFLOP/s],26,539.2558
ICX,FP32,CUSTOM,8000,AVX512 SP [MFLOP/s],27,535.1649
ICX,FP32,CUSTOM,8000,AVX512 SP [MFLOP/s],28,537.1161
ICX,FP32,CUSTOM,8000,AVX512 SP [MFLOP/s],29,536.118
ICX,FP32,CUSTOM,8000,AVX512 SP [MFLOP/s],30,535.9461
ICX,FP32,CUSTOM,8000,AVX512 SP [MFLOP/s],31,531.7187
ICX,FP32,CUSTOM,8000,AVX512 SP [MFLOP/s],32,535.2713
ICX,FP32,CUSTOM,8000,AVX512 SP [MFLOP/s],33,535.1963
ICX,FP32,CUSTOM,8000,AVX512 SP [MFLOP/s],34,533.3898
ICX,FP32,CUSTOM,8000,AVX512 SP [MFLOP/s],35,534.3591
ICX,FP32,CUSTOM,8000,AVX512 SP [MFLOP/s],36,523.2634
ICX,FP32,CUSTOM,8000,AVX512 SP [MFLOP/s],37,520.8955
ICX,FP32,CUSTOM,8000,AVX512 SP [MFLOP/s],38,519.9173
ICX,FP32,CUSTOM,8000,AVX512 SP [MFLOP/s],39,515.2737
ICX,FP32,CUSTOM,8000,AVX512 SP [MFLOP/s],40,520.1776
ICX,FP32,CUSTOM,8000,AVX512 SP [MFLOP/s],41,519.4593
ICX,FP32,CUSTOM,8000,AVX512 SP [MFLOP/s],42,519.6362
ICX,FP32,CUSTOM,8000,AVX512 SP [MFLOP/s],43,513.4091
ICX,FP32,CUSTOM,8000,AVX512 SP [MFLOP/s],44,523.3471
ICX,FP32,CUSTOM,8000,AVX512 SP [MFLOP/s],45,523.4966
ICX,FP32,CUSTOM,8000,AVX512 SP [MFLOP/s],46,521.1287
ICX,FP32,CUSTOM,8000,AVX512 SP [MFLOP/s],47,514.7809
ICX,FP32,CUSTOM,8000,AVX512 SP [MFLOP/s],48,520.3085
ICX,FP32,CUSTOM,8000,AVX512 SP [MFLOP/s],49,520.0637
ICX,FP32,CUSTOM,8000,AVX512 SP [MFLOP/s],50,519.6146
ICX,FP32,CUSTOM,8000,AVX512 SP [MFLOP/s],51,515.15
ICX,FP32,CUSTOM,8000,AVX512 SP [MFLOP/s],52,518.124
ICX,FP32,CUSTOM,8000,AVX512 SP [MFLOP/s],53,258.7205
ICX,FP32,CUSTOM,8000,AVX512 SP [MFLOP/s],54,524.577
ICX,FP32,CUSTOM,8000,AVX512 SP [MFLOP/s],55,517.4805
ICX,FP32,CUSTOM,8000,AVX512 SP [MFLOP/s],56,520.8423
ICX,FP32,CUSTOM,8000,AVX512 SP [MFLOP/s],57,520.6505
ICX,FP32,CUSTOM,8000,AVX512 SP [MFLOP/s],58,520.3961
ICX,FP32,CUSTOM,8000,AVX512 SP [MFLOP/s],59,514.5482
ICX,FP32,CUSTOM,8000,AVX512 SP [MFLOP/s],60,519.5211
ICX,FP32,CUSTOM,8000,AVX512 SP [MFLOP/s],61,517.7159
ICX,FP32,CUSTOM,8000,AVX512 SP [MFLOP/s],62,523.6285
ICX,FP32,CUSTOM,8000,AVX512 SP [MFLOP/s],63,519.3624
ICX,FP32,CUSTOM,8000,AVX512 SP [MFLOP/s],64,520.5511
ICX,FP32,CUSTOM,8000,AVX512 SP [MFLOP/s],65,519.6253
ICX,FP32,CUSTOM,8000,AVX512 SP [MFLOP/s],66,519.4228
ICX,FP32,CUSTOM,8000,AVX512 SP [MFLOP/s],67,514.8416
ICX,FP32,CUSTOM,8000,AVX512 SP [MFLOP/s],68,516.4421
ICX,FP32,CUSTOM,8000,AVX512 SP [MFLOP/s],69,516.1065
ICX,FP32,CUSTOM,8000,AVX512 SP [MFLOP/s],70,514.0229
ICX,FP32,CUSTOM,8000,AVX512 SP [MFLOP/s],71,514.6269
ICX,FP32,CUSTOM,8000,DP [MFLOP/s],0,0.0022
ICX,FP32,CUSTOM,8000,DP [MFLOP/s],1,0.0022
ICX,FP32,CUSTOM,8000,DP [MFLOP/s],2,0.0022
ICX,FP32,CUSTOM,8000,DP [MFLOP/s],3,0.0022
ICX,FP32,CUSTOM,8000,DP [MFLOP/s],4,0.0022
ICX,FP32,CUSTOM,8000,DP [MFLOP/s],5,0.0022
ICX,FP32,CUSTOM,8000,DP [MFLOP/s],6,0.0022
ICX,FP32,CUSTOM,8000,DP [MFLOP/s],7,0.0022
ICX,FP32,CUSTOM,8000,DP [MFLOP/s],8,0.0022
ICX,FP32,CUSTOM,8000,DP [MFLOP/s],9,0.0022
ICX,FP32,CUSTOM,8000,DP [MFLOP/s],10,0.0022
ICX,FP32,CUSTOM,8000,DP [MFLOP/s],11,0.0022
ICX,FP32,CUSTOM,8000,DP [MFLOP/s],12,0.0022
ICX,FP32,CUSTOM,8000,DP [MFLOP/s],13,0.0022
ICX,FP32,CUSTOM,8000,DP [MFLOP/s],14,0.0022
ICX,FP32,CUSTOM,8000,DP [MFLOP/s],15,0.0022
ICX,FP32,CUSTOM,8000,DP [MFLOP/s],16,0.0022
ICX,FP32,CUSTOM,8000,DP [MFLOP/s],17,0.0022
ICX,FP32,CUSTOM,8000,DP [MFLOP/s],18,0.0022
ICX,FP32,CUSTOM,8000,DP [MFLOP/s],19,0.0022
ICX,FP32,CUSTOM,8000,DP [MFLOP/s],20,0.0022
ICX,FP32,CUSTOM,8000,DP [MFLOP/s],21,0.0022
ICX,FP32,CUSTOM,8000,DP [MFLOP/s],22,0.0022
ICX,FP32,CUSTOM,8000,DP [MFLOP/s],23,0.0022
ICX,FP32,CUSTOM,8000,DP [MFLOP/s],24,0.0022
ICX,FP32,CUSTOM,8000,DP [MFLOP/s],25,0.0022
ICX,FP32,CUSTOM,8000,DP [MFLOP/s],26,0.0022
ICX,FP32,CUSTOM,8000,DP [MFLOP/s],27,0.0022
ICX,FP32,CUSTOM,8000,DP [MFLOP/s],28,0.0022
ICX,FP32,CUSTOM,8000,DP [MFLOP/s],29,0.0022
ICX,FP32,CUSTOM,8000,DP [MFLOP/s],30,0.0022
ICX,FP32,CUSTOM,8000,DP [MFLOP/s],31,0.0022
ICX,FP32,CUSTOM,8000,DP [MFLOP/s],32,0.0022
ICX,FP32,CUSTOM,8000,DP [MFLOP/s],33,0.0022
ICX,FP32,CUSTOM,8000,DP [MFLOP/s],34,0.0022
ICX,FP32,CUSTOM,8000,DP [MFLOP/s],35,0.0022
ICX,FP32,CUSTOM,8000,DP [MFLOP/s],36,0.0022
ICX,FP32,CUSTOM,8000,DP [MFLOP/s],37,0.0022
ICX,FP32,CUSTOM,8000,DP [MFLOP/s],38,0.0022
ICX,FP32,CUSTOM,8000,DP [MFLOP/s],39,0.0022
ICX,FP32,CUSTOM,8000,DP [MFLOP/s],40,0.0022
ICX,FP32,CUSTOM,8000,DP [MFLOP/s],41,0.0022
ICX,FP32,CUSTOM,8000,DP [MFLOP/s],42,0.0022
ICX,FP32,CUSTOM,8000,DP [MFLOP/s],43,0.0022
ICX,FP32,CUSTOM,8000,DP [MFLOP/s],44,0.0022
ICX,FP32,CUSTOM,8000,DP [MFLOP/s],45,0.0022
ICX,FP32,CUSTOM,8000,DP [MFLOP/s],46,0.0022
ICX,FP32,CUSTOM,8000,DP [MFLOP/s],47,0.0022
ICX,FP32,CUSTOM,8000,DP [MFLOP/s],48,0.0022
ICX,FP32,CUSTOM,8000,DP [MFLOP/s],49,0.0022
ICX,FP32,CUSTOM,8000,DP [MFLOP/s],50,0.0022
ICX,FP32,CUSTOM,8000,DP [MFLOP/s],51,0.0022
ICX,FP32,CUSTOM,8000,DP [MFLOP/s],52,0.0022
ICX,FP32,CUSTOM,8000,DP [MFLOP/s],53,0.0022
ICX,FP32,CUSTOM,8000,DP [MFLOP/s],54,0.0022
ICX,FP32,CUSTOM,8000,DP [MFLOP/s],55,0.0022
ICX,FP32,CUSTOM,8000,DP [MFLOP/s],56,0.0022
ICX,FP32,CUSTOM,8000,DP [MFLOP/s],57,0.0022
ICX,FP32,CUSTOM,8000,DP [MFLOP/s],58,0.0022
ICX,FP32,CUSTOM,8000,DP [MFLOP/s],59,0.0022
ICX,FP32,CUSTOM,8000,DP [MFLOP/s],60,0.0022
ICX,FP32,CUSTOM,8000,DP [MFLOP/s],61,0.0022
ICX,FP32,CUSTOM,8000,DP [MFLOP/s],62,0.0022
ICX,FP32,CUSTOM,8000,DP [MFLOP/s],63,0.0022
ICX,FP32,CUSTOM,8000,DP [MFLOP/s],64,0.0022
ICX,FP32,CUSTOM,8000,DP [MFLOP/s],65,0.0022
ICX,FP32,CUSTOM,8000,DP [MFLOP/s],66,0.0022
ICX,FP32,CUSTOM,8000,DP [MFLOP/s],67,0.0022
ICX,FP32,CUSTOM,8000,DP [MFLOP/s],68,0.0022
ICX,FP32,CUSTOM,8000,DP [MFLOP/s],69,0.0022
ICX,FP32,CUSTOM,8000,DP [MFLOP/s],70,0.0022
ICX,FP32,CUSTOM,8000,DP [MFLOP/s],71,0.0022
ICX,FP32,CUSTOM,8000,AVX512 DP [MFLOP/s],0,0.0
ICX,FP32,CUSTOM,8000,AVX512 DP [MFLOP/s],1,0.0
ICX,FP32,CUSTOM,8000,AVX512 DP [MFLOP/s],2,0.0
ICX,FP32,CUSTOM,8000,AVX512 DP [MFLOP/s],3,0.0
ICX,FP32,CUSTOM,8000,AVX512 DP [MFLOP/s],4,0.0
ICX,FP32,CUSTOM,8000,AVX512 DP [MFLOP/s],5,0.0
ICX,FP32,CUSTOM,8000,AVX512 DP [MFLOP/s],6,0.0
ICX,FP32,CUSTOM,8000,AVX512 DP [MFLOP/s],7,0.0
ICX,FP32,CUSTOM,8000,AVX512 DP [MFLOP/s],8,0.0
ICX,FP32,CUSTOM,8000,AVX512 DP [MFLOP/s],9,0.0
ICX,FP32,CUSTOM,8000,AVX512 DP [MFLOP/s],10,0.0
ICX,FP32,CUSTOM,8000,AVX512 DP [MFLOP/s],11,0.0
ICX,FP32,CUSTOM,8000,AVX512 DP [MFLOP/s],12,0.0
ICX,FP32,CUSTOM,8000,AVX512 DP [MFLOP/s],13,0.0
ICX,FP32,CUSTOM,8000,AVX512 DP [MFLOP/s],14,0.0
ICX,FP32,CUSTOM,8000,AVX512 DP [MFLOP/s],15,0.0
ICX,FP32,CUSTOM,8000,AVX512 DP [MFLOP/s],16,0.0
ICX,FP32,CUSTOM,8000,AVX512 DP [MFLOP/s],17,0.0
ICX,FP32,CUSTOM,8000,AVX512 DP [MFLOP/s],18,0.0
ICX,FP32,CUSTOM,8000,AVX512 DP [MFLOP/s],19,0.0
ICX,FP32,CUSTOM,8000,AVX512 DP [MFLOP/s],20,0.0
ICX,FP32,CUSTOM,8000,AVX512 DP [MFLOP/s],21,0.0
ICX,FP32,CUSTOM,8000,AVX512 DP [MFLOP/s],22,0.0
ICX,FP32,CUSTOM,8000,AVX512 DP [MFLOP/s],23,0.0
ICX,FP32,CUSTOM,8000,AVX512 DP [MFLOP/s],24,0.0
ICX,FP32,CUSTOM,8000,AVX512 DP [MFLOP/s],25,0.0
ICX,FP32,CUSTOM,8000,AVX512 DP [MFLOP/s],26,0.0
ICX,FP32,CUSTOM,8000,AVX512 DP [MFLOP/s],27,0.0
ICX,FP32,CUSTOM,8000,AVX512 DP [MFLOP/s],28,0.0
ICX,FP32,CUSTOM,8000,AVX512 DP [MFLOP/s],29,0.0
ICX,FP32,CUSTOM,8000,AVX512 DP [MFLOP/s],30,0.0
ICX,FP32,CUSTOM,8000,AVX512 DP [MFLOP/s],31,0.0
ICX,FP32,CUSTOM,8000,AVX512 DP [MFLOP/s],32,0.0
ICX,FP32,CUSTOM,8000,AVX512 DP [MFLOP/s],33,0.0
ICX,FP32,CUSTOM,8000,AVX512 DP [MFLOP/s],34,0.0
ICX,FP32,CUSTOM,8000,AVX512 DP [MFLOP/s],35,0.0
ICX,FP32,CUSTOM,8000,AVX512 DP [MFLOP/s],36,0.0
ICX,FP32,CUSTOM,8000,AVX512 DP [MFLOP/s],37,0.0
ICX,FP32,CUSTOM,8000,AVX512 DP [MFLOP/s],38,0.0
ICX,FP32,CUSTOM,8000,AVX512 DP [MFLOP/s],39,0.0
ICX,FP32,CUSTOM,8000,AVX512 DP [MFLOP/s],40,0.0
ICX,FP32,CUSTOM,8000,AVX512 DP [MFLOP/s],41,0.0
ICX,FP32,CUSTOM,8000,AVX512 DP [MFLOP/s],42,0.0
ICX,FP32,CUSTOM,8000,AVX512 DP [MFLOP/s],43,0.0
ICX,FP32,CUSTOM,8000,AVX512 DP [MFLOP/s],44,0.0
ICX,FP32,CUSTOM,8000,AVX512 DP [MFLOP/s],45,0.0
ICX,FP32,CUSTOM,8000,AVX512 DP [MFLOP/s],46,0.0
ICX,FP32,CUSTOM,8000,AVX512 DP [MFLOP/s],47,0.0
ICX,FP32,CUSTOM,8000,AVX512 DP [MFLOP/s],48,0.0
ICX,FP32,CUSTOM,8000,AVX512 DP [MFLOP/s],49,0.0
ICX,FP32,CUSTOM,8000,AVX512 DP [MFLOP/s],50,0.0
ICX,FP32,CUSTOM,8000,AVX512 DP [MFLOP/s],51,0.0
ICX,FP32,CUSTOM,8000,AVX512 DP [MFLOP/s],52,0.0
ICX,FP32,CUSTOM,8000,AVX512 DP [MFLOP/s],53,0.0
ICX,FP32,CUSTOM,8000,AVX512 DP [MFLOP/s],54,0.0
ICX,FP32,CUSTOM,8000,AVX512 DP [MFLOP/s],55,0.0
ICX,FP32,CUSTOM,8000,AVX512 DP [MFLOP/s],56,0.0
ICX,FP32,CUSTOM,8000,AVX512 DP [MFLOP/s],57,0.0
ICX,FP32,CUSTOM,8000,AVX512 DP [MFLOP/s],58,0.0
ICX,FP32,CUSTOM,8000,AVX512 DP [MFLOP/s],59,0.0
ICX,FP32,CUSTOM,8000,AVX512 DP [MFLOP/s],60,0.0
ICX,FP32,CUSTOM,8000,AVX512 DP [MFLOP/s],61,0.0
ICX,FP32,CUSTOM,8000,AVX512 DP [MFLOP/s],62,0.0
ICX,FP32,CUSTOM,8000,AVX512 DP [MFLOP/s],63,0.0
ICX,FP32,CUSTOM,8000,AVX512 DP [MFLOP/s],64,0.0
ICX,FP32,CUSTOM,8000,AVX512 DP [MFLOP/s],65,0.0
ICX,FP32,CUSTOM,8000,AVX512 DP [MFLOP/s],66,0.0
ICX,FP32,CUSTOM,8000,AVX512 DP [MFLOP/s],67,0.0
ICX,FP32,CUSTOM,8000,AVX512 DP [MFLOP/s],68,0.0
ICX,FP32,CUSTOM,8000,AVX512 DP [MFLOP/s],69,0.0
ICX,FP32,CUSTOM,8000,AVX512 DP [MFLOP/s],70,0.0
ICX,FP32,CUSTOM,8000,AVX512 DP [MFLOP/s],71,0.0
ICX,FP32,CUSTOM,8000,Energy [J],0,949133.0982
ICX,FP32,CUSTOM,8000,Energy [J],1,0.0
ICX,FP32,CUSTOM,8000,Energy [J],2,0.0
ICX,FP32,CUSTOM,8000,Energy [J],3,0.0
ICX,FP32,CUSTOM,8000,Energy [J],4,0.0
ICX,FP32,CUSTOM,8000,Energy [J],5,0.0
ICX,FP32,CUSTOM,8000,Energy [J],6,0.0
ICX,FP32,CUSTOM,8000,Energy [J],7,0.0
ICX,FP32,CUSTOM,8000,Energy [J],8,0.0
ICX,FP32,CUSTOM,8000,Energy [J],9,0.0
ICX,FP32,CUSTOM,8000,Energy [J],10,0.0
ICX,FP32,CUSTOM,8000,Energy [J],11,0.0
ICX,FP32,CUSTOM,8000,Energy [J],12,0.0
ICX,FP32,CUSTOM,8000,Energy [J],13,0.0
ICX,FP32,CUSTOM,8000,Energy [J],14,0.0
ICX,FP32,CUSTOM,8000,Energy [J],15,0.0
ICX,FP32,CUSTOM,8000,Energy [J],16,0.0
ICX,FP32,CUSTOM,8000,Energy [J],17,0.0
ICX,FP32,CUSTOM,8000,Energy [J],18,0.0
ICX,FP32,CUSTOM,8000,Energy [J],19,0.0
ICX,FP32,CUSTOM,8000,Energy [J],20,0.0
ICX,FP32,CUSTOM,8000,Energy [J],21,0.0
ICX,FP32,CUSTOM,8000,Energy [J],22,0.0
ICX,FP32,CUSTOM,8000,Energy [J],23,0.0
ICX,FP32,CUSTOM,8000,Energy [J],24,0.0
ICX,FP32,CUSTOM,8000,Energy [J],25,0.0
ICX,FP32,CUSTOM,8000,Energy [J],26,0.0
ICX,FP32,CUSTOM,8000,Energy [J],27,0.0
ICX,FP32,CUSTOM,8000,Energy [J],28,0.0
ICX,FP32,CUSTOM,8000,Energy [J],29,0.0
ICX,FP32,CUSTOM,8000,Energy [J],30,0.0
ICX,FP32,CUSTOM,8000,Energy [J],31,0.0
ICX,FP32,CUSTOM,8000,Energy [J],32,0.0
ICX,FP32,CUSTOM,8000,Energy [J],33,0.0
ICX,FP32,CUSTOM,8000,Energy [J],34,0.0
ICX,FP32,CUSTOM,8000,Energy [J],35,0.0
ICX,FP32,CUSTOM,8000,Energy [J],36,938873.5533
ICX,FP32,CUSTOM,8000,Energy [J],37,0.0
ICX,FP32,CUSTOM,8000,Energy [J],38,0.0
ICX,FP32,CUSTOM,8000,Energy [J],39,0.0
ICX,FP32,CUSTOM,8000,Energy [J],40,0.0
ICX,FP32,CUSTOM,8000,Energy [J],41,0.0
ICX,FP32,CUSTOM,8000,Energy [J],42,0.0
ICX,FP32,CUSTOM,8000,Energy [J],43,0.0
ICX,FP32,CUSTOM,8000,Energy [J],44,0.0
ICX,FP32,CUSTOM,8000,Energy [J],45,0.0
ICX,FP32,CUSTOM,8000,Energy [J],46,0.0
ICX,FP32,CUSTOM,8000,Energy [J],47,0.0
ICX,FP32,CUSTOM,8000,Energy [J],48,0.0
ICX,FP32,CUSTOM,8000,Energy [J],49,0.0
ICX,FP32,CUSTOM,8000,Energy [J],50,0.0
ICX,FP32,CUSTOM,8000,Energy [J],51,0.0
ICX,FP32,CUSTOM,8000,Energy [J],52,0.0
ICX,FP32,CUSTOM,8000,Energy [J],53,0.0
ICX,FP32,CUSTOM,8000,Energy [J],54,0.0
ICX,FP32,CUSTOM,8000,Energy [J],55,0.0
ICX,FP32,CUSTOM,8000,Energy [J],56,0.0
ICX,FP32,CUSTOM,8000,Energy [J],57,0.0
ICX,FP32,CUSTOM,8000,Energy [J],58,0.0
ICX,FP32,CUSTOM,8000,Energy [J],59,0.0
ICX,FP32,CUSTOM,8000,Energy [J],60,0.0
ICX,FP32,CUSTOM,8000,Energy [J],61,0.0
ICX,FP32,CUSTOM,8000,Energy [J],62,0.0
ICX,FP32,CUSTOM,8000,Energy [J],63,0.0
ICX,FP32,CUSTOM,8000,Energy [J],64,0.0
ICX,FP32,CUSTOM,8000,Energy [J],65,0.0
ICX,FP32,CUSTOM,8000,Energy [J],66,0.0
ICX,FP32,CUSTOM,8000,Energy [J],67,0.0
ICX,FP32,CUSTOM,8000,Energy [J],68,0.0
ICX,FP32,CUSTOM,8000,Energy [J],69,0.0
ICX,FP32,CUSTOM,8000,Energy [J],70,0.0
ICX,FP32,CUSTOM,8000,Energy [J],71,0.0
ICX,FP32,CUSTOM,8000,Power [W],0,242.1378
ICX,FP32,CUSTOM,8000,Power [W],1,0.0
ICX,FP32,CUSTOM,8000,Power [W],2,0.0
ICX,FP32,CUSTOM,8000,Power [W],3,0.0
ICX,FP32,CUSTOM,8000,Power [W],4,0.0
ICX,FP32,CUSTOM,8000,Power [W],5,0.0
ICX,FP32,CUSTOM,8000,Power [W],6,0.0
ICX,FP32,CUSTOM,8000,Power [W],7,0.0
ICX,FP32,CUSTOM,8000,Power [W],8,0.0
ICX,FP32,CUSTOM,8000,Power [W],9,0.0
ICX,FP32,CUSTOM,8000,Power [W],10,0.0
ICX,FP32,CUSTOM,8000,Power [W],11,0.0
ICX,FP32,CUSTOM,8000,Power [W],12,0.0
ICX,FP32,CUSTOM,8000,Power [W],13,0.0
ICX,FP32,CUSTOM,8000,Power [W],14,0.0
ICX,FP32,CUSTOM,8000,Power [W],15,0.0
ICX,FP32,CUSTOM,8000,Power [W],16,0.0
ICX,FP32,CUSTOM,8000,Power [W],17,0.0
ICX,FP32,CUSTOM,8000,Power [W],18,0.0
ICX,FP32,CUSTOM,8000,Power [W],19,0.0
ICX,FP32,CUSTOM,8000,Power [W],20,0.0
ICX,FP32,CUSTOM,8000,Power [W],21,0.0
ICX,FP32,CUSTOM,8000,Power [W],22,0.0
ICX,FP32,CUSTOM,8000,Power [W],23,0.0
ICX,FP32,CUSTOM,8000,Power [W],24,0.0
ICX,FP32,CUSTOM,8000,Power [W],25,0.0
ICX,FP32,CUSTOM,8000,Power [W],26,0.0
ICX,FP32,CUSTOM,8000,Power [W],27,0.0
ICX,FP32,CUSTOM,8000,Power [W],28,0.0
ICX,FP32,CUSTOM,8000,Power [W],29,0.0
ICX,FP32,CUSTOM,8000,Power [W],30,0.0
ICX,FP32,CUSTOM,8000,Power [W],31,0.0
ICX,FP32,CUSTOM,8000,Power [W],32,0.0
ICX,FP32,CUSTOM,8000,Power [W],33,0.0
ICX,FP32,CUSTOM,8000,Power [W],34,0.0
ICX,FP32,CUSTOM,8000,Power [W],35,0.0
ICX,FP32,CUSTOM,8000,Power [W],36,239.5205
ICX,FP32,CUSTOM,8000,Power [W],37,0.0
ICX,FP32,CUSTOM,8000,Power [W],38,0.0
ICX,FP32,CUSTOM,8000,Power [W],39,0.0
ICX,FP32,CUSTOM,8000,Power [W],40,0.0
ICX,FP32,CUSTOM,8000,Power [W],41,0.0
ICX,FP32,CUSTOM,8000,Power [W],42,0.0
ICX,FP32,CUSTOM,8000,Power [W],43,0.0
ICX,FP32,CUSTOM,8000,Power [W],44,0.0
ICX,FP32,CUSTOM,8000,Power [W],45,0.0
ICX,FP32,CUSTOM,8000,Power [W],46,0.0
ICX,FP32,CUSTOM,8000,Power [W],47,0.0
ICX,FP32,CUSTOM,8000,Power [W],48,0.0
ICX,FP32,CUSTOM,8000,Power [W],49,0.0
ICX,FP32,CUSTOM,8000,Power [W],50,0.0
ICX,FP32,CUSTOM,8000,Power [W],51,0.0
ICX,FP32,CUSTOM,8000,Power [W],52,0.0
ICX,FP32,CUSTOM,8000,Power [W],53,0.0
ICX,FP32,CUSTOM,8000,Power [W],54,0.0
ICX,FP32,CUSTOM,8000,Power [W],55,0.0
ICX,FP32,CUSTOM,8000,Power [W],56,0.0
ICX,FP32,CUSTOM,8000,Power [W],57,0.0
ICX,FP32,CUSTOM,8000,Power [W],58,0.0
ICX,FP32,CUSTOM,8000,Power [W],59,0.0
ICX,FP32,CUSTOM,8000,Power [W],60,0.0
ICX,FP32,CUSTOM,8000,Power [W],61,0.0
ICX,FP32,CUSTOM,8000,Power [W],62,0.0
ICX,FP32,CUSTOM,8000,Power [W],63,0.0
ICX,FP32,CUSTOM,8000,Power [W],64,0.0
ICX,FP32,CUSTOM,8000,Power [W],65,0.0
ICX,FP32,CUSTOM,8000,Power [W],66,0.0
ICX,FP32,CUSTOM,8000,Power [W],67,0.0
ICX,FP32,CUSTOM,8000,Power [W],68,0.0
ICX,FP32,CUSTOM,8000,Power [W],69,0.0
ICX,FP32,CUSTOM,8000,Power [W],70,0.0
ICX,FP32,CUSTOM,8000,Power [W],71,0.0
ICX,FP32,CUSTOM,8000,Energy PP0 [J],0,0.0
ICX,FP32,CUSTOM,8000,Energy PP0 [J],1,0.0
ICX,FP32,CUSTOM,8000,Energy PP0 [J],2,0.0
ICX,FP32,CUSTOM,8000,Energy PP0 [J],3,0.0
ICX,FP32,CUSTOM,8000,Energy PP0 [J],4,0.0
ICX,FP32,CUSTOM,8000,Energy PP0 [J],5,0.0
ICX,FP32,CUSTOM,8000,Energy PP0 [J],6,0.0
ICX,FP32,CUSTOM,8000,Energy PP0 [J],7,0.0
ICX,FP32,CUSTOM,8000,Energy PP0 [J],8,0.0
ICX,FP32,CUSTOM,8000,Energy PP0 [J],9,0.0
ICX,FP32,CUSTOM,8000,Energy PP0 [J],10,0.0
ICX,FP32,CUSTOM,8000,Energy PP0 [J],11,0.0
ICX,FP32,CUSTOM,8000,Energy PP0 [J],12,0.0
ICX,FP32,CUSTOM,8000,Energy PP0 [J],13,0.0
ICX,FP32,CUSTOM,8000,Energy PP0 [J],14,0.0
ICX,FP32,CUSTOM,8000,Energy PP0 [J],15,0.0
ICX,FP32,CUSTOM,8000,Energy PP0 [J],16,0.0
ICX,FP32,CUSTOM,8000,Energy PP0 [J],17,0.0
ICX,FP32,CUSTOM,8000,Energy PP0 [J],18,0.0
ICX,FP32,CUSTOM,8000,Energy PP0 [J],19,0.0
ICX,FP32,CUSTOM,8000,Energy PP0 [J],20,0.0
ICX,FP32,CUSTOM,8000,Energy PP0 [J],21,0.0
ICX,FP32,CUSTOM,8000,Energy PP0 [J],22,0.0
ICX,FP32,CUSTOM,8000,Energy PP0 [J],23,0.0
ICX,FP32,CUSTOM,8000,Energy PP0 [J],24,0.0
ICX,FP32,CUSTOM,8000,Energy PP0 [J],25,0.0
ICX,FP32,CUSTOM,8000,Energy PP0 [J],26,0.0
ICX,FP32,CUSTOM,8000,Energy PP0 [J],27,0.0
ICX,FP32,CUSTOM,8000,Energy PP0 [J],28,0.0
ICX,FP32,CUSTOM,8000,Energy PP0 [J],29,0.0
ICX,FP32,CUSTOM,8000,Energy PP0 [J],30,0.0
ICX,FP32,CUSTOM,8000,Energy PP0 [J],31,0.0
ICX,FP32,CUSTOM,8000,Energy PP0 [J],32,0.0
ICX,FP32,CUSTOM,8000,Energy PP0 [J],33,0.0
ICX,FP32,CUSTOM,8000,Energy PP0 [J],34,0.0
ICX,FP32,CUSTOM,8000,Energy PP0 [J],35,0.0
ICX,FP32,CUSTOM,8000,Energy PP0 [J],36,0.0
ICX,FP32,CUSTOM,8000,Energy PP0 [J],37,0.0
ICX,FP32,CUSTOM,8000,Energy PP0 [J],38,0.0
ICX,FP32,CUSTOM,8000,Energy PP0 [J],39,0.0
ICX,FP32,CUSTOM,8000,Energy PP0 [J],40,0.0
ICX,FP32,CUSTOM,8000,Energy PP0 [J],41,0.0
ICX,FP32,CUSTOM,8000,Energy PP0 [J],42,0.0
ICX,FP32,CUSTOM,8000,Energy PP0 [J],43,0.0
ICX,FP32,CUSTOM,8000,Energy PP0 [J],44,0.0
ICX,FP32,CUSTOM,8000,Energy PP0 [J],45,0.0
ICX,FP32,CUSTOM,8000,Energy PP0 [J],46,0.0
ICX,FP32,CUSTOM,8000,Energy PP0 [J],47,0.0
ICX,FP32,CUSTOM,8000,Energy PP0 [J],48,0.0
ICX,FP32,CUSTOM,8000,Energy PP0 [J],49,0.0
ICX,FP32,CUSTOM,8000,Energy PP0 [J],50,0.0
ICX,FP32,CUSTOM,8000,Energy PP0 [J],51,0.0
ICX,FP32,CUSTOM,8000,Energy PP0 [J],52,0.0
ICX,FP32,CUSTOM,8000,Energy PP0 [J],53,0.0
ICX,FP32,CUSTOM,8000,Energy PP0 [J],54,0.0
ICX,FP32,CUSTOM,8000,Energy PP0 [J],55,0.0
ICX,FP32,CUSTOM,8000,Energy PP0 [J],56,0.0
ICX,FP32,CUSTOM,8000,Energy PP0 [J],57,0.0
ICX,FP32,CUSTOM,8000,Energy PP0 [J],58,0.0
ICX,FP32,CUSTOM,8000,Energy PP0 [J],59,0.0
ICX,FP32,CUSTOM,8000,Energy PP0 [J],60,0.0
ICX,FP32,CUSTOM,8000,Energy PP0 [J],61,0.0
ICX,FP32,CUSTOM,8000,Energy PP0 [J],62,0.0
ICX,FP32,CUSTOM,8000,Energy PP0 [J],63,0.0
ICX,FP32,CUSTOM,8000,Energy PP0 [J],64,0.0
ICX,FP32,CUSTOM,8000,Energy PP0 [J],65,0.0
ICX,FP32,CUSTOM,8000,Energy PP0 [J],66,0.0
ICX,FP32,CUSTOM,8000,Energy PP0 [J],67,0.0
ICX,FP32,CUSTOM,8000,Energy PP0 [J],68,0.0
ICX,FP32,CUSTOM,8000,Energy PP0 [J],69,0.0
ICX,FP32,CUSTOM,8000,Energy PP0 [J],70,0.0
ICX,FP32,CUSTOM,8000,Energy PP0 [J],71,0.0
ICX,FP32,CUSTOM,8000,Power PP0 [W],0,0.0
ICX,FP32,CUSTOM,8000,Power PP0 [W],1,0.0
ICX,FP32,CUSTOM,8000,Power PP0 [W],2,0.0
ICX,FP32,CUSTOM,8000,Power PP0 [W],3,0.0
ICX,FP32,CUSTOM,8000,Power PP0 [W],4,0.0
ICX,FP32,CUSTOM,8000,Power PP0 [W],5,0.0
ICX,FP32,CUSTOM,8000,Power PP0 [W],6,0.0
ICX,FP32,CUSTOM,8000,Power PP0 [W],7,0.0
ICX,FP32,CUSTOM,8000,Power PP0 [W],8,0.0
ICX,FP32,CUSTOM,8000,Power PP0 [W],9,0.0
ICX,FP32,CUSTOM,8000,Power PP0 [W],10,0.0
ICX,FP32,CUSTOM,8000,Power PP0 [W],11,0.0
ICX,FP32,CUSTOM,8000,Power PP0 [W],12,0.0
ICX,FP32,CUSTOM,8000,Power PP0 [W],13,0.0
ICX,FP32,CUSTOM,8000,Power PP0 [W],14,0.0
ICX,FP32,CUSTOM,8000,Power PP0 [W],15,0.0
ICX,FP32,CUSTOM,8000,Power PP0 [W],16,0.0
ICX,FP32,CUSTOM,8000,Power PP0 [W],17,0.0
ICX,FP32,CUSTOM,8000,Power PP0 [W],18,0.0
ICX,FP32,CUSTOM,8000,Power PP0 [W],19,0.0
ICX,FP32,CUSTOM,8000,Power PP0 [W],20,0.0
ICX,FP32,CUSTOM,8000,Power PP0 [W],21,0.0
ICX,FP32,CUSTOM,8000,Power PP0 [W],22,0.0
ICX,FP32,CUSTOM,8000,Power PP0 [W],23,0.0
ICX,FP32,CUSTOM,8000,Power PP0 [W],24,0.0
ICX,FP32,CUSTOM,8000,Power PP0 [W],25,0.0
ICX,FP32,CUSTOM,8000,Power PP0 [W],26,0.0
ICX,FP32,CUSTOM,8000,Power PP0 [W],27,0.0
ICX,FP32,CUSTOM,8000,Power PP0 [W],28,0.0
ICX,FP32,CUSTOM,8000,Power PP0 [W],29,0.0
ICX,FP32,CUSTOM,8000,Power PP0 [W],30,0.0
ICX,FP32,CUSTOM,8000,Power PP0 [W],31,0.0
ICX,FP32,CUSTOM,8000,Power PP0 [W],32,0.0
ICX,FP32,CUSTOM,8000,Power PP0 [W],33,0.0
ICX,FP32,CUSTOM,8000,Power PP0 [W],34,0.0
ICX,FP32,CUSTOM,8000,Power PP0 [W],35,0.0
ICX,FP32,CUSTOM,8000,Power PP0 [W],36,0.0
ICX,FP32,CUSTOM,8000,Power PP0 [W],37,0.0
ICX,FP32,CUSTOM,8000,Power PP0 [W],38,0.0
ICX,FP32,CUSTOM,8000,Power PP0 [W],39,0.0
ICX,FP32,CUSTOM,8000,Power PP0 [W],40,0.0
ICX,FP32,CUSTOM,8000,Power PP0 [W],41,0.0
ICX,FP32,CUSTOM,8000,Power PP0 [W],42,0.0
ICX,FP32,CUSTOM,8000,Power PP0 [W],43,0.0
ICX,FP32,CUSTOM,8000,Power PP0 [W],44,0.0
ICX,FP32,CUSTOM,8000,Power PP0 [W],45,0.0
ICX,FP32,CUSTOM,8000,Power PP0 [W],46,0.0
ICX,FP32,CUSTOM,8000,Power PP0 [W],47,0.0
ICX,FP32,CUSTOM,8000,Power PP0 [W],48,0.0
ICX,FP32,CUSTOM,8000,Power PP0 [W],49,0.0
ICX,FP32,CUSTOM,8000,Power PP0 [W],50,0.0
ICX,FP32,CUSTOM,8000,Power PP0 [W],51,0.0
ICX,FP32,CUSTOM,8000,Power PP0 [W],52,0.0
ICX,FP32,CUSTOM,8000,Power PP0 [W],53,0.0
ICX,FP32,CUSTOM,8000,Power PP0 [W],54,0.0
ICX,FP32,CUSTOM,8000,Power PP0 [W],55,0.0
ICX,FP32,CUSTOM,8000,Power PP0 [W],56,0.0
ICX,FP32,CUSTOM,8000,Power PP0 [W],57,0.0
ICX,FP32,CUSTOM,8000,Power PP0 [W],58,0.0
ICX,FP32,CUSTOM,8000,Power PP0 [W],59,0.0
ICX,FP32,CUSTOM,8000,Power PP0 [W],60,0.0
ICX,FP32,CUSTOM,8000,Power PP0 [W],61,0.0
ICX,FP32,CUSTOM,8000,Power PP0 [W],62,0.0
ICX,FP32,CUSTOM,8000,Power PP0 [W],63,0.0
ICX,FP32,CUSTOM,8000,Power PP0 [W],64,0.0
ICX,FP32,CUSTOM,8000,Power PP0 [W],65,0.0
ICX,FP32,CUSTOM,8000,Power PP0 [W],66,0.0
ICX,FP32,CUSTOM,8000,Power PP0 [W],67,0.0
ICX,FP32,CUSTOM,8000,Power PP0 [W],68,0.0
ICX,FP32,CUSTOM,8000,Power PP0 [W],69,0.0
ICX,FP32,CUSTOM,8000,Power PP0 [W],70,0.0
ICX,FP32,CUSTOM,8000,Power PP0 [W],71,0.0
ICX,FP32,CUSTOM,8000,Energy DRAM [J],0,34195.148
ICX,FP32,CUSTOM,8000,Energy DRAM [J],1,0.0
ICX,FP32,CUSTOM,8000,Energy DRAM [J],2,0.0
ICX,FP32,CUSTOM,8000,Energy DRAM [J],3,0.0
ICX,FP32,CUSTOM,8000,Energy DRAM [J],4,0.0
ICX,FP32,CUSTOM,8000,Energy DRAM [J],5,0.0
ICX,FP32,CUSTOM,8000,Energy DRAM [J],6,0.0
ICX,FP32,CUSTOM,8000,Energy DRAM [J],7,0.0
ICX,FP32,CUSTOM,8000,Energy DRAM [J],8,0.0
ICX,FP32,CUSTOM,8000,Energy DRAM [J],9,0.0
ICX,FP32,CUSTOM,8000,Energy DRAM [J],10,0.0
ICX,FP32,CUSTOM,8000,Energy DRAM [J],11,0.0
ICX,FP32,CUSTOM,8000,Energy DRAM [J],12,0.0
ICX,FP32,CUSTOM,8000,Energy DRAM [J],13,0.0
ICX,FP32,CUSTOM,8000,Energy DRAM [J],14,0.0
ICX,FP32,CUSTOM,8000,Energy DRAM [J],15,0.0
ICX,FP32,CUSTOM,8000,Energy DRAM [J],16,0.0
ICX,FP32,CUSTOM,8000,Energy DRAM [J],17,0.0
ICX,FP32,CUSTOM,8000,Energy DRAM [J],18,0.0
ICX,FP32,CUSTOM,8000,Energy DRAM [J],19,0.0
ICX,FP32,CUSTOM,8000,Energy DRAM [J],20,0.0
ICX,FP32,CUSTOM,8000,Energy DRAM [J],21,0.0
ICX,FP32,CUSTOM,8000,Energy DRAM [J],22,0.0
ICX,FP32,CUSTOM,8000,Energy DRAM [J],23,0.0
ICX,FP32,CUSTOM,8000,Energy DRAM [J],24,0.0
ICX,FP32,CUSTOM,8000,Energy DRAM [J],25,0.0
ICX,FP32,CUSTOM,8000,Energy DRAM [J],26,0.0
ICX,FP32,CUSTOM,8000,Energy DRAM [J],27,0.0
ICX,FP32,CUSTOM,8000,Energy DRAM [J],28,0.0
ICX,FP32,CUSTOM,8000,Energy DRAM [J],29,0.0
ICX,FP32,CUSTOM,8000,Energy DRAM [J],30,0.0
ICX,FP32,CUSTOM,8000,Energy DRAM [J],31,0.0
ICX,FP32,CUSTOM,8000,Energy DRAM [J],32,0.0
ICX,FP32,CUSTOM,8000,Energy DRAM [J],33,0.0
ICX,FP32,CUSTOM,8000,Energy DRAM [J],34,0.0
ICX,FP32,CUSTOM,8000,Energy DRAM [J],35,0.0
ICX,FP32,CUSTOM,8000,Energy DRAM [J],36,34605.2081
ICX,FP32,CUSTOM,8000,Energy DRAM [J],37,0.0
ICX,FP32,CUSTOM,8000,Energy DRAM [J],38,0.0
ICX,FP32,CUSTOM,8000,Energy DRAM [J],39,0.0
ICX,FP32,CUSTOM,8000,Energy DRAM [J],40,0.0
ICX,FP32,CUSTOM,8000,Energy DRAM [J],41,0.0
ICX,FP32,CUSTOM,8000,Energy DRAM [J],42,0.0
ICX,FP32,CUSTOM,8000,Energy DRAM [J],43,0.0
ICX,FP32,CUSTOM,8000,Energy DRAM [J],44,0.0
ICX,FP32,CUSTOM,8000,Energy DRAM [J],45,0.0
ICX,FP32,CUSTOM,8000,Energy DRAM [J],46,0.0
ICX,FP32,CUSTOM,8000,Energy DRAM [J],47,0.0
ICX,FP32,CUSTOM,8000,Energy DRAM [J],48,0.0
ICX,FP32,CUSTOM,8000,Energy DRAM [J],49,0.0
ICX,FP32,CUSTOM,8000,Energy DRAM [J],50,0.0
ICX,FP32,CUSTOM,8000,Energy DRAM [J],51,0.0
ICX,FP32,CUSTOM,8000,Energy DRAM [J],52,0.0
ICX,FP32,CUSTOM,8000,Energy DRAM [J],53,0.0
ICX,FP32,CUSTOM,8000,Energy DRAM [J],54,0.0
ICX,FP32,CUSTOM,8000,Energy DRAM [J],55,0.0
ICX,FP32,CUSTOM,8000,Energy DRAM [J],56,0.0
ICX,FP32,CUSTOM,8000,Energy DRAM [J],57,0.0
ICX,FP32,CUSTOM,8000,Energy DRAM [J],58,0.0
ICX,FP32,CUSTOM,8000,Energy DRAM [J],59,0.0
ICX,FP32,CUSTOM,8000,Energy DRAM [J],60,0.0
ICX,FP32,CUSTOM,8000,Energy DRAM [J],61,0.0
ICX,FP32,CUSTOM,8000,Energy DRAM [J],62,0.0
ICX,FP32,CUSTOM,8000,Energy DRAM [J],63,0.0
ICX,FP32,CUSTOM,8000,Energy DRAM [J],64,0.0
ICX,FP32,CUSTOM,8000,Energy DRAM [J],65,0.0
ICX,FP32,CUSTOM,8000,Energy DRAM [J],66,0.0
ICX,FP32,CUSTOM,8000,Energy DRAM [J],67,0.0
ICX,FP32,CUSTOM,8000,Energy DRAM [J],68,0.0
ICX,FP32,CUSTOM,8000,Energy DRAM [J],69,0.0
ICX,FP32,CUSTOM,8000,Energy DRAM [J],70,0.0
ICX,FP32,CUSTOM,8000,Energy DRAM [J],71,0.0
ICX,FP32,CUSTOM,8000,Power DRAM [W],0,8.7237
ICX,FP32,CUSTOM,8000,Power DRAM [W],1,0.0
ICX,FP32,CUSTOM,8000,Power DRAM [W],2,0.0
ICX,FP32,CUSTOM,8000,Power DRAM [W],3,0.0
ICX,FP32,CUSTOM,8000,Power DRAM [W],4,0.0
ICX,FP32,CUSTOM,8000,Power DRAM [W],5,0.0
ICX,FP32,CUSTOM,8000,Power DRAM [W],6,0.0
ICX,FP32,CUSTOM,8000,Power DRAM [W],7,0.0
ICX,FP32,CUSTOM,8000,Power DRAM [W],8,0.0
ICX,FP32,CUSTOM,8000,Power DRAM [W],9,0.0
ICX,FP32,CUSTOM,8000,Power DRAM [W],10,0.0
ICX,FP32,CUSTOM,8000,Power DRAM [W],11,0.0
ICX,FP32,CUSTOM,8000,Power DRAM [W],12,0.0
ICX,FP32,CUSTOM,8000,Power DRAM [W],13,0.0
ICX,FP32,CUSTOM,8000,Power DRAM [W],14,0.0
ICX,FP32,CUSTOM,8000,Power DRAM [W],15,0.0
ICX,FP32,CUSTOM,8000,Power DRAM [W],16,0.0
ICX,FP32,CUSTOM,8000,Power DRAM [W],17,0.0
ICX,FP32,CUSTOM,8000,Power DRAM [W],18,0.0
ICX,FP32,CUSTOM,8000,Power DRAM [W],19,0.0
ICX,FP32,CUSTOM,8000,Power DRAM [W],20,0.0
ICX,FP32,CUSTOM,8000,Power DRAM [W],21,0.0
ICX,FP32,CUSTOM,8000,Power DRAM [W],22,0.0
ICX,FP32,CUSTOM,8000,Power DRAM [W],23,0.0
ICX,FP32,CUSTOM,8000,Power DRAM [W],24,0.0
ICX,FP32,CUSTOM,8000,Power DRAM [W],25,0.0
ICX,FP32,CUSTOM,8000,Power DRAM [W],26,0.0
ICX,FP32,CUSTOM,8000,Power DRAM [W],27,0.0
ICX,FP32,CUSTOM,8000,Power DRAM [W],28,0.0
ICX,FP32,CUSTOM,8000,Power DRAM [W],29,0.0
ICX,FP32,CUSTOM,8000,Power DRAM [W],30,0.0
ICX,FP32,CUSTOM,8000,Power DRAM [W],31,0.0
ICX,FP32,CUSTOM,8000,Power DRAM [W],32,0.0
ICX,FP32,CUSTOM,8000,Power DRAM [W],33,0.0
ICX,FP32,CUSTOM,8000,Power DRAM [W],34,0.0
ICX,FP32,CUSTOM,8000,Power DRAM [W],35,0.0
ICX,FP32,CUSTOM,8000,Power DRAM [W],36,8.8283
ICX,FP32,CUSTOM,8000,Power DRAM [W],37,0.0
ICX,FP32,CUSTOM,8000,Power DRAM [W],38,0.0
ICX,FP32,CUSTOM,8000,Power DRAM [W],39,0.0
ICX,FP32,CUSTOM,8000,Power DRAM [W],40,0.0
ICX,FP32,CUSTOM,8000,Power DRAM [W],41,0.0
ICX,FP32,CUSTOM,8000,Power DRAM [W],42,0.0
ICX,FP32,CUSTOM,8000,Power DRAM [W],43,0.0
ICX,FP32,CUSTOM,8000,Power DRAM [W],44,0.0
ICX,FP32,CUSTOM,8000,Power DRAM [W],45,0.0
ICX,FP32,CUSTOM,8000,Power DRAM [W],46,0.0
ICX,FP32,CUSTOM,8000,Power DRAM [W],47,0.0
ICX,FP32,CUSTOM,8000,Power DRAM [W],48,0.0
ICX,FP32,CUSTOM,8000,Power DRAM [W],49,0.0
ICX,FP32,CUSTOM,8000,Power DRAM [W],50,0.0
ICX,FP32,CUSTOM,8000,Power DRAM [W],51,0.0
ICX,FP32,CUSTOM,8000,Power DRAM [W],52,0.0
ICX,FP32,CUSTOM,8000,Power DRAM [W],53,0.0
ICX,FP32,CUSTOM,8000,Power DRAM [W],54,0.0
ICX,FP32,CUSTOM,8000,Power DRAM [W],55,0.0
ICX,FP32,CUSTOM,8000,Power DRAM [W],56,0.0
ICX,FP32,CUSTOM,8000,Power DRAM [W],57,0.0
ICX,FP32,CUSTOM,8000,Power DRAM [W],58,0.0
ICX,FP32,CUSTOM,8000,Power DRAM [W],59,0.0
ICX,FP32,CUSTOM,8000,Power DRAM [W],60,0.0
ICX,FP32,CUSTOM,8000,Power DRAM [W],61,0.0
ICX,FP32,CUSTOM,8000,Power DRAM [W],62,0.0
ICX,FP32,CUSTOM,8000,Power DRAM [W],63,0.0
ICX,FP32,CUSTOM,8000,Power DRAM [W],64,0.0
ICX,FP32,CUSTOM,8000,Power DRAM [W],65,0.0
ICX,FP32,CUSTOM,8000,Power DRAM [W],66,0.0
ICX,FP32,CUSTOM,8000,Power DRAM [W],67,0.0
ICX,FP32,CUSTOM,8000,Power DRAM [W],68,0.0
ICX,FP32,CUSTOM,8000,Power DRAM [W],69,0.0
ICX,FP32,CUSTOM,8000,Power DRAM [W],70,0.0
ICX,FP32,CUSTOM,8000,Power DRAM [W],71,0.0
ICX,FP32,CUSTOM,8000,Energy PLATFORM [J],0,0.0
ICX,FP32,CUSTOM,8000,Energy PLATFORM [J],1,0.0
ICX,FP32,CUSTOM,8000,Energy PLATFORM [J],2,0.0
ICX,FP32,CUSTOM,8000,Energy PLATFORM [J],3,0.0
ICX,FP32,CUSTOM,8000,Energy PLATFORM [J],4,0.0
ICX,FP32,CUSTOM,8000,Energy PLATFORM [J],5,0.0
ICX,FP32,CUSTOM,8000,Energy PLATFORM [J],6,0.0
ICX,FP32,CUSTOM,8000,Energy PLATFORM [J],7,0.0
ICX,FP32,CUSTOM,8000,Energy PLATFORM [J],8,0.0
ICX,FP32,CUSTOM,8000,Energy PLATFORM [J],9,0.0
ICX,FP32,CUSTOM,8000,Energy PLATFORM [J],10,0.0
ICX,FP32,CUSTOM,8000,Energy PLATFORM [J],11,0.0
ICX,FP32,CUSTOM,8000,Energy PLATFORM [J],12,0.0
ICX,FP32,CUSTOM,8000,Energy PLATFORM [J],13,0.0
ICX,FP32,CUSTOM,8000,Energy PLATFORM [J],14,0.0
ICX,FP32,CUSTOM,8000,Energy PLATFORM [J],15,0.0
ICX,FP32,CUSTOM,8000,Energy PLATFORM [J],16,0.0
ICX,FP32,CUSTOM,8000,Energy PLATFORM [J],17,0.0
ICX,FP32,CUSTOM,8000,Energy PLATFORM [J],18,0.0
ICX,FP32,CUSTOM,8000,Energy PLATFORM [J],19,0.0
ICX,FP32,CUSTOM,8000,Energy PLATFORM [J],20,0.0
ICX,FP32,CUSTOM,8000,Energy PLATFORM [J],21,0.0
ICX,FP32,CUSTOM,8000,Energy PLATFORM [J],22,0.0
ICX,FP32,CUSTOM,8000,Energy PLATFORM [J],23,0.0
ICX,FP32,CUSTOM,8000,Energy PLATFORM [J],24,0.0
ICX,FP32,CUSTOM,8000,Energy PLATFORM [J],25,0.0
ICX,FP32,CUSTOM,8000,Energy PLATFORM [J],26,0.0
ICX,FP32,CUSTOM,8000,Energy PLATFORM [J],27,0.0
ICX,FP32,CUSTOM,8000,Energy PLATFORM [J],28,0.0
ICX,FP32,CUSTOM,8000,Energy PLATFORM [J],29,0.0
ICX,FP32,CUSTOM,8000,Energy PLATFORM [J],30,0.0
ICX,FP32,CUSTOM,8000,Energy PLATFORM [J],31,0.0
ICX,FP32,CUSTOM,8000,Energy PLATFORM [J],32,0.0
ICX,FP32,CUSTOM,8000,Energy PLATFORM [J],33,0.0
ICX,FP32,CUSTOM,8000,Energy PLATFORM [J],34,0.0
ICX,FP32,CUSTOM,8000,Energy PLATFORM [J],35,0.0
ICX,FP32,CUSTOM,8000,Energy PLATFORM [J],36,0.0
ICX,FP32,CUSTOM,8000,Energy PLATFORM [J],37,0.0
ICX,FP32,CUSTOM,8000,Energy PLATFORM [J],38,0.0
ICX,FP32,CUSTOM,8000,Energy PLATFORM [J],39,0.0
ICX,FP32,CUSTOM,8000,Energy PLATFORM [J],40,0.0
ICX,FP32,CUSTOM,8000,Energy PLATFORM [J],41,0.0
ICX,FP32,CUSTOM,8000,Energy PLATFORM [J],42,0.0
ICX,FP32,CUSTOM,8000,Energy PLATFORM [J],43,0.0
ICX,FP32,CUSTOM,8000,Energy PLATFORM [J],44,0.0
ICX,FP32,CUSTOM,8000,Energy PLATFORM [J],45,0.0
ICX,FP32,CUSTOM,8000,Energy PLATFORM [J],46,0.0
ICX,FP32,CUSTOM,8000,Energy PLATFORM [J],47,0.0
ICX,FP32,CUSTOM,8000,Energy PLATFORM [J],48,0.0
ICX,FP32,CUSTOM,8000,Energy PLATFORM [J],49,0.0
ICX,FP32,CUSTOM,8000,Energy PLATFORM [J],50,0.0
ICX,FP32,CUSTOM,8000,Energy PLATFORM [J],51,0.0
ICX,FP32,CUSTOM,8000,Energy PLATFORM [J],52,0.0
ICX,FP32,CUSTOM,8000,Energy PLATFORM [J],53,0.0
ICX,FP32,CUSTOM,8000,Energy PLATFORM [J],54,0.0
ICX,FP32,CUSTOM,8000,Energy PLATFORM [J],55,0.0
ICX,FP32,CUSTOM,8000,Energy PLATFORM [J],56,0.0
ICX,FP32,CUSTOM,8000,Energy PLATFORM [J],57,0.0
ICX,FP32,CUSTOM,8000,Energy PLATFORM [J],58,0.0
ICX,FP32,CUSTOM,8000,Energy PLATFORM [J],59,0.0
ICX,FP32,CUSTOM,8000,Energy PLATFORM [J],60,0.0
ICX,FP32,CUSTOM,8000,Energy PLATFORM [J],61,0.0
ICX,FP32,CUSTOM,8000,Energy PLATFORM [J],62,0.0
ICX,FP32,CUSTOM,8000,Energy PLATFORM [J],63,0.0
ICX,FP32,CUSTOM,8000,Energy PLATFORM [J],64,0.0
ICX,FP32,CUSTOM,8000,Energy PLATFORM [J],65,0.0
ICX,FP32,CUSTOM,8000,Energy PLATFORM [J],66,0.0
ICX,FP32,CUSTOM,8000,Energy PLATFORM [J],67,0.0
ICX,FP32,CUSTOM,8000,Energy PLATFORM [J],68,0.0
ICX,FP32,CUSTOM,8000,Energy PLATFORM [J],69,0.0
ICX,FP32,CUSTOM,8000,Energy PLATFORM [J],70,0.0
ICX,FP32,CUSTOM,8000,Energy PLATFORM [J],71,0.0
ICX,FP32,CUSTOM,8000,Power PLATFORM [W],0,0.0
ICX,FP32,CUSTOM,8000,Power PLATFORM [W],1,0.0
ICX,FP32,CUSTOM,8000,Power PLATFORM [W],2,0.0
ICX,FP32,CUSTOM,8000,Power PLATFORM [W],3,0.0
ICX,FP32,CUSTOM,8000,Power PLATFORM [W],4,0.0
ICX,FP32,CUSTOM,8000,Power PLATFORM [W],5,0.0
ICX,FP32,CUSTOM,8000,Power PLATFORM [W],6,0.0
ICX,FP32,CUSTOM,8000,Power PLATFORM [W],7,0.0
ICX,FP32,CUSTOM,8000,Power PLATFORM [W],8,0.0
ICX,FP32,CUSTOM,8000,Power PLATFORM [W],9,0.0
ICX,FP32,CUSTOM,8000,Power PLATFORM [W],10,0.0
ICX,FP32,CUSTOM,8000,Power PLATFORM [W],11,0.0
ICX,FP32,CUSTOM,8000,Power PLATFORM [W],12,0.0
ICX,FP32,CUSTOM,8000,Power PLATFORM [W],13,0.0
ICX,FP32,CUSTOM,8000,Power PLATFORM [W],14,0.0
ICX,FP32,CUSTOM,8000,Power PLATFORM [W],15,0.0
ICX,FP32,CUSTOM,8000,Power PLATFORM [W],16,0.0
ICX,FP32,CUSTOM,8000,Power PLATFORM [W],17,0.0
ICX,FP32,CUSTOM,8000,Power PLATFORM [W],18,0.0
ICX,FP32,CUSTOM,8000,Power PLATFORM [W],19,0.0
ICX,FP32,CUSTOM,8000,Power PLATFORM [W],20,0.0
ICX,FP32,CUSTOM,8000,Power PLATFORM [W],21,0.0
ICX,FP32,CUSTOM,8000,Power PLATFORM [W],22,0.0
ICX,FP32,CUSTOM,8000,Power PLATFORM [W],23,0.0
ICX,FP32,CUSTOM,8000,Power PLATFORM [W],24,0.0
ICX,FP32,CUSTOM,8000,Power PLATFORM [W],25,0.0
ICX,FP32,CUSTOM,8000,Power PLATFORM [W],26,0.0
ICX,FP32,CUSTOM,8000,Power PLATFORM [W],27,0.0
ICX,FP32,CUSTOM,8000,Power PLATFORM [W],28,0.0
ICX,FP32,CUSTOM,8000,Power PLATFORM [W],29,0.0
ICX,FP32,CUSTOM,8000,Power PLATFORM [W],30,0.0
ICX,FP32,CUSTOM,8000,Power PLATFORM [W],31,0.0
ICX,FP32,CUSTOM,8000,Power PLATFORM [W],32,0.0
ICX,FP32,CUSTOM,8000,Power PLATFORM [W],33,0.0
ICX,FP32,CUSTOM,8000,Power PLATFORM [W],34,0.0
ICX,FP32,CUSTOM,8000,Power PLATFORM [W],35,0.0
ICX,FP32,CUSTOM,8000,Power PLATFORM [W],36,0.0
ICX,FP32,CUSTOM,8000,Power PLATFORM [W],37,0.0
ICX,FP32,CUSTOM,8000,Power PLATFORM [W],38,0.0
ICX,FP32,CUSTOM,8000,Power PLATFORM [W],39,0.0
ICX,FP32,CUSTOM,8000,Power PLATFORM [W],40,0.0
ICX,FP32,CUSTOM,8000,Power PLATFORM [W],41,0.0
ICX,FP32,CUSTOM,8000,Power PLATFORM [W],42,0.0
ICX,FP32,CUSTOM,8000,Power PLATFORM [W],43,0.0
ICX,FP32,CUSTOM,8000,Power PLATFORM [W],44,0.0
ICX,FP32,CUSTOM,8000,Power PLATFORM [W],45,0.0
ICX,FP32,CUSTOM,8000,Power PLATFORM [W],46,0.0
ICX,FP32,CUSTOM,8000,Power PLATFORM [W],47,0.0
ICX,FP32,CUSTOM,8000,Power PLATFORM [W],48,0.0
ICX,FP32,CUSTOM,8000,Power PLATFORM [W],49,0.0
ICX,FP32,CUSTOM,8000,Power PLATFORM [W],50,0.0
ICX,FP32,CUSTOM,8000,Power PLATFORM [W],51,0.0
ICX,FP32,CUSTOM,8000,Power PLATFORM [W],52,0.0
ICX,FP32,CUSTOM,8000,Power PLATFORM [W],53,0.0
ICX,FP32,CUSTOM,8000,Power PLATFORM [W],54,0.0
ICX,FP32,CUSTOM,8000,Power PLATFORM [W],55,0.0
ICX,FP32,CUSTOM,8000,Power PLATFORM [W],56,0.0
ICX,FP32,CUSTOM,8000,Power PLATFORM [W],57,0.0
ICX,FP32,CUSTOM,8000,Power PLATFORM [W],58,0.0
ICX,FP32,CUSTOM,8000,Power PLATFORM [W],59,0.0
ICX,FP32,CUSTOM,8000,Power PLATFORM [W],60,0.0
ICX,FP32,CUSTOM,8000,Power PLATFORM [W],61,0.0
ICX,FP32,CUSTOM,8000,Power PLATFORM [W],62,0.0
ICX,FP32,CUSTOM,8000,Power PLATFORM [W],63,0.0
ICX,FP32,CUSTOM,8000,Power PLATFORM [W],64,0.0
ICX,FP32,CUSTOM,8000,Power PLATFORM [W],65,0.0
ICX,FP32,CUSTOM,8000,Power PLATFORM [W],66,0.0
ICX,FP32,CUSTOM,8000,Power PLATFORM [W],67,0.0
ICX,FP32,CUSTOM,8000,Power PLATFORM [W],68,0.0
ICX,FP32,CUSTOM,8000,Power PLATFORM [W],69,0.0
ICX,FP32,CUSTOM,8000,Power PLATFORM [W],70,0.0
ICX,FP32,CUSTOM,8000,Power PLATFORM [W],71,0.0
ICX,FP32,CUSTOM,8000,Memory read bandwidth [MBytes/s],0,1337.1804
ICX,FP32,CUSTOM,8000,Memory read bandwidth [MBytes/s],1,0.0
ICX,FP32,CUSTOM,8000,Memory read bandwidth [MBytes/s],2,0.0
ICX,FP32,CUSTOM,8000,Memory read bandwidth [MBytes/s],3,0.0
ICX,FP32,CUSTOM,8000,Memory read bandwidth [MBytes/s],4,0.0
ICX,FP32,CUSTOM,8000,Memory read bandwidth [MBytes/s],5,0.0
ICX,FP32,CUSTOM,8000,Memory read bandwidth [MBytes/s],6,0.0
ICX,FP32,CUSTOM,8000,Memory read bandwidth [MBytes/s],7,0.0
ICX,FP32,CUSTOM,8000,Memory read bandwidth [MBytes/s],8,0.0
ICX,FP32,CUSTOM,8000,Memory read bandwidth [MBytes/s],9,0.0
ICX,FP32,CUSTOM,8000,Memory read bandwidth [MBytes/s],10,0.0
ICX,FP32,CUSTOM,8000,Memory read bandwidth [MBytes/s],11,0.0
ICX,FP32,CUSTOM,8000,Memory read bandwidth [MBytes/s],12,0.0
ICX,FP32,CUSTOM,8000,Memory read bandwidth [MBytes/s],13,0.0
ICX,FP32,CUSTOM,8000,Memory read bandwidth [MBytes/s],14,0.0
ICX,FP32,CUSTOM,8000,Memory read bandwidth [MBytes/s],15,0.0
ICX,FP32,CUSTOM,8000,Memory read bandwidth [MBytes/s],16,0.0
ICX,FP32,CUSTOM,8000,Memory read bandwidth [MBytes/s],17,0.0
ICX,FP32,CUSTOM,8000,Memory read bandwidth [MBytes/s],18,0.0
ICX,FP32,CUSTOM,8000,Memory read bandwidth [MBytes/s],19,0.0
ICX,FP32,CUSTOM,8000,Memory read bandwidth [MBytes/s],20,0.0
ICX,FP32,CUSTOM,8000,Memory read bandwidth [MBytes/s],21,0.0
ICX,FP32,CUSTOM,8000,Memory read bandwidth [MBytes/s],22,0.0
ICX,FP32,CUSTOM,8000,Memory read bandwidth [MBytes/s],23,0.0
ICX,FP32,CUSTOM,8000,Memory read bandwidth [MBytes/s],24,0.0
ICX,FP32,CUSTOM,8000,Memory read bandwidth [MBytes/s],25,0.0
ICX,FP32,CUSTOM,8000,Memory read bandwidth [MBytes/s],26,0.0
ICX,FP32,CUSTOM,8000,Memory read bandwidth [MBytes/s],27,0.0
ICX,FP32,CUSTOM,8000,Memory read bandwidth [MBytes/s],28,0.0
ICX,FP32,CUSTOM,8000,Memory read bandwidth [MBytes/s],29,0.0
ICX,FP32,CUSTOM,8000,Memory read bandwidth [MBytes/s],30,0.0
ICX,FP32,CUSTOM,8000,Memory read bandwidth [MBytes/s],31,0.0
ICX,FP32,CUSTOM,8000,Memory read bandwidth [MBytes/s],32,0.0
ICX,FP32,CUSTOM,8000,Memory read bandwidth [MBytes/s],33,0.0
ICX,FP32,CUSTOM,8000,Memory read bandwidth [MBytes/s],34,0.0
ICX,FP32,CUSTOM,8000,Memory read bandwidth [MBytes/s],35,0.0
ICX,FP32,CUSTOM,8000,Memory read bandwidth [MBytes/s],36,1650.222
ICX,FP32,CUSTOM,8000,Memory read bandwidth [MBytes/s],37,0.0
ICX,FP32,CUSTOM,8000,Memory read bandwidth [MBytes/s],38,0.0
ICX,FP32,CUSTOM,8000,Memory read bandwidth [MBytes/s],39,0.0
ICX,FP32,CUSTOM,8000,Memory read bandwidth [MBytes/s],40,0.0
ICX,FP32,CUSTOM,8000,Memory read bandwidth [MBytes/s],41,0.0
ICX,FP32,CUSTOM,8000,Memory read bandwidth [MBytes/s],42,0.0
ICX,FP32,CUSTOM,8000,Memory read bandwidth [MBytes/s],43,0.0
ICX,FP32,CUSTOM,8000,Memory read bandwidth [MBytes/s],44,0.0
ICX,FP32,CUSTOM,8000,Memory read bandwidth [MBytes/s],45,0.0
ICX,FP32,CUSTOM,8000,Memory read bandwidth [MBytes/s],46,0.0
ICX,FP32,CUSTOM,8000,Memory read bandwidth [MBytes/s],47,0.0
ICX,FP32,CUSTOM,8000,Memory read bandwidth [MBytes/s],48,0.0
ICX,FP32,CUSTOM,8000,Memory read bandwidth [MBytes/s],49,0.0
ICX,FP32,CUSTOM,8000,Memory read bandwidth [MBytes/s],50,0.0
ICX,FP32,CUSTOM,8000,Memory read bandwidth [MBytes/s],51,0.0
ICX,FP32,CUSTOM,8000,Memory read bandwidth [MBytes/s],52,0.0
ICX,FP32,CUSTOM,8000,Memory read bandwidth [MBytes/s],53,0.0
ICX,FP32,CUSTOM,8000,Memory read bandwidth [MBytes/s],54,0.0
ICX,FP32,CUSTOM,8000,Memory read bandwidth [MBytes/s],55,0.0
ICX,FP32,CUSTOM,8000,Memory read bandwidth [MBytes/s],56,0.0
ICX,FP32,CUSTOM,8000,Memory read bandwidth [MBytes/s],57,0.0
ICX,FP32,CUSTOM,8000,Memory read bandwidth [MBytes/s],58,0.0
ICX,FP32,CUSTOM,8000,Memory read bandwidth [MBytes/s],59,0.0
ICX,FP32,CUSTOM,8000,Memory read bandwidth [MBytes/s],60,0.0
ICX,FP32,CUSTOM,8000,Memory read bandwidth [MBytes/s],61,0.0
ICX,FP32,CUSTOM,8000,Memory read bandwidth [MBytes/s],62,0.0
ICX,FP32,CUSTOM,8000,Memory read bandwidth [MBytes/s],63,0.0
ICX,FP32,CUSTOM,8000,Memory read bandwidth [MBytes/s],64,0.0
ICX,FP32,CUSTOM,8000,Memory read bandwidth [MBytes/s],65,0.0
ICX,FP32,CUSTOM,8000,Memory read bandwidth [MBytes/s],66,0.0
ICX,FP32,CUSTOM,8000,Memory read bandwidth [MBytes/s],67,0.0
ICX,FP32,CUSTOM,8000,Memory read bandwidth [MBytes/s],68,0.0
ICX,FP32,CUSTOM,8000,Memory read bandwidth [MBytes/s],69,0.0
ICX,FP32,CUSTOM,8000,Memory read bandwidth [MBytes/s],70,0.0
ICX,FP32,CUSTOM,8000,Memory read bandwidth [MBytes/s],71,0.0
ICX,FP32,CUSTOM,8000,Memory read data volume [GBytes],0,5241.4864
ICX,FP32,CUSTOM,8000,Memory read data volume [GBytes],1,0.0
ICX,FP32,CUSTOM,8000,Memory read data volume [GBytes],2,0.0
ICX,FP32,CUSTOM,8000,Memory read data volume [GBytes],3,0.0
ICX,FP32,CUSTOM,8000,Memory read data volume [GBytes],4,0.0
ICX,FP32,CUSTOM,8000,Memory read data volume [GBytes],5,0.0
ICX,FP32,CUSTOM,8000,Memory read data volume [GBytes],6,0.0
ICX,FP32,CUSTOM,8000,Memory read data volume [GBytes],7,0.0
ICX,FP32,CUSTOM,8000,Memory read data volume [GBytes],8,0.0
ICX,FP32,CUSTOM,8000,Memory read data volume [GBytes],9,0.0
ICX,FP32,CUSTOM,8000,Memory read data volume [GBytes],10,0.0
ICX,FP32,CUSTOM,8000,Memory read data volume [GBytes],11,0.0
ICX,FP32,CUSTOM,8000,Memory read data volume [GBytes],12,0.0
ICX,FP32,CUSTOM,8000,Memory read data volume [GBytes],13,0.0
ICX,FP32,CUSTOM,8000,Memory read data volume [GBytes],14,0.0
ICX,FP32,CUSTOM,8000,Memory read data volume [GBytes],15,0.0
ICX,FP32,CUSTOM,8000,Memory read data volume [GBytes],16,0.0
ICX,FP32,CUSTOM,8000,Memory read data volume [GBytes],17,0.0
ICX,FP32,CUSTOM,8000,Memory read data volume [GBytes],18,0.0
ICX,FP32,CUSTOM,8000,Memory read data volume [GBytes],19,0.0
ICX,FP32,CUSTOM,8000,Memory read data volume [GBytes],20,0.0
ICX,FP32,CUSTOM,8000,Memory read data volume [GBytes],21,0.0
ICX,FP32,CUSTOM,8000,Memory read data volume [GBytes],22,0.0
ICX,FP32,CUSTOM,8000,Memory read data volume [GBytes],23,0.0
ICX,FP32,CUSTOM,8000,Memory read data volume [GBytes],24,0.0
ICX,FP32,CUSTOM,8000,Memory read data volume [GBytes],25,0.0
ICX,FP32,CUSTOM,8000,Memory read data volume [GBytes],26,0.0
ICX,FP32,CUSTOM,8000,Memory read data volume [GBytes],27,0.0
ICX,FP32,CUSTOM,8000,Memory read data volume [GBytes],28,0.0
ICX,FP32,CUSTOM,8000,Memory read data volume [GBytes],29,0.0
ICX,FP32,CUSTOM,8000,Memory read data volume [GBytes],30,0.0
ICX,FP32,CUSTOM,8000,Memory read data volume [GBytes],31,0.0
ICX,FP32,CUSTOM,8000,Memory read data volume [GBytes],32,0.0
ICX,FP32,CUSTOM,8000,Memory read data volume [GBytes],33,0.0
ICX,FP32,CUSTOM,8000,Memory read data volume [GBytes],34,0.0
ICX,FP32,CUSTOM,8000,Memory read data volume [GBytes],35,0.0
ICX,FP32,CUSTOM,8000,Memory read data volume [GBytes],36,6468.5489
ICX,FP32,CUSTOM,8000,Memory read data volume [GBytes],37,0.0
ICX,FP32,CUSTOM,8000,Memory read data volume [GBytes],38,0.0
ICX,FP32,CUSTOM,8000,Memory read data volume [GBytes],39,0.0
ICX,FP32,CUSTOM,8000,Memory read data volume [GBytes],40,0.0
ICX,FP32,CUSTOM,8000,Memory read data volume [GBytes],41,0.0
ICX,FP32,CUSTOM,8000,Memory read data volume [GBytes],42,0.0
ICX,FP32,CUSTOM,8000,Memory read data volume [GBytes],43,0.0
ICX,FP32,CUSTOM,8000,Memory read data volume [GBytes],44,0.0
ICX,FP32,CUSTOM,8000,Memory read data volume [GBytes],45,0.0
ICX,FP32,CUSTOM,8000,Memory read data volume [GBytes],46,0.0
ICX,FP32,CUSTOM,8000,Memory read data volume [GBytes],47,0.0
ICX,FP32,CUSTOM,8000,Memory read data volume [GBytes],48,0.0
ICX,FP32,CUSTOM,8000,Memory read data volume [GBytes],49,0.0
ICX,FP32,CUSTOM,8000,Memory read data volume [GBytes],50,0.0
ICX,FP32,CUSTOM,8000,Memory read data volume [GBytes],51,0.0
ICX,FP32,CUSTOM,8000,Memory read data volume [GBytes],52,0.0
ICX,FP32,CUSTOM,8000,Memory read data volume [GBytes],53,0.0
ICX,FP32,CUSTOM,8000,Memory read data volume [GBytes],54,0.0
ICX,FP32,CUSTOM,8000,Memory read data volume [GBytes],55,0.0
ICX,FP32,CUSTOM,8000,Memory read data volume [GBytes],56,0.0
ICX,FP32,CUSTOM,8000,Memory read data volume [GBytes],57,0.0
ICX,FP32,CUSTOM,8000,Memory read data volume [GBytes],58,0.0
ICX,FP32,CUSTOM,8000,Memory read data volume [GBytes],59,0.0
ICX,FP32,CUSTOM,8000,Memory read data volume [GBytes],60,0.0
ICX,FP32,CUSTOM,8000,Memory read data volume [GBytes],61,0.0
ICX,FP32,CUSTOM,8000,Memory read data volume [GBytes],62,0.0
ICX,FP32,CUSTOM,8000,Memory read data volume [GBytes],63,0.0
ICX,FP32,CUSTOM,8000,Memory read data volume [GBytes],64,0.0
ICX,FP32,CUSTOM,8000,Memory read data volume [GBytes],65,0.0
ICX,FP32,CUSTOM,8000,Memory read data volume [GBytes],66,0.0
ICX,FP32,CUSTOM,8000,Memory read data volume [GBytes],67,0.0
ICX,FP32,CUSTOM,8000,Memory read data volume [GBytes],68,0.0
ICX,FP32,CUSTOM,8000,Memory read data volume [GBytes],69,0.0
ICX,FP32,CUSTOM,8000,Memory read data volume [GBytes],70,0.0
ICX,FP32,CUSTOM,8000,Memory read data volume [GBytes],71,0.0
ICX,FP32,CUSTOM,8000,Memory write bandwidth [MBytes/s],0,659.0381
ICX,FP32,CUSTOM,8000,Memory write bandwidth [MBytes/s],1,0.0
ICX,FP32,CUSTOM,8000,Memory write bandwidth [MBytes/s],2,0.0
ICX,FP32,CUSTOM,8000,Memory write bandwidth [MBytes/s],3,0.0
ICX,FP32,CUSTOM,8000,Memory write bandwidth [MBytes/s],4,0.0
ICX,FP32,CUSTOM,8000,Memory write bandwidth [MBytes/s],5,0.0
ICX,FP32,CUSTOM,8000,Memory write bandwidth [MBytes/s],6,0.0
ICX,FP32,CUSTOM,8000,Memory write bandwidth [MBytes/s],7,0.0
ICX,FP32,CUSTOM,8000,Memory write bandwidth [MBytes/s],8,0.0
ICX,FP32,CUSTOM,8000,Memory write bandwidth [MBytes/s],9,0.0
ICX,FP32,CUSTOM,8000,Memory write bandwidth [MBytes/s],10,0.0
ICX,FP32,CUSTOM,8000,Memory write bandwidth [MBytes/s],11,0.0
ICX,FP32,CUSTOM,8000,Memory write bandwidth [MBytes/s],12,0.0
ICX,FP32,CUSTOM,8000,Memory write bandwidth [MBytes/s],13,0.0
ICX,FP32,CUSTOM,8000,Memory write bandwidth [MBytes/s],14,0.0
ICX,FP32,CUSTOM,8000,Memory write bandwidth [MBytes/s],15,0.0
ICX,FP32,CUSTOM,8000,Memory write bandwidth [MBytes/s],16,0.0
ICX,FP32,CUSTOM,8000,Memory write bandwidth [MBytes/s],17,0.0
ICX,FP32,CUSTOM,8000,Memory write bandwidth [MBytes/s],18,0.0
ICX,FP32,CUSTOM,8000,Memory write bandwidth [MBytes/s],19,0.0
ICX,FP32,CUSTOM,8000,Memory write bandwidth [MBytes/s],20,0.0
ICX,FP32,CUSTOM,8000,Memory write bandwidth [MBytes/s],21,0.0
ICX,FP32,CUSTOM,8000,Memory write bandwidth [MBytes/s],22,0.0
ICX,FP32,CUSTOM,8000,Memory write bandwidth [MBytes/s],23,0.0
ICX,FP32,CUSTOM,8000,Memory write bandwidth [MBytes/s],24,0.0
ICX,FP32,CUSTOM,8000,Memory write bandwidth [MBytes/s],25,0.0
ICX,FP32,CUSTOM,8000,Memory write bandwidth [MBytes/s],26,0.0
ICX,FP32,CUSTOM,8000,Memory write bandwidth [MBytes/s],27,0.0
ICX,FP32,CUSTOM,8000,Memory write bandwidth [MBytes/s],28,0.0
ICX,FP32,CUSTOM,8000,Memory write bandwidth [MBytes/s],29,0.0
ICX,FP32,CUSTOM,8000,Memory write bandwidth [MBytes/s],30,0.0
ICX,FP32,CUSTOM,8000,Memory write bandwidth [MBytes/s],31,0.0
ICX,FP32,CUSTOM,8000,Memory write bandwidth [MBytes/s],32,0.0
ICX,FP32,CUSTOM,8000,Memory write bandwidth [MBytes/s],33,0.0
ICX,FP32,CUSTOM,8000,Memory write bandwidth [MBytes/s],34,0.0
ICX,FP32,CUSTOM,8000,Memory write bandwidth [MBytes/s],35,0.0
ICX,FP32,CUSTOM,8000,Memory write bandwidth [MBytes/s],36,561.3958
ICX,FP32,CUSTOM,8000,Memory write bandwidth [MBytes/s],37,0.0
ICX,FP32,CUSTOM,8000,Memory write bandwidth [MBytes/s],38,0.0
ICX,FP32,CUSTOM,8000,Memory write bandwidth [MBytes/s],39,0.0
ICX,FP32,CUSTOM,8000,Memory write bandwidth [MBytes/s],40,0.0
ICX,FP32,CUSTOM,8000,Memory write bandwidth [MBytes/s],41,0.0
ICX,FP32,CUSTOM,8000,Memory write bandwidth [MBytes/s],42,0.0
ICX,FP32,CUSTOM,8000,Memory write bandwidth [MBytes/s],43,0.0
ICX,FP32,CUSTOM,8000,Memory write bandwidth [MBytes/s],44,0.0
ICX,FP32,CUSTOM,8000,Memory write bandwidth [MBytes/s],45,0.0
ICX,FP32,CUSTOM,8000,Memory write bandwidth [MBytes/s],46,0.0
ICX,FP32,CUSTOM,8000,Memory write bandwidth [MBytes/s],47,0.0
ICX,FP32,CUSTOM,8000,Memory write bandwidth [MBytes/s],48,0.0
ICX,FP32,CUSTOM,8000,Memory write bandwidth [MBytes/s],49,0.0
ICX,FP32,CUSTOM,8000,Memory write bandwidth [MBytes/s],50,0.0
ICX,FP32,CUSTOM,8000,Memory write bandwidth [MBytes/s],51,0.0
ICX,FP32,CUSTOM,8000,Memory write bandwidth [MBytes/s],52,0.0
ICX,FP32,CUSTOM,8000,Memory write bandwidth [MBytes/s],53,0.0
ICX,FP32,CUSTOM,8000,Memory write bandwidth [MBytes/s],54,0.0
ICX,FP32,CUSTOM,8000,Memory write bandwidth [MBytes/s],55,0.0
ICX,FP32,CUSTOM,8000,Memory write bandwidth [MBytes/s],56,0.0
ICX,FP32,CUSTOM,8000,Memory write bandwidth [MBytes/s],57,0.0
ICX,FP32,CUSTOM,8000,Memory write bandwidth [MBytes/s],58,0.0
ICX,FP32,CUSTOM,8000,Memory write bandwidth [MBytes/s],59,0.0
ICX,FP32,CUSTOM,8000,Memory write bandwidth [MBytes/s],60,0.0
ICX,FP32,CUSTOM,8000,Memory write bandwidth [MBytes/s],61,0.0
ICX,FP32,CUSTOM,8000,Memory write bandwidth [MBytes/s],62,0.0
ICX,FP32,CUSTOM,8000,Memory write bandwidth [MBytes/s],63,0.0
ICX,FP32,CUSTOM,8000,Memory write bandwidth [MBytes/s],64,0.0
ICX,FP32,CUSTOM,8000,Memory write bandwidth [MBytes/s],65,0.0
ICX,FP32,CUSTOM,8000,Memory write bandwidth [MBytes/s],66,0.0
ICX,FP32,CUSTOM,8000,Memory write bandwidth [MBytes/s],67,0.0
ICX,FP32,CUSTOM,8000,Memory write bandwidth [MBytes/s],68,0.0
ICX,FP32,CUSTOM,8000,Memory write bandwidth [MBytes/s],69,0.0
ICX,FP32,CUSTOM,8000,Memory write bandwidth [MBytes/s],70,0.0
ICX,FP32,CUSTOM,8000,Memory write bandwidth [MBytes/s],71,0.0
ICX,FP32,CUSTOM,8000,Memory write data volume [GBytes],0,2583.3009
ICX,FP32,CUSTOM,8000,Memory write data volume [GBytes],1,0.0
ICX,FP32,CUSTOM,8000,Memory write data volume [GBytes],2,0.0
ICX,FP32,CUSTOM,8000,Memory write data volume [GBytes],3,0.0
ICX,FP32,CUSTOM,8000,Memory write data volume [GBytes],4,0.0
ICX,FP32,CUSTOM,8000,Memory write data volume [GBytes],5,0.0
ICX,FP32,CUSTOM,8000,Memory write data volume [GBytes],6,0.0
ICX,FP32,CUSTOM,8000,Memory write data volume [GBytes],7,0.0
ICX,FP32,CUSTOM,8000,Memory write data volume [GBytes],8,0.0
ICX,FP32,CUSTOM,8000,Memory write data volume [GBytes],9,0.0
ICX,FP32,CUSTOM,8000,Memory write data volume [GBytes],10,0.0
ICX,FP32,CUSTOM,8000,Memory write data volume [GBytes],11,0.0
ICX,FP32,CUSTOM,8000,Memory write data volume [GBytes],12,0.0
ICX,FP32,CUSTOM,8000,Memory write data volume [GBytes],13,0.0
ICX,FP32,CUSTOM,8000,Memory write data volume [GBytes],14,0.0
ICX,FP32,CUSTOM,8000,Memory write data volume [GBytes],15,0.0
ICX,FP32,CUSTOM,8000,Memory write data volume [GBytes],16,0.0
ICX,FP32,CUSTOM,8000,Memory write data volume [GBytes],17,0.0
ICX,FP32,CUSTOM,8000,Memory write data volume [GBytes],18,0.0
ICX,FP32,CUSTOM,8000,Memory write data volume [GBytes],19,0.0
ICX,FP32,CUSTOM,8000,Memory write data volume [GBytes],20,0.0
ICX,FP32,CUSTOM,8000,Memory write data volume [GBytes],21,0.0
ICX,FP32,CUSTOM,8000,Memory write data volume [GBytes],22,0.0
ICX,FP32,CUSTOM,8000,Memory write data volume [GBytes],23,0.0
ICX,FP32,CUSTOM,8000,Memory write data volume [GBytes],24,0.0
ICX,FP32,CUSTOM,8000,Memory write data volume [GBytes],25,0.0
ICX,FP32,CUSTOM,8000,Memory write data volume [GBytes],26,0.0
ICX,FP32,CUSTOM,8000,Memory write data volume [GBytes],27,0.0
ICX,FP32,CUSTOM,8000,Memory write data volume [GBytes],28,0.0
ICX,FP32,CUSTOM,8000,Memory write data volume [GBytes],29,0.0
ICX,FP32,CUSTOM,8000,Memory write data volume [GBytes],30,0.0
ICX,FP32,CUSTOM,8000,Memory write data volume [GBytes],31,0.0
ICX,FP32,CUSTOM,8000,Memory write data volume [GBytes],32,0.0
ICX,FP32,CUSTOM,8000,Memory write data volume [GBytes],33,0.0
ICX,FP32,CUSTOM,8000,Memory write data volume [GBytes],34,0.0
ICX,FP32,CUSTOM,8000,Memory write data volume [GBytes],35,0.0
ICX,FP32,CUSTOM,8000,Memory write data volume [GBytes],36,2200.5622
ICX,FP32,CUSTOM,8000,Memory write data volume [GBytes],37,0.0
ICX,FP32,CUSTOM,8000,Memory write data volume [GBytes],38,0.0
ICX,FP32,CUSTOM,8000,Memory write data volume [GBytes],39,0.0
ICX,FP32,CUSTOM,8000,Memory write data volume [GBytes],40,0.0
ICX,FP32,CUSTOM,8000,Memory write data volume [GBytes],41,0.0
ICX,FP32,CUSTOM,8000,Memory write data volume [GBytes],42,0.0
ICX,FP32,CUSTOM,8000,Memory write data volume [GBytes],43,0.0
ICX,FP32,CUSTOM,8000,Memory write data volume [GBytes],44,0.0
ICX,FP32,CUSTOM,8000,Memory write data volume [GBytes],45,0.0
ICX,FP32,CUSTOM,8000,Memory write data volume [GBytes],46,0.0
ICX,FP32,CUSTOM,8000,Memory write data volume [GBytes],47,0.0
ICX,FP32,CUSTOM,8000,Memory write data volume [GBytes],48,0.0
ICX,FP32,CUSTOM,8000,Memory write data volume [GBytes],49,0.0
ICX,FP32,CUSTOM,8000,Memory write data volume [GBytes],50,0.0
ICX,FP32,CUSTOM,8000,Memory write data volume [GBytes],51,0.0
ICX,FP32,CUSTOM,8000,Memory write data volume [GBytes],52,0.0
ICX,FP32,CUSTOM,8000,Memory write data volume [GBytes],53,0.0
ICX,FP32,CUSTOM,8000,Memory write data volume [GBytes],54,0.0
ICX,FP32,CUSTOM,8000,Memory write data volume [GBytes],55,0.0
ICX,FP32,CUSTOM,8000,Memory write data volume [GBytes],56,0.0
ICX,FP32,CUSTOM,8000,Memory write data volume [GBytes],57,0.0
ICX,FP32,CUSTOM,8000,Memory write data volume [GBytes],58,0.0
ICX,FP32,CUSTOM,8000,Memory write data volume [GBytes],59,0.0
ICX,FP32,CUSTOM,8000,Memory write data volume [GBytes],60,0.0
ICX,FP32,CUSTOM,8000,Memory write data volume [GBytes],61,0.0
ICX,FP32,CUSTOM,8000,Memory write data volume [GBytes],62,0.0
ICX,FP32,CUSTOM,8000,Memory write data volume [GBytes],63,0.0
ICX,FP32,CUSTOM,8000,Memory write data volume [GBytes],64,0.0
ICX,FP32,CUSTOM,8000,Memory write data volume [GBytes],65,0.0
ICX,FP32,CUSTOM,8000,Memory write data volume [GBytes],66,0.0
ICX,FP32,CUSTOM,8000,Memory write data volume [GBytes],67,0.0
ICX,FP32,CUSTOM,8000,Memory write data volume [GBytes],68,0.0
ICX,FP32,CUSTOM,8000,Memory write data volume [GBytes],69,0.0
ICX,FP32,CUSTOM,8000,Memory write data volume [GBytes],70,0.0
ICX,FP32,CUSTOM,8000,Memory write data volume [GBytes],71,0.0
ICX,FP32,CUSTOM,8000,Memory bandwidth [MBytes/s],0,1996.2184
ICX,FP32,CUSTOM,8000,Memory bandwidth [MBytes/s],1,0.0
ICX,FP32,CUSTOM,8000,Memory bandwidth [MBytes/s],2,0.0
ICX,FP32,CUSTOM,8000,Memory bandwidth [MBytes/s],3,0.0
ICX,FP32,CUSTOM,8000,Memory bandwidth [MBytes/s],4,0.0
ICX,FP32,CUSTOM,8000,Memory bandwidth [MBytes/s],5,0.0
ICX,FP32,CUSTOM,8000,Memory bandwidth [MBytes/s],6,0.0
ICX,FP32,CUSTOM,8000,Memory bandwidth [MBytes/s],7,0.0
ICX,FP32,CUSTOM,8000,Memory bandwidth [MBytes/s],8,0.0
ICX,FP32,CUSTOM,8000,Memory bandwidth [MBytes/s],9,0.0
ICX,FP32,CUSTOM,8000,Memory bandwidth [MBytes/s],10,0.0
ICX,FP32,CUSTOM,8000,Memory bandwidth [MBytes/s],11,0.0
ICX,FP32,CUSTOM,8000,Memory bandwidth [MBytes/s],12,0.0
ICX,FP32,CUSTOM,8000,Memory bandwidth [MBytes/s],13,0.0
ICX,FP32,CUSTOM,8000,Memory bandwidth [MBytes/s],14,0.0
ICX,FP32,CUSTOM,8000,Memory bandwidth [MBytes/s],15,0.0
ICX,FP32,CUSTOM,8000,Memory bandwidth [MBytes/s],16,0.0
ICX,FP32,CUSTOM,8000,Memory bandwidth [MBytes/s],17,0.0
ICX,FP32,CUSTOM,8000,Memory bandwidth [MBytes/s],18,0.0
ICX,FP32,CUSTOM,8000,Memory bandwidth [MBytes/s],19,0.0
ICX,FP32,CUSTOM,8000,Memory bandwidth [MBytes/s],20,0.0
ICX,FP32,CUSTOM,8000,Memory bandwidth [MBytes/s],21,0.0
ICX,FP32,CUSTOM,8000,Memory bandwidth [MBytes/s],22,0.0
ICX,FP32,CUSTOM,8000,Memory bandwidth [MBytes/s],23,0.0
ICX,FP32,CUSTOM,8000,Memory bandwidth [MBytes/s],24,0.0
ICX,FP32,CUSTOM,8000,Memory bandwidth [MBytes/s],25,0.0
ICX,FP32,CUSTOM,8000,Memory bandwidth [MBytes/s],26,0.0
ICX,FP32,CUSTOM,8000,Memory bandwidth [MBytes/s],27,0.0
ICX,FP32,CUSTOM,8000,Memory bandwidth [MBytes/s],28,0.0
ICX,FP32,CUSTOM,8000,Memory bandwidth [MBytes/s],29,0.0
ICX,FP32,CUSTOM,8000,Memory bandwidth [MBytes/s],30,0.0
ICX,FP32,CUSTOM,8000,Memory bandwidth [MBytes/s],31,0.0
ICX,FP32,CUSTOM,8000,Memory bandwidth [MBytes/s],32,0.0
ICX,FP32,CUSTOM,8000,Memory bandwidth [MBytes/s],33,0.0
ICX,FP32,CUSTOM,8000,Memory bandwidth [MBytes/s],34,0.0
ICX,FP32,CUSTOM,8000,Memory bandwidth [MBytes/s],35,0.0
ICX,FP32,CUSTOM,8000,Memory bandwidth [MBytes/s],36,2211.6179
ICX,FP32,CUSTOM,8000,Memory bandwidth [MBytes/s],37,0.0
ICX,FP32,CUSTOM,8000,Memory bandwidth [MBytes/s],38,0.0
ICX,FP32,CUSTOM,8000,Memory bandwidth [MBytes/s],39,0.0
ICX,FP32,CUSTOM,8000,Memory bandwidth [MBytes/s],40,0.0
ICX,FP32,CUSTOM,8000,Memory bandwidth [MBytes/s],41,0.0
ICX,FP32,CUSTOM,8000,Memory bandwidth [MBytes/s],42,0.0
ICX,FP32,CUSTOM,8000,Memory bandwidth [MBytes/s],43,0.0
ICX,FP32,CUSTOM,8000,Memory bandwidth [MBytes/s],44,0.0
ICX,FP32,CUSTOM,8000,Memory bandwidth [MBytes/s],45,0.0
ICX,FP32,CUSTOM,8000,Memory bandwidth [MBytes/s],46,0.0
ICX,FP32,CUSTOM,8000,Memory bandwidth [MBytes/s],47,0.0
ICX,FP32,CUSTOM,8000,Memory bandwidth [MBytes/s],48,0.0
ICX,FP32,CUSTOM,8000,Memory bandwidth [MBytes/s],49,0.0
ICX,FP32,CUSTOM,8000,Memory bandwidth [MBytes/s],50,0.0
ICX,FP32,CUSTOM,8000,Memory bandwidth [MBytes/s],51,0.0
ICX,FP32,CUSTOM,8000,Memory bandwidth [MBytes/s],52,0.0
ICX,FP32,CUSTOM,8000,Memory bandwidth [MBytes/s],53,0.0
ICX,FP32,CUSTOM,8000,Memory bandwidth [MBytes/s],54,0.0
ICX,FP32,CUSTOM,8000,Memory bandwidth [MBytes/s],55,0.0
ICX,FP32,CUSTOM,8000,Memory bandwidth [MBytes/s],56,0.0
ICX,FP32,CUSTOM,8000,Memory bandwidth [MBytes/s],57,0.0
ICX,FP32,CUSTOM,8000,Memory bandwidth [MBytes/s],58,0.0
ICX,FP32,CUSTOM,8000,Memory bandwidth [MBytes/s],59,0.0
ICX,FP32,CUSTOM,8000,Memory bandwidth [MBytes/s],60,0.0
ICX,FP32,CUSTOM,8000,Memory bandwidth [MBytes/s],61,0.0
ICX,FP32,CUSTOM,8000,Memory bandwidth [MBytes/s],62,0.0
ICX,FP32,CUSTOM,8000,Memory bandwidth [MBytes/s],63,0.0
ICX,FP32,CUSTOM,8000,Memory bandwidth [MBytes/s],64,0.0
ICX,FP32,CUSTOM,8000,Memory bandwidth [MBytes/s],65,0.0
ICX,FP32,CUSTOM,8000,Memory bandwidth [MBytes/s],66,0.0
ICX,FP32,CUSTOM,8000,Memory bandwidth [MBytes/s],67,0.0
ICX,FP32,CUSTOM,8000,Memory bandwidth [MBytes/s],68,0.0
ICX,FP32,CUSTOM,8000,Memory bandwidth [MBytes/s],69,0.0
ICX,FP32,CUSTOM,8000,Memory bandwidth [MBytes/s],70,0.0
ICX,FP32,CUSTOM,8000,Memory bandwidth [MBytes/s],71,0.0
ICX,FP32,CUSTOM,8000,Memory data volume [GBytes],0,7824.7873
ICX,FP32,CUSTOM,8000,Memory data volume [GBytes],1,0.0
ICX,FP32,CUSTOM,8000,Memory data volume [GBytes],2,0.0
ICX,FP32,CUSTOM,8000,Memory data volume [GBytes],3,0.0
ICX,FP32,CUSTOM,8000,Memory data volume [GBytes],4,0.0
ICX,FP32,CUSTOM,8000,Memory data volume [GBytes],5,0.0
ICX,FP32,CUSTOM,8000,Memory data volume [GBytes],6,0.0
ICX,FP32,CUSTOM,8000,Memory data volume [GBytes],7,0.0
ICX,FP32,CUSTOM,8000,Memory data volume [GBytes],8,0.0
ICX,FP32,CUSTOM,8000,Memory data volume [GBytes],9,0.0
ICX,FP32,CUSTOM,8000,Memory data volume [GBytes],10,0.0
ICX,FP32,CUSTOM,8000,Memory data volume [GBytes],11,0.0
ICX,FP32,CUSTOM,8000,Memory data volume [GBytes],12,0.0
ICX,FP32,CUSTOM,8000,Memory data volume [GBytes],13,0.0
ICX,FP32,CUSTOM,8000,Memory data volume [GBytes],14,0.0
ICX,FP32,CUSTOM,8000,Memory data volume [GBytes],15,0.0
ICX,FP32,CUSTOM,8000,Memory data volume [GBytes],16,0.0
ICX,FP32,CUSTOM,8000,Memory data volume [GBytes],17,0.0
ICX,FP32,CUSTOM,8000,Memory data volume [GBytes],18,0.0
ICX,FP32,CUSTOM,8000,Memory data volume [GBytes],19,0.0
ICX,FP32,CUSTOM,8000,Memory data volume [GBytes],20,0.0
ICX,FP32,CUSTOM,8000,Memory data volume [GBytes],21,0.0
ICX,FP32,CUSTOM,8000,Memory data volume [GBytes],22,0.0
ICX,FP32,CUSTOM,8000,Memory data volume [GBytes],23,0.0
ICX,FP32,CUSTOM,8000,Memory data volume [GBytes],24,0.0
ICX,FP32,CUSTOM,8000,Memory data volume [GBytes],25,0.0
ICX,FP32,CUSTOM,8000,Memory data volume [GBytes],26,0.0
ICX,FP32,CUSTOM,8000,Memory data volume [GBytes],27,0.0
ICX,FP32,CUSTOM,8000,Memory data volume [GBytes],28,0.0
ICX,FP32,CUSTOM,8000,Memory data volume [GBytes],29,0.0
ICX,FP32,CUSTOM,8000,Memory data volume [GBytes],30,0.0
ICX,FP32,CUSTOM,8000,Memory data volume [GBytes],31,0.0
ICX,FP32,CUSTOM,8000,Memory data volume [GBytes],32,0.0
ICX,FP32,CUSTOM,8000,Memory data volume [GBytes],33,0.0
ICX,FP32,CUSTOM,8000,Memory data volume [GBytes],34,0.0
ICX,FP32,CUSTOM,8000,Memory data volume [GBytes],35,0.0
ICX,FP32,CUSTOM,8000,Memory data volume [GBytes],36,8669.1111
ICX,FP32,CUSTOM,8000,Memory data volume [GBytes],37,0.0
ICX,FP32,CUSTOM,8000,Memory data volume [GBytes],38,0.0
ICX,FP32,CUSTOM,8000,Memory data volume [GBytes],39,0.0
ICX,FP32,CUSTOM,8000,Memory data volume [GBytes],40,0.0
ICX,FP32,CUSTOM,8000,Memory data volume [GBytes],41,0.0
ICX,FP32,CUSTOM,8000,Memory data volume [GBytes],42,0.0
ICX,FP32,CUSTOM,8000,Memory data volume [GBytes],43,0.0
ICX,FP32,CUSTOM,8000,Memory data volume [GBytes],44,0.0
ICX,FP32,CUSTOM,8000,Memory data volume [GBytes],45,0.0
ICX,FP32,CUSTOM,8000,Memory data volume [GBytes],46,0.0
ICX,FP32,CUSTOM,8000,Memory data volume [GBytes],47,0.0
ICX,FP32,CUSTOM,8000,Memory data volume [GBytes],48,0.0
ICX,FP32,CUSTOM,8000,Memory data volume [GBytes],49,0.0
ICX,FP32,CUSTOM,8000,Memory data volume [GBytes],50,0.0
ICX,FP32,CUSTOM,8000,Memory data volume [GBytes],51,0.0
ICX,FP32,CUSTOM,8000,Memory data volume [GBytes],52,0.0
ICX,FP32,CUSTOM,8000,Memory data volume [GBytes],53,0.0
ICX,FP32,CUSTOM,8000,Memory data volume [GBytes],54,0.0
ICX,FP32,CUSTOM,8000,Memory data volume [GBytes],55,0.0
ICX,FP32,CUSTOM,8000,Memory data volume [GBytes],56,0.0
ICX,FP32,CUSTOM,8000,Memory data volume [GBytes],57,0.0
ICX,FP32,CUSTOM,8000,Memory data volume [GBytes],58,0.0
ICX,FP32,CUSTOM,8000,Memory data volume [GBytes],59,0.0
ICX,FP32,CUSTOM,8000,Memory data volume [GBytes],60,0.0
ICX,FP32,CUSTOM,8000,Memory data volume [GBytes],61,0.0
ICX,FP32,CUSTOM,8000,Memory data volume [GBytes],62,0.0
ICX,FP32,CUSTOM,8000,Memory data volume [GBytes],63,0.0
ICX,FP32,CUSTOM,8000,Memory data volume [GBytes],64,0.0
ICX,FP32,CUSTOM,8000,Memory data volume [GBytes],65,0.0
ICX,FP32,CUSTOM,8000,Memory data volume [GBytes],66,0.0
ICX,FP32,CUSTOM,8000,Memory data volume [GBytes],67,0.0
ICX,FP32,CUSTOM,8000,Memory data volume [GBytes],68,0.0
ICX,FP32,CUSTOM,8000,Memory data volume [GBytes],69,0.0
ICX,FP32,CUSTOM,8000,Memory data volume [GBytes],70,0.0
ICX,FP32,CUSTOM,8000,Memory data volume [GBytes],71,0.0
ICX,FP64,CUSTOM,8000,Runtime (RDTSC) [s],0,5524.8668
ICX,FP64,CUSTOM,8000,Runtime (RDTSC) [s],1,5524.8668
ICX,FP64,CUSTOM,8000,Runtime (RDTSC) [s],2,5524.8668
ICX,FP64,CUSTOM,8000,Runtime (RDTSC) [s],3,5524.8668
ICX,FP64,CUSTOM,8000,Runtime (RDTSC) [s],4,5524.8668
ICX,FP64,CUSTOM,8000,Runtime (RDTSC) [s],5,5524.8668
ICX,FP64,CUSTOM,8000,Runtime (RDTSC) [s],6,5524.8668
ICX,FP64,CUSTOM,8000,Runtime (RDTSC) [s],7,5524.8668
ICX,FP64,CUSTOM,8000,Runtime (RDTSC) [s],8,5524.8668
ICX,FP64,CUSTOM,8000,Runtime (RDTSC) [s],9,5524.8668
ICX,FP64,CUSTOM,8000,Runtime (RDTSC) [s],10,5524.8668
ICX,FP64,CUSTOM,8000,Runtime (RDTSC) [s],11,5524.8668
ICX,FP64,CUSTOM,8000,Runtime (RDTSC) [s],12,5524.8668
ICX,FP64,CUSTOM,8000,Runtime (RDTSC) [s],13,5524.8668
ICX,FP64,CUSTOM,8000,Runtime (RDTSC) [s],14,5524.8668
ICX,FP64,CUSTOM,8000,Runtime (RDTSC) [s],15,5524.8668
ICX,FP64,CUSTOM,8000,Runtime (RDTSC) [s],16,5524.8668
ICX,FP64,CUSTOM,8000,Runtime (RDTSC) [s],17,5524.8668
ICX,FP64,CUSTOM,8000,Runtime (RDTSC) [s],18,5524.8668
ICX,FP64,CUSTOM,8000,Runtime (RDTSC) [s],19,5524.8668
ICX,FP64,CUSTOM,8000,Runtime (RDTSC) [s],20,5524.8668
ICX,FP64,CUSTOM,8000,Runtime (RDTSC) [s],21,5524.8668
ICX,FP64,CUSTOM,8000,Runtime (RDTSC) [s],22,5524.8668
ICX,FP64,CUSTOM,8000,Runtime (RDTSC) [s],23,5524.8668
ICX,FP64,CUSTOM,8000,Runtime (RDTSC) [s],24,5524.8668
ICX,FP64,CUSTOM,8000,Runtime (RDTSC) [s],25,5524.8668
ICX,FP64,CUSTOM,8000,Runtime (RDTSC) [s],26,5524.8668
ICX,FP64,CUSTOM,8000,Runtime (RDTSC) [s],27,5524.8668
ICX,FP64,CUSTOM,8000,Runtime (RDTSC) [s],28,5524.8668
ICX,FP64,CUSTOM,8000,Runtime (RDTSC) [s],29,5524.8668
ICX,FP64,CUSTOM,8000,Runtime (RDTSC) [s],30,5524.8668
ICX,FP64,CUSTOM,8000,Runtime (RDTSC) [s],31,5524.8668
ICX,FP64,CUSTOM,8000,Runtime (RDTSC) [s],32,5524.8668
ICX,FP64,CUSTOM,8000,Runtime (RDTSC) [s],33,5524.8668
ICX,FP64,CUSTOM,8000,Runtime (RDTSC) [s],34,5524.8668
ICX,FP64,CUSTOM,8000,Runtime (RDTSC) [s],35,5524.8668
ICX,FP64,CUSTOM,8000,Runtime (RDTSC) [s],36,5524.8668
ICX,FP64,CUSTOM,8000,Runtime (RDTSC) [s],37,5524.8668
ICX,FP64,CUSTOM,8000,Runtime (RDTSC) [s],38,5524.8668
ICX,FP64,CUSTOM,8000,Runtime (RDTSC) [s],39,5524.8668
ICX,FP64,CUSTOM,8000,Runtime (RDTSC) [s],40,5524.8668
ICX,FP64,CUSTOM,8000,Runtime (RDTSC) [s],41,5524.8668
ICX,FP64,CUSTOM,8000,Runtime (RDTSC) [s],42,5524.8668
ICX,FP64,CUSTOM,8000,Runtime (RDTSC) [s],43,5524.8668
ICX,FP64,CUSTOM,8000,Runtime (RDTSC) [s],44,5524.8668
ICX,FP64,CUSTOM,8000,Runtime (RDTSC) [s],45,5524.8668
ICX,FP64,CUSTOM,8000,Runtime (RDTSC) [s],46,5524.8668
ICX,FP64,CUSTOM,8000,Runtime (RDTSC) [s],47,5524.8668
ICX,FP64,CUSTOM,8000,Runtime (RDTSC) [s],48,5524.8668
ICX,FP64,CUSTOM,8000,Runtime (RDTSC) [s],49,5524.8668
ICX,FP64,CUSTOM,8000,Runtime (RDTSC) [s],50,5524.8668
ICX,FP64,CUSTOM,8000,Runtime (RDTSC) [s],51,5524.8668
ICX,FP64,CUSTOM,8000,Runtime (RDTSC) [s],52,5524.8668
ICX,FP64,CUSTOM,8000,Runtime (RDTSC) [s],53,5524.8668
ICX,FP64,CUSTOM,8000,Runtime (RDTSC) [s],54,5524.8668
ICX,FP64,CUSTOM,8000,Runtime (RDTSC) [s],55,5524.8668
ICX,FP64,CUSTOM,8000,Runtime (RDTSC) [s],56,5524.8668
ICX,FP64,CUSTOM,8000,Runtime (RDTSC) [s],57,5524.8668
ICX,FP64,CUSTOM,8000,Runtime (RDTSC) [s],58,5524.8668
ICX,FP64,CUSTOM,8000,Runtime (RDTSC) [s],59,5524.8668
ICX,FP64,CUSTOM,8000,Runtime (RDTSC) [s],60,5524.8668
ICX,FP64,CUSTOM,8000,Runtime (RDTSC) [s],61,5524.8668
ICX,FP64,CUSTOM,8000,Runtime (RDTSC) [s],62,5524.8668
ICX,FP64,CUSTOM,8000,Runtime (RDTSC) [s],63,5524.8668
ICX,FP64,CUSTOM,8000,Runtime (RDTSC) [s],64,5524.8668
ICX,FP64,CUSTOM,8000,Runtime (RDTSC) [s],65,5524.8668
ICX,FP64,CUSTOM,8000,Runtime (RDTSC) [s],66,5524.8668
ICX,FP64,CUSTOM,8000,Runtime (RDTSC) [s],67,5524.8668
ICX,FP64,CUSTOM,8000,Runtime (RDTSC) [s],68,5524.8668
ICX,FP64,CUSTOM,8000,Runtime (RDTSC) [s],69,5524.8668
ICX,FP64,CUSTOM,8000,Runtime (RDTSC) [s],70,5524.8668
ICX,FP64,CUSTOM,8000,Runtime (RDTSC) [s],71,5524.8668
ICX,FP64,CUSTOM,8000,Runtime unhalted [s],0,6940.4697
ICX,FP64,CUSTOM,8000,Runtime unhalted [s],1,6905.5123
ICX,FP64,CUSTOM,8000,Runtime unhalted [s],2,6878.0419
ICX,FP64,CUSTOM,8000,Runtime unhalted [s],3,6864.4071
ICX,FP64,CUSTOM,8000,Runtime unhalted [s],4,6905.3622
ICX,FP64,CUSTOM,8000,Runtime unhalted [s],5,6888.6846
ICX,FP64,CUSTOM,8000,Runtime unhalted [s],6,6867.8087
ICX,FP64,CUSTOM,8000,Runtime unhalted [s],7,6868.6757
ICX,FP64,CUSTOM,8000,Runtime unhalted [s],8,6876.6648
ICX,FP64,CUSTOM,8000,Runtime unhalted [s],9,6862.3539
ICX,FP64,CUSTOM,8000,Runtime unhalted [s],10,6857.4681
ICX,FP64,CUSTOM,8000,Runtime unhalted [s],11,6896.8654
ICX,FP64,CUSTOM,8000,Runtime unhalted [s],12,6861.1195
ICX,FP64,CUSTOM,8000,Runtime unhalted [s],13,6859.5859
ICX,FP64,CUSTOM,8000,Runtime unhalted [s],14,6888.6917
ICX,FP64,CUSTOM,8000,Runtime unhalted [s],15,6859.2122
ICX,FP64,CUSTOM,8000,Runtime unhalted [s],16,6871.1207
ICX,FP64,CUSTOM,8000,Runtime unhalted [s],17,6871.6846
ICX,FP64,CUSTOM,8000,Runtime unhalted [s],18,6858.1281
ICX,FP64,CUSTOM,8000,Runtime unhalted [s],19,6882.3342
ICX,FP64,CUSTOM,8000,Runtime unhalted [s],20,6866.527
ICX,FP64,CUSTOM,8000,Runtime unhalted [s],21,6852.1609
ICX,FP64,CUSTOM,8000,Runtime unhalted [s],22,6928.7896
ICX,FP64,CUSTOM,8000,Runtime unhalted [s],23,6852.8385
ICX,FP64,CUSTOM,8000,Runtime unhalted [s],24,6859.1518
ICX,FP64,CUSTOM,8000,Runtime unhalted [s],25,6885.6607
ICX,FP64,CUSTOM,8000,Runtime unhalted [s],26,6857.2036
ICX,FP64,CUSTOM,8000,Runtime unhalted [s],27,6858.8847
ICX,FP64,CUSTOM,8000,Runtime unhalted [s],28,6861.7402
ICX,FP64,CUSTOM,8000,Runtime unhalted [s],29,6859.2282
ICX,FP64,CUSTOM,8000,Runtime unhalted [s],30,6845.6227
ICX,FP64,CUSTOM,8000,Runtime unhalted [s],31,6842.2949
ICX,FP64,CUSTOM,8000,Runtime unhalted [s],32,6864.9862
ICX,FP64,CUSTOM,8000,Runtime unhalted [s],33,6875.6066
ICX,FP64,CUSTOM,8000,Runtime unhalted [s],34,6851.5692
ICX,FP64,CUSTOM,8000,Runtime unhalted [s],35,6958.2136
ICX,FP64,CUSTOM,8000,Runtime unhalted [s],36,6934.9737
ICX,FP64,CUSTOM,8000,Runtime unhalted [s],37,6878.3167
ICX,FP64,CUSTOM,8000,Runtime unhalted [s],38,6870.9986
ICX,FP64,CUSTOM,8000,Runtime unhalted [s],39,6866.9499
ICX,FP64,CUSTOM,8000,Runtime unhalted [s],40,6883.45
ICX,FP64,CUSTOM,8000,Runtime unhalted [s],41,6869.6811
ICX,FP64,CUSTOM,8000,Runtime unhalted [s],42,6852.264
ICX,FP64,CUSTOM,8000,Runtime unhalted [s],43,6856.4317
ICX,FP64,CUSTOM,8000,Runtime unhalted [s],44,6872.1257
ICX,FP64,CUSTOM,8000,Runtime unhalted [s],45,6855.2421
ICX,FP64,CUSTOM,8000,Runtime unhalted [s],46,6880.2762
ICX,FP64,CUSTOM,8000,Runtime unhalted [s],47,6877.8686
ICX,FP64,CUSTOM,8000,Runtime unhalted [s],48,6840.6941
ICX,FP64,CUSTOM,8000,Runtime unhalted [s],49,6847.1704
ICX,FP64,CUSTOM,8000,Runtime unhalted [s],50,6866.5306
ICX,FP64,CUSTOM,8000,Runtime unhalted [s],51,6851.7112
ICX,FP64,CUSTOM,8000,Runtime unhalted [s],52,6849.0777
ICX,FP64,CUSTOM,8000,Runtime unhalted [s],53,6821.5171
ICX,FP64,CUSTOM,8000,Runtime unhalted [s],54,6848.8642
ICX,FP64,CUSTOM,8000,Runtime unhalted [s],55,6851.1864
ICX,FP64,CUSTOM,8000,Runtime unhalted [s],56,6874.1416
ICX,FP64,CUSTOM,8000,Runtime unhalted [s],57,6913.3542
ICX,FP64,CUSTOM,8000,Runtime unhalted [s],58,6850.774
ICX,FP64,CUSTOM,8000,Runtime unhalted [s],59,6894.1881
ICX,FP64,CUSTOM,8000,Runtime unhalted [s],60,6849.8093
ICX,FP64,CUSTOM,8000,Runtime unhalted [s],61,6850.5751
ICX,FP64,CUSTOM,8000,Runtime unhalted [s],62,6872.3394
ICX,FP64,CUSTOM,8000,Runtime unhalted [s],63,6847.844
ICX,FP64,CUSTOM,8000,Runtime unhalted [s],64,6845.1376
ICX,FP64,CUSTOM,8000,Runtime unhalted [s],65,6858.1279
ICX,FP64,CUSTOM,8000,Runtime unhalted [s],66,6853.6917
ICX,FP64,CUSTOM,8000,Runtime unhalted [s],67,6848.9704
ICX,FP64,CUSTOM,8000,Runtime unhalted [s],68,6857.3869
ICX,FP64,CUSTOM,8000,Runtime unhalted [s],69,6853.6721
ICX,FP64,CUSTOM,8000,Runtime unhalted [s],70,6873.1656
ICX,FP64,CUSTOM,8000,Runtime unhalted [s],71,6953.4085
ICX,FP64,CUSTOM,8000,Clock [MHz],0,3064.7631
ICX,FP64,CUSTOM,8000,Clock [MHz],1,3065.6595
ICX,FP64,CUSTOM,8000,Clock [MHz],2,3065.5636
ICX,FP64,CUSTOM,8000,Clock [MHz],3,3065.5192
ICX,FP64,CUSTOM,8000,Clock [MHz],4,3065.7218
ICX,FP64,CUSTOM,8000,Clock [MHz],5,3065.6443
ICX,FP64,CUSTOM,8000,Clock [MHz],6,3065.5441
ICX,FP64,CUSTOM,8000,Clock [MHz],7,3065.5424
ICX,FP64,CUSTOM,8000,Clock [MHz],8,3066.1094
ICX,FP64,CUSTOM,8000,Clock [MHz],9,3066.0352
ICX,FP64,CUSTOM,8000,Clock [MHz],10,3066.0077
ICX,FP64,CUSTOM,8000,Clock [MHz],11,3066.2172
ICX,FP64,CUSTOM,8000,Clock [MHz],12,3066.0469
ICX,FP64,CUSTOM,8000,Clock [MHz],13,3066.031
ICX,FP64,CUSTOM,8000,Clock [MHz],14,3066.1692
ICX,FP64,CUSTOM,8000,Clock [MHz],15,3066.0274
ICX,FP64,CUSTOM,8000,Clock [MHz],16,3066.0803
ICX,FP64,CUSTOM,8000,Clock [MHz],17,3066.1413
ICX,FP64,CUSTOM,8000,Clock [MHz],18,3066.0798
ICX,FP64,CUSTOM,8000,Clock [MHz],19,3066.196
ICX,FP64,CUSTOM,8000,Clock [MHz],20,3066.1186
ICX,FP64,CUSTOM,8000,Clock [MHz],21,3066.0519
ICX,FP64,CUSTOM,8000,Clock [MHz],22,3066.4273
ICX,FP64,CUSTOM,8000,Clock [MHz],23,3066.0579
ICX,FP64,CUSTOM,8000,Clock [MHz],24,3066.0876
ICX,FP64,CUSTOM,8000,Clock [MHz],25,3066.2079
ICX,FP64,CUSTOM,8000,Clock [MHz],26,3066.1036
ICX,FP64,CUSTOM,8000,Clock [MHz],27,3066.1116
ICX,FP64,CUSTOM,8000,Clock [MHz],28,3066.1253
ICX,FP64,CUSTOM,8000,Clock [MHz],29,3066.1133
ICX,FP64,CUSTOM,8000,Clock [MHz],30,3066.0524
ICX,FP64,CUSTOM,8000,Clock [MHz],31,3066.0308
ICX,FP64,CUSTOM,8000,Clock [MHz],32,3066.1423
ICX,FP64,CUSTOM,8000,Clock [MHz],33,3066.1907
ICX,FP64,CUSTOM,8000,Clock [MHz],34,3066.0729
ICX,FP64,CUSTOM,8000,Clock [MHz],35,3066.4201
ICX,FP64,CUSTOM,8000,Clock [MHz],36,3070.8365
ICX,FP64,CUSTOM,8000,Clock [MHz],37,3070.6114
ICX,FP64,CUSTOM,8000,Clock [MHz],38,3070.5799
ICX,FP64,CUSTOM,8000,Clock [MHz],39,3070.5744
ICX,FP64,CUSTOM,8000,Clock [MHz],40,3070.6461
ICX,FP64,CUSTOM,8000,Clock [MHz],41,3070.5875
ICX,FP64,CUSTOM,8000,Clock [MHz],42,3070.5139
ICX,FP64,CUSTOM,8000,Clock [MHz],43,3070.523
ICX,FP64,CUSTOM,8000,Clock [MHz],44,3070.7672
ICX,FP64,CUSTOM,8000,Clock [MHz],45,3070.6972
ICX,FP64,CUSTOM,8000,Clock [MHz],46,3070.8063
ICX,FP64,CUSTOM,8000,Clock [MHz],47,3070.7978
ICX,FP64,CUSTOM,8000,Clock [MHz],48,3070.6386
ICX,FP64,CUSTOM,8000,Clock [MHz],49,3070.6641
ICX,FP64,CUSTOM,8000,Clock [MHz],50,3070.7463
ICX,FP64,CUSTOM,8000,Clock [MHz],51,3070.6887
ICX,FP64,CUSTOM,8000,Clock [MHz],52,3070.6704
ICX,FP64,CUSTOM,8000,Clock [MHz],53,3072.9031
ICX,FP64,CUSTOM,8000,Clock [MHz],54,3070.0467
ICX,FP64,CUSTOM,8000,Clock [MHz],55,3070.1401
ICX,FP64,CUSTOM,8000,Clock [MHz],56,3070.2656
ICX,FP64,CUSTOM,8000,Clock [MHz],57,3070.4536
ICX,FP64,CUSTOM,8000,Clock [MHz],58,3070.1801
ICX,FP64,CUSTOM,8000,Clock [MHz],59,3070.385
ICX,FP64,CUSTOM,8000,Clock [MHz],60,3070.1949
ICX,FP64,CUSTOM,8000,Clock [MHz],61,3070.1884
ICX,FP64,CUSTOM,8000,Clock [MHz],62,3070.6107
ICX,FP64,CUSTOM,8000,Clock [MHz],63,3070.51
ICX,FP64,CUSTOM,8000,Clock [MHz],64,3070.5026
ICX,FP64,CUSTOM,8000,Clock [MHz],65,3070.5621
ICX,FP64,CUSTOM,8000,Clock [MHz],66,3070.5511
ICX,FP64,CUSTOM,8000,Clock [MHz],67,3070.5252
ICX,FP64,CUSTOM,8000,Clock [MHz],68,3070.5649
ICX,FP64,CUSTOM,8000,Clock [MHz],69,3070.5492
ICX,FP64,CUSTOM,8000,Clock [MHz],70,3070.626
ICX,FP64,CUSTOM,8000,Clock [MHz],71,3070.3786
ICX,FP64,CUSTOM,8000,CPI,0,1.5447
ICX,FP64,CUSTOM,8000,CPI,1,1.5003
ICX,FP64,CUSTOM,8000,CPI,2,1.491
ICX,FP64,CUSTOM,8000,CPI,3,1.497
ICX,FP64,CUSTOM,8000,CPI,4,1.4978
ICX,FP64,CUSTOM,8000,CPI,5,1.4945
ICX,FP64,CUSTOM,8000,CPI,6,1.4961
ICX,FP64,CUSTOM,8000,CPI,7,1.4899
ICX,FP64,CUSTOM,8000,CPI,8,1.5364
ICX,FP64,CUSTOM,8000,CPI,9,1.5394
ICX,FP64,CUSTOM,8000,CPI,10,1.5347
ICX,FP64,CUSTOM,8000,CPI,11,1.5406
ICX,FP64,CUSTOM,8000,CPI,12,1.5392
ICX,FP64,CUSTOM,8000,CPI,13,1.532
ICX,FP64,CUSTOM,8000,CPI,14,1.5397
ICX,FP64,CUSTOM,8000,CPI,15,1.5396
ICX,FP64,CUSTOM,8000,CPI,16,1.5347
ICX,FP64,CUSTOM,8000,CPI,17,1.5372
ICX,FP64,CUSTOM,8000,CPI,18,1.5375
ICX,FP64,CUSTOM,8000,CPI,19,1.5361
ICX,FP64,CUSTOM,8000,CPI,20,1.5368
ICX,FP64,CUSTOM,8000,CPI,21,1.5354
ICX,FP64,CUSTOM,8000,CPI,22,1.5469
ICX,FP64,CUSTOM,8000,CPI,23,1.5337
ICX,FP64,CUSTOM,8000,CPI,24,1.5351
ICX,FP64,CUSTOM,8000,CPI,25,1.5389
ICX,FP64,CUSTOM,8000,CPI,26,1.5361
ICX,FP64,CUSTOM,8000,CPI,27,1.5368
ICX,FP64,CUSTOM,8000,CPI,28,1.5358
ICX,FP64,CUSTOM,8000,CPI,29,1.5374
ICX,FP64,CUSTOM,8000,CPI,30,1.5364
ICX,FP64,CUSTOM,8000,CPI,31,1.5333
ICX,FP64,CUSTOM,8000,CPI,32,1.5391
ICX,FP64,CUSTOM,8000,CPI,33,1.5438
ICX,FP64,CUSTOM,8000,CPI,34,1.5343
ICX,FP64,CUSTOM,8000,CPI,35,1.556
ICX,FP64,CUSTOM,8000,CPI,36,1.5539
ICX,FP64,CUSTOM,8000,CPI,37,1.5354
ICX,FP64,CUSTOM,8000,CPI,38,1.5311
ICX,FP64,CUSTOM,8000,CPI,39,1.5348
ICX,FP64,CUSTOM,8000,CPI,40,1.5372
ICX,FP64,CUSTOM,8000,CPI,41,1.5302
ICX,FP64,CUSTOM,8000,CPI,42,1.5307
ICX,FP64,CUSTOM,8000,CPI,43,1.5301
ICX,FP64,CUSTOM,8000,CPI,44,1.538
ICX,FP64,CUSTOM,8000,CPI,45,1.5399
ICX,FP64,CUSTOM,8000,CPI,46,1.5438
ICX,FP64,CUSTOM,8000,CPI,47,1.539
ICX,FP64,CUSTOM,8000,CPI,48,1.5385
ICX,FP64,CUSTOM,8000,CPI,49,1.5346
ICX,FP64,CUSTOM,8000,CPI,50,1.5387
ICX,FP64,CUSTOM,8000,CPI,51,1.5408
ICX,FP64,CUSTOM,8000,CPI,52,1.5347
ICX,FP64,CUSTOM,8000,CPI,53,1.5514
ICX,FP64,CUSTOM,8000,CPI,54,1.5007
ICX,FP64,CUSTOM,8000,CPI,55,1.4915
ICX,FP64,CUSTOM,8000,CPI,56,1.4977
ICX,FP64,CUSTOM,8000,CPI,57,1.5112
ICX,FP64,CUSTOM,8000,CPI,58,1.4904
ICX,FP64,CUSTOM,8000,CPI,59,1.5005
ICX,FP64,CUSTOM,8000,CPI,60,1.4959
ICX,FP64,CUSTOM,8000,CPI,61,1.4929
ICX,FP64,CUSTOM,8000,CPI,62,1.5393
ICX,FP64,CUSTOM,8000,CPI,63,1.5395
ICX,FP64,CUSTOM,8000,CPI,64,1.5346
ICX,FP64,CUSTOM,8000,CPI,65,1.538
ICX,FP64,CUSTOM,8000,CPI,66,1.5424
ICX,FP64,CUSTOM,8000,CPI,67,1.5343
ICX,FP64,CUSTOM,8000,CPI,68,1.5382
ICX,FP64,CUSTOM,8000,CPI,69,1.5398
ICX,FP64,CUSTOM,8000,CPI,70,1.5418
ICX,FP64,CUSTOM,8000,CPI,71,1.5166
ICX,FP64,CUSTOM,8000,SP [MFLOP/s],0,9.556791e-08
ICX,FP64,CUSTOM,8000,SP [MFLOP/s],1,0.0
ICX,FP64,CUSTOM,8000,SP [MFLOP/s],2,3.619997e-10
ICX,FP64,CUSTOM,8000,SP [MFLOP/s],3,3.619997e-10
ICX,FP64,CUSTOM,8000,SP [MFLOP/s],4,0.0
ICX,FP64,CUSTOM,8000,SP [MFLOP/s],5,0.0
ICX,FP64,CUSTOM,8000,SP [MFLOP/s],6,0.0
ICX,FP64,CUSTOM,8000,SP [MFLOP/s],7,0.0
ICX,FP64,CUSTOM,8000,SP [MFLOP/s],8,0.0
ICX,FP64,CUSTOM,8000,SP [MFLOP/s],9,0.0
ICX,FP64,CUSTOM,8000,SP [MFLOP/s],10,0.0
ICX,FP64,CUSTOM,8000,SP [MFLOP/s],11,0.0
ICX,FP64,CUSTOM,8000,SP [MFLOP/s],12,0.0
ICX,FP64,CUSTOM,8000,SP [MFLOP/s],13,0.0
ICX,FP64,CUSTOM,8000,SP [MFLOP/s],14,0.0
ICX,FP64,CUSTOM,8000,SP [MFLOP/s],15,0.0
ICX,FP64,CUSTOM,8000,SP [MFLOP/s],16,0.0
ICX,FP64,CUSTOM,8000,SP [MFLOP/s],17,0.0
ICX,FP64,CUSTOM,8000,SP [MFLOP/s],18,0.0
ICX,FP64,CUSTOM,8000,SP [MFLOP/s],19,0.0
ICX,FP64,CUSTOM,8000,SP [MFLOP/s],20,0.0
ICX,FP64,CUSTOM,8000,SP [MFLOP/s],21,0.0
ICX,FP64,CUSTOM,8000,SP [MFLOP/s],22,0.0
ICX,FP64,CUSTOM,8000,SP [MFLOP/s],23,0.0
ICX,FP64,CUSTOM,8000,SP [MFLOP/s],24,0.0
ICX,FP64,CUSTOM,8000,SP [MFLOP/s],25,0.0
ICX,FP64,CUSTOM,8000,SP [MFLOP/s],26,0.0
ICX,FP64,CUSTOM,8000,SP [MFLOP/s],27,0.0
ICX,FP64,CUSTOM,8000,SP [MFLOP/s],28,0.0
ICX,FP64,CUSTOM,8000,SP [MFLOP/s],29,0.0
ICX,FP64,CUSTOM,8000,SP [MFLOP/s],30,0.0
ICX,FP64,CUSTOM,8000,SP [MFLOP/s],31,0.0
ICX,FP64,CUSTOM,8000,SP [MFLOP/s],32,0.0
ICX,FP64,CUSTOM,8000,SP [MFLOP/s],33,0.0
ICX,FP64,CUSTOM,8000,SP [MFLOP/s],34,0.0
ICX,FP64,CUSTOM,8000,SP [MFLOP/s],35,0.0
ICX,FP64,CUSTOM,8000,SP [MFLOP/s],36,4.343996e-09
ICX,FP64,CUSTOM,8000,SP [MFLOP/s],37,3.619997e-10
ICX,FP64,CUSTOM,8000,SP [MFLOP/s],38,2.171998e-09
ICX,FP64,CUSTOM,8000,SP [MFLOP/s],39,0.0
ICX,FP64,CUSTOM,8000,SP [MFLOP/s],40,2.171998e-09
ICX,FP64,CUSTOM,8000,SP [MFLOP/s],41,0.0
ICX,FP64,CUSTOM,8000,SP [MFLOP/s],42,1.809998e-10
ICX,FP64,CUSTOM,8000,SP [MFLOP/s],43,0.0
ICX,FP64,CUSTOM,8000,SP [MFLOP/s],44,0.0
ICX,FP64,CUSTOM,8000,SP [MFLOP/s],45,0.0
ICX,FP64,CUSTOM,8000,SP [MFLOP/s],46,0.0
ICX,FP64,CUSTOM,8000,SP [MFLOP/s],47,0.0
ICX,FP64,CUSTOM,8000,SP [MFLOP/s],48,0.0
ICX,FP64,CUSTOM,8000,SP [MFLOP/s],49,0.0
ICX,FP64,CUSTOM,8000,SP [MFLOP/s],50,0.0
ICX,FP64,CUSTOM,8000,SP [MFLOP/s],51,0.0
ICX,FP64,CUSTOM,8000,SP [MFLOP/s],52,0.0
ICX,FP64,CUSTOM,8000,SP [MFLOP/s],53,0.0
ICX,FP64,CUSTOM,8000,SP [MFLOP/s],54,1.809998e-10
ICX,FP64,CUSTOM,8000,SP [MFLOP/s],55,0.0
ICX,FP64,CUSTOM,8000,SP [MFLOP/s],56,0.0
ICX,FP64,CUSTOM,8000,SP [MFLOP/s],57,0.0
ICX,FP64,CUSTOM,8000,SP [MFLOP/s],58,1.809998e-10
ICX,FP64,CUSTOM,8000,SP [MFLOP/s],59,0.0
ICX,FP64,CUSTOM,8000,SP [MFLOP/s],60,0.0
ICX,FP64,CUSTOM,8000,SP [MFLOP/s],61,0.0
ICX,FP64,CUSTOM,8000,SP [MFLOP/s],62,0.0
ICX,FP64,CUSTOM,8000,SP [MFLOP/s],63,0.0
ICX,FP64,CUSTOM,8000,SP [MFLOP/s],64,0.0
ICX,FP64,CUSTOM,8000,SP [MFLOP/s],65,0.0
ICX,FP64,CUSTOM,8000,SP [MFLOP/s],66,0.0
ICX,FP64,CUSTOM,8000,SP [MFLOP/s],67,0.0
ICX,FP64,CUSTOM,8000,SP [MFLOP/s],68,0.0
ICX,FP64,CUSTOM,8000,SP [MFLOP/s],69,0.0
ICX,FP64,CUSTOM,8000,SP [MFLOP/s],70,0.0
ICX,FP64,CUSTOM,8000,SP [MFLOP/s],71,0.0
ICX,FP64,CUSTOM,8000,AVX512 SP [MFLOP/s],0,0.0
ICX,FP64,CUSTOM,8000,AVX512 SP [MFLOP/s],1,0.0
ICX,FP64,CUSTOM,8000,AVX512 SP [MFLOP/s],2,0.0
ICX,FP64,CUSTOM,8000,AVX512 SP [MFLOP/s],3,0.0
ICX,FP64,CUSTOM,8000,AVX512 SP [MFLOP/s],4,0.0
ICX,FP64,CUSTOM,8000,AVX512 SP [MFLOP/s],5,0.0
ICX,FP64,CUSTOM,8000,AVX512 SP [MFLOP/s],6,0.0
ICX,FP64,CUSTOM,8000,AVX512 SP [MFLOP/s],7,0.0
ICX,FP64,CUSTOM,8000,AVX512 SP [MFLOP/s],8,0.0
ICX,FP64,CUSTOM,8000,AVX512 SP [MFLOP/s],9,0.0
ICX,FP64,CUSTOM,8000,AVX512 SP [MFLOP/s],10,0.0
ICX,FP64,CUSTOM,8000,AVX512 SP [MFLOP/s],11,0.0
ICX,FP64,CUSTOM,8000,AVX512 SP [MFLOP/s],12,0.0
ICX,FP64,CUSTOM,8000,AVX512 SP [MFLOP/s],13,0.0
ICX,FP64,CUSTOM,8000,AVX512 SP [MFLOP/s],14,0.0
ICX,FP64,CUSTOM,8000,AVX512 SP [MFLOP/s],15,0.0
ICX,FP64,CUSTOM,8000,AVX512 SP [MFLOP/s],16,0.0
ICX,FP64,CUSTOM,8000,AVX512 SP [MFLOP/s],17,0.0
ICX,FP64,CUSTOM,8000,AVX512 SP [MFLOP/s],18,0.0
ICX,FP64,CUSTOM,8000,AVX512 SP [MFLOP/s],19,0.0
ICX,FP64,CUSTOM,8000,AVX512 SP [MFLOP/s],20,0.0
ICX,FP64,CUSTOM,8000,AVX512 SP [MFLOP/s],21,0.0
ICX,FP64,CUSTOM,8000,AVX512 SP [MFLOP/s],22,0.0
ICX,FP64,CUSTOM,8000,AVX512 SP [MFLOP/s],23,0.0
ICX,FP64,CUSTOM,8000,AVX512 SP [MFLOP/s],24,0.0
ICX,FP64,CUSTOM,8000,AVX512 SP [MFLOP/s],25,0.0
ICX,FP64,CUSTOM,8000,AVX512 SP [MFLOP/s],26,0.0
ICX,FP64,CUSTOM,8000,AVX512 SP [MFLOP/s],27,0.0
ICX,FP64,CUSTOM,8000,AVX512 SP [MFLOP/s],28,0.0
ICX,FP64,CUSTOM,8000,AVX512 SP [MFLOP/s],29,0.0
ICX,FP64,CUSTOM,8000,AVX512 SP [MFLOP/s],30,0.0
ICX,FP64,CUSTOM,8000,AVX512 SP [MFLOP/s],31,0.0
ICX,FP64,CUSTOM,8000,AVX512 SP [MFLOP/s],32,0.0
ICX,FP64,CUSTOM,8000,AVX512 SP [MFLOP/s],33,0.0
ICX,FP64,CUSTOM,8000,AVX512 SP [MFLOP/s],34,0.0
ICX,FP64,CUSTOM,8000,AVX512 SP [MFLOP/s],35,0.0
ICX,FP64,CUSTOM,8000,AVX512 SP [MFLOP/s],36,0.0
ICX,FP64,CUSTOM,8000,AVX512 SP [MFLOP/s],37,0.0
ICX,FP64,CUSTOM,8000,AVX512 SP [MFLOP/s],38,0.0
ICX,FP64,CUSTOM,8000,AVX512 SP [MFLOP/s],39,0.0
ICX,FP64,CUSTOM,8000,AVX512 SP [MFLOP/s],40,0.0
ICX,FP64,CUSTOM,8000,AVX512 SP [MFLOP/s],41,0.0
ICX,FP64,CUSTOM,8000,AVX512 SP [MFLOP/s],42,0.0
ICX,FP64,CUSTOM,8000,AVX512 SP [MFLOP/s],43,0.0
ICX,FP64,CUSTOM,8000,AVX512 SP [MFLOP/s],44,0.0
ICX,FP64,CUSTOM,8000,AVX512 SP [MFLOP/s],45,0.0
ICX,FP64,CUSTOM,8000,AVX512 SP [MFLOP/s],46,0.0
ICX,FP64,CUSTOM,8000,AVX512 SP [MFLOP/s],47,0.0
ICX,FP64,CUSTOM,8000,AVX512 SP [MFLOP/s],48,0.0
ICX,FP64,CUSTOM,8000,AVX512 SP [MFLOP/s],49,0.0
ICX,FP64,CUSTOM,8000,AVX512 SP [MFLOP/s],50,0.0
ICX,FP64,CUSTOM,8000,AVX512 SP [MFLOP/s],51,0.0
ICX,FP64,CUSTOM,8000,AVX512 SP [MFLOP/s],52,0.0
ICX,FP64,CUSTOM,8000,AVX512 SP [MFLOP/s],53,0.0
ICX,FP64,CUSTOM,8000,AVX512 SP [MFLOP/s],54,0.0
ICX,FP64,CUSTOM,8000,AVX512 SP [MFLOP/s],55,0.0
ICX,FP64,CUSTOM,8000,AVX512 SP [MFLOP/s],56,0.0
ICX,FP64,CUSTOM,8000,AVX512 SP [MFLOP/s],57,0.0
ICX,FP64,CUSTOM,8000,AVX512 SP [MFLOP/s],58,0.0
ICX,FP64,CUSTOM,8000,AVX512 SP [MFLOP/s],59,0.0
ICX,FP64,CUSTOM,8000,AVX512 SP [MFLOP/s],60,0.0
ICX,FP64,CUSTOM,8000,AVX512 SP [MFLOP/s],61,0.0
ICX,FP64,CUSTOM,8000,AVX512 SP [MFLOP/s],62,0.0
ICX,FP64,CUSTOM,8000,AVX512 SP [MFLOP/s],63,0.0
ICX,FP64,CUSTOM,8000,AVX512 SP [MFLOP/s],64,0.0
ICX,FP64,CUSTOM,8000,AVX512 SP [MFLOP/s],65,0.0
ICX,FP64,CUSTOM,8000,AVX512 SP [MFLOP/s],66,0.0
ICX,FP64,CUSTOM,8000,AVX512 SP [MFLOP/s],67,0.0
ICX,FP64,CUSTOM,8000,AVX512 SP [MFLOP/s],68,0.0
ICX,FP64,CUSTOM,8000,AVX512 SP [MFLOP/s],69,0.0
ICX,FP64,CUSTOM,8000,AVX512 SP [MFLOP/s],70,0.0
ICX,FP64,CUSTOM,8000,AVX512 SP [MFLOP/s],71,0.0
ICX,FP64,CUSTOM,8000,DP [MFLOP/s],0,1683.7156
ICX,FP64,CUSTOM,8000,DP [MFLOP/s],1,1503.8345
ICX,FP64,CUSTOM,8000,DP [MFLOP/s],2,1505.2563
ICX,FP64,CUSTOM,8000,DP [MFLOP/s],3,1495.9531
ICX,FP64,CUSTOM,8000,DP [MFLOP/s],4,1503.7942
ICX,FP64,CUSTOM,8000,DP [MFLOP/s],5,1502.7555
ICX,FP64,CUSTOM,8000,DP [MFLOP/s],6,1498.0301
ICX,FP64,CUSTOM,8000,DP [MFLOP/s],7,1502.3246
ICX,FP64,CUSTOM,8000,DP [MFLOP/s],8,1504.0604
ICX,FP64,CUSTOM,8000,DP [MFLOP/s],9,1498.5102
ICX,FP64,CUSTOM,8000,DP [MFLOP/s],10,1502.9701
ICX,FP64,CUSTOM,8000,DP [MFLOP/s],11,1503.2272
ICX,FP64,CUSTOM,8000,DP [MFLOP/s],12,1497.6151
ICX,FP64,CUSTOM,8000,DP [MFLOP/s],13,1502.9572
ICX,FP64,CUSTOM,8000,DP [MFLOP/s],14,1501.4375
ICX,FP64,CUSTOM,8000,DP [MFLOP/s],15,1495.3618
ICX,FP64,CUSTOM,8000,DP [MFLOP/s],16,1502.5441
ICX,FP64,CUSTOM,8000,DP [MFLOP/s],17,1502.007
ICX,FP64,CUSTOM,8000,DP [MFLOP/s],18,1499.9544
ICX,FP64,CUSTOM,8000,DP [MFLOP/s],19,1501.8295
ICX,FP64,CUSTOM,8000,DP [MFLOP/s],20,1500.9614
ICX,FP64,CUSTOM,8000,DP [MFLOP/s],21,1498.658
ICX,FP64,CUSTOM,8000,DP [MFLOP/s],22,1501.8647
ICX,FP64,CUSTOM,8000,DP [MFLOP/s],23,1498.9518
ICX,FP64,CUSTOM,8000,DP [MFLOP/s],24,1500.0589
ICX,FP64,CUSTOM,8000,DP [MFLOP/s],25,1500.4204
ICX,FP64,CUSTOM,8000,DP [MFLOP/s],26,1500.7882
ICX,FP64,CUSTOM,8000,DP [MFLOP/s],27,1499.3391
ICX,FP64,CUSTOM,8000,DP [MFLOP/s],28,1501.087
ICX,FP64,CUSTOM,8000,DP [MFLOP/s],29,1500.4822
ICX,FP64,CUSTOM,8000,DP [MFLOP/s],30,1498.7115
ICX,FP64,CUSTOM,8000,DP [MFLOP/s],31,1498.7908
ICX,FP64,CUSTOM,8000,DP [MFLOP/s],32,1499.9426
ICX,FP64,CUSTOM,8000,DP [MFLOP/s],33,1497.502
ICX,FP64,CUSTOM,8000,DP [MFLOP/s],34,1500.5761
ICX,FP64,CUSTOM,8000,DP [MFLOP/s],35,1498.5011
ICX,FP64,CUSTOM,8000,DP [MFLOP/s],36,1492.7105
ICX,FP64,CUSTOM,8000,DP [MFLOP/s],37,1495.706
ICX,FP64,CUSTOM,8000,DP [MFLOP/s],38,1498.0054
ICX,FP64,CUSTOM,8000,DP [MFLOP/s],39,1493.3439
ICX,FP64,CUSTOM,8000,DP [MFLOP/s],40,1495.2488
ICX,FP64,CUSTOM,8000,DP [MFLOP/s],41,1498.0977
ICX,FP64,CUSTOM,8000,DP [MFLOP/s],42,1493.5695
ICX,FP64,CUSTOM,8000,DP [MFLOP/s],43,1494.2359
ICX,FP64,CUSTOM,8000,DP [MFLOP/s],44,1498.5812
ICX,FP64,CUSTOM,8000,DP [MFLOP/s],45,1494.8085
ICX,FP64,CUSTOM,8000,DP [MFLOP/s],46,1495.8656
ICX,FP64,CUSTOM,8000,DP [MFLOP/s],47,1498.1133
ICX,FP64,CUSTOM,8000,DP [MFLOP/s],48,1493.0558
ICX,FP64,CUSTOM,8000,DP [MFLOP/s],49,1496.109
ICX,FP64,CUSTOM,8000,DP [MFLOP/s],50,1496.9983
ICX,FP64,CUSTOM,8000,DP [MFLOP/s],51,1490.7186
ICX,FP64,CUSTOM,8000,DP [MFLOP/s],52,1494.5797
ICX,FP64,CUSTOM,8000,DP [MFLOP/s],53,1307.966
ICX,FP64,CUSTOM,8000,DP [MFLOP/s],54,1492.4755
ICX,FP64,CUSTOM,8000,DP [MFLOP/s],55,1496.6969
ICX,FP64,CUSTOM,8000,DP [MFLOP/s],56,1496.6175
ICX,FP64,CUSTOM,8000,DP [MFLOP/s],57,1490.9343
ICX,FP64,CUSTOM,8000,DP [MFLOP/s],58,1496.2254
ICX,FP64,CUSTOM,8000,DP [MFLOP/s],59,1494.3175
ICX,FP64,CUSTOM,8000,DP [MFLOP/s],60,1491.1698
ICX,FP64,CUSTOM,8000,DP [MFLOP/s],61,1493.0715
ICX,FP64,CUSTOM,8000,DP [MFLOP/s],62,1497.4043
ICX,FP64,CUSTOM,8000,DP [MFLOP/s],63,1491.6002
ICX,FP64,CUSTOM,8000,DP [MFLOP/s],64,1495.1702
ICX,FP64,CUSTOM,8000,DP [MFLOP/s],65,1494.9876
ICX,FP64,CUSTOM,8000,DP [MFLOP/s],66,1489.8681
ICX,FP64,CUSTOM,8000,DP [MFLOP/s],67,1493.257
ICX,FP64,CUSTOM,8000,DP [MFLOP/s],68,1492.9277
ICX,FP64,CUSTOM,8000,DP [MFLOP/s],69,1490.7686
ICX,FP64,CUSTOM,8000,DP [MFLOP/s],70,1491.7337
ICX,FP64,CUSTOM,8000,DP [MFLOP/s],71,1495.5529
ICX,FP64,CUSTOM,8000,AVX512 DP [MFLOP/s],0,563.3026
ICX,FP64,CUSTOM,8000,AVX512 DP [MFLOP/s],1,377.4678
ICX,FP64,CUSTOM,8000,AVX512 DP [MFLOP/s],2,376.6034
ICX,FP64,CUSTOM,8000,AVX512 DP [MFLOP/s],3,374.0901
ICX,FP64,CUSTOM,8000,AVX512 DP [MFLOP/s],4,376.116
ICX,FP64,CUSTOM,8000,AVX512 DP [MFLOP/s],5,375.3047
ICX,FP64,CUSTOM,8000,AVX512 DP [MFLOP/s],6,375.6769
ICX,FP64,CUSTOM,8000,AVX512 DP [MFLOP/s],7,374.989
ICX,FP64,CUSTOM,8000,AVX512 DP [MFLOP/s],8,376.4592
ICX,FP64,CUSTOM,8000,AVX512 DP [MFLOP/s],9,376.4828
ICX,FP64,CUSTOM,8000,AVX512 DP [MFLOP/s],10,376.4995
ICX,FP64,CUSTOM,8000,AVX512 DP [MFLOP/s],11,375.3546
ICX,FP64,CUSTOM,8000,AVX512 DP [MFLOP/s],12,374.8174
ICX,FP64,CUSTOM,8000,AVX512 DP [MFLOP/s],13,374.9744
ICX,FP64,CUSTOM,8000,AVX512 DP [MFLOP/s],14,374.3223
ICX,FP64,CUSTOM,8000,AVX512 DP [MFLOP/s],15,372.9208
ICX,FP64,CUSTOM,8000,AVX512 DP [MFLOP/s],16,374.8243
ICX,FP64,CUSTOM,8000,AVX512 DP [MFLOP/s],17,375.0362
ICX,FP64,CUSTOM,8000,AVX512 DP [MFLOP/s],18,376.9921
ICX,FP64,CUSTOM,8000,AVX512 DP [MFLOP/s],19,373.3877
ICX,FP64,CUSTOM,8000,AVX512 DP [MFLOP/s],20,376.1199
ICX,FP64,CUSTOM,8000,AVX512 DP [MFLOP/s],21,374.7904
ICX,FP64,CUSTOM,8000,AVX512 DP [MFLOP/s],22,373.9461
ICX,FP64,CUSTOM,8000,AVX512 DP [MFLOP/s],23,373.9235
ICX,FP64,CUSTOM,8000,AVX512 DP [MFLOP/s],24,375.2537
ICX,FP64,CUSTOM,8000,AVX512 DP [MFLOP/s],25,373.8861
ICX,FP64,CUSTOM,8000,AVX512 DP [MFLOP/s],26,375.4951
ICX,FP64,CUSTOM,8000,AVX512 DP [MFLOP/s],27,374.8944
ICX,FP64,CUSTOM,8000,AVX512 DP [MFLOP/s],28,374.488
ICX,FP64,CUSTOM,8000,AVX512 DP [MFLOP/s],29,375.513
ICX,FP64,CUSTOM,8000,AVX512 DP [MFLOP/s],30,375.0053
ICX,FP64,CUSTOM,8000,AVX512 DP [MFLOP/s],31,373.2621
ICX,FP64,CUSTOM,8000,AVX512 DP [MFLOP/s],32,375.2623
ICX,FP64,CUSTOM,8000,AVX512 DP [MFLOP/s],33,373.9951
ICX,FP64,CUSTOM,8000,AVX512 DP [MFLOP/s],34,374.2901
ICX,FP64,CUSTOM,8000,AVX512 DP [MFLOP/s],35,372.9162
ICX,FP64,CUSTOM,8000,AVX512 DP [MFLOP/s],36,371.0758
ICX,FP64,CUSTOM,8000,AVX512 DP [MFLOP/s],37,370.9676
ICX,FP64,CUSTOM,8000,AVX512 DP [MFLOP/s],38,371.4157
ICX,FP64,CUSTOM,8000,AVX512 DP [MFLOP/s],39,370.4084
ICX,FP64,CUSTOM,8000,AVX512 DP [MFLOP/s],40,371.2252
ICX,FP64,CUSTOM,8000,AVX512 DP [MFLOP/s],41,371.3039
ICX,FP64,CUSTOM,8000,AVX512 DP [MFLOP/s],42,370.3725
ICX,FP64,CUSTOM,8000,AVX512 DP [MFLOP/s],43,369.5991
ICX,FP64,CUSTOM,8000,AVX512 DP [MFLOP/s],44,371.4936
ICX,FP64,CUSTOM,8000,AVX512 DP [MFLOP/s],45,372.2742
ICX,FP64,CUSTOM,8000,AVX512 DP [MFLOP/s],46,371.688
ICX,FP64,CUSTOM,8000,AVX512 DP [MFLOP/s],47,370.9488
ICX,FP64,CUSTOM,8000,AVX512 DP [MFLOP/s],48,371.1145
ICX,FP64,CUSTOM,8000,AVX512 DP [MFLOP/s],49,370.789
ICX,FP64,CUSTOM,8000,AVX512 DP [MFLOP/s],50,371.2215
ICX,FP64,CUSTOM,8000,AVX512 DP [MFLOP/s],51,368.8869
ICX,FP64,CUSTOM,8000,AVX512 DP [MFLOP/s],52,368.6168
ICX,FP64,CUSTOM,8000,AVX512 DP [MFLOP/s],53,182.8293
ICX,FP64,CUSTOM,8000,AVX512 DP [MFLOP/s],54,371.5513
ICX,FP64,CUSTOM,8000,AVX512 DP [MFLOP/s],55,370.4136
ICX,FP64,CUSTOM,8000,AVX512 DP [MFLOP/s],56,371.1834
ICX,FP64,CUSTOM,8000,AVX512 DP [MFLOP/s],57,369.7262
ICX,FP64,CUSTOM,8000,AVX512 DP [MFLOP/s],58,369.7336
ICX,FP64,CUSTOM,8000,AVX512 DP [MFLOP/s],59,368.4839
ICX,FP64,CUSTOM,8000,AVX512 DP [MFLOP/s],60,369.2987
ICX,FP64,CUSTOM,8000,AVX512 DP [MFLOP/s],61,367.9461
ICX,FP64,CUSTOM,8000,AVX512 DP [MFLOP/s],62,371.3468
ICX,FP64,CUSTOM,8000,AVX512 DP [MFLOP/s],63,370.1407
ICX,FP64,CUSTOM,8000,AVX512 DP [MFLOP/s],64,369.7814
ICX,FP64,CUSTOM,8000,AVX512 DP [MFLOP/s],65,369.835
ICX,FP64,CUSTOM,8000,AVX512 DP [MFLOP/s],66,368.6187
ICX,FP64,CUSTOM,8000,AVX512 DP [MFLOP/s],67,367.2342
ICX,FP64,CUSTOM,8000,AVX512 DP [MFLOP/s],68,368.2412
ICX,FP64,CUSTOM,8000,AVX512 DP [MFLOP/s],69,368.2758
ICX,FP64,CUSTOM,8000,AVX512 DP [MFLOP/s],70,367.0237
ICX,FP64,CUSTOM,8000,AVX512 DP [MFLOP/s],71,368.4103
ICX,FP64,CUSTOM,8000,Energy [J],0,1358892.0
ICX,FP64,CUSTOM,8000,Energy [J],1,0.0
ICX,FP64,CUSTOM,8000,Energy [J],2,0.0
ICX,FP64,CUSTOM,8000,Energy [J],3,0.0
ICX,FP64,CUSTOM,8000,Energy [J],4,0.0
ICX,FP64,CUSTOM,8000,Energy [J],5,0.0
ICX,FP64,CUSTOM,8000,Energy [J],6,0.0
ICX,FP64,CUSTOM,8000,Energy [J],7,0.0
ICX,FP64,CUSTOM,8000,Energy [J],8,0.0
ICX,FP64,CUSTOM,8000,Energy [J],9,0.0
ICX,FP64,CUSTOM,8000,Energy [J],10,0.0
ICX,FP64,CUSTOM,8000,Energy [J],11,0.0
ICX,FP64,CUSTOM,8000,Energy [J],12,0.0
ICX,FP64,CUSTOM,8000,Energy [J],13,0.0
ICX,FP64,CUSTOM,8000,Energy [J],14,0.0
ICX,FP64,CUSTOM,8000,Energy [J],15,0.0
ICX,FP64,CUSTOM,8000,Energy [J],16,0.0
ICX,FP64,CUSTOM,8000,Energy [J],17,0.0
ICX,FP64,CUSTOM,8000,Energy [J],18,0.0
ICX,FP64,CUSTOM,8000,Energy [J],19,0.0
ICX,FP64,CUSTOM,8000,Energy [J],20,0.0
ICX,FP64,CUSTOM,8000,Energy [J],21,0.0
ICX,FP64,CUSTOM,8000,Energy [J],22,0.0
ICX,FP64,CUSTOM,8000,Energy [J],23,0.0
ICX,FP64,CUSTOM,8000,Energy [J],24,0.0
ICX,FP64,CUSTOM,8000,Energy [J],25,0.0
ICX,FP64,CUSTOM,8000,Energy [J],26,0.0
ICX,FP64,CUSTOM,8000,Energy [J],27,0.0
ICX,FP64,CUSTOM,8000,Energy [J],28,0.0
ICX,FP64,CUSTOM,8000,Energy [J],29,0.0
ICX,FP64,CUSTOM,8000,Energy [J],30,0.0
ICX,FP64,CUSTOM,8000,Energy [J],31,0.0
ICX,FP64,CUSTOM,8000,Energy [J],32,0.0
ICX,FP64,CUSTOM,8000,Energy [J],33,0.0
ICX,FP64,CUSTOM,8000,Energy [J],34,0.0
ICX,FP64,CUSTOM,8000,Energy [J],35,0.0
ICX,FP64,CUSTOM,8000,Energy [J],36,1351061.0
ICX,FP64,CUSTOM,8000,Energy [J],37,0.0
ICX,FP64,CUSTOM,8000,Energy [J],38,0.0
ICX,FP64,CUSTOM,8000,Energy [J],39,0.0
ICX,FP64,CUSTOM,8000,Energy [J],40,0.0
ICX,FP64,CUSTOM,8000,Energy [J],41,0.0
ICX,FP64,CUSTOM,8000,Energy [J],42,0.0
ICX,FP64,CUSTOM,8000,Energy [J],43,0.0
ICX,FP64,CUSTOM,8000,Energy [J],44,0.0
ICX,FP64,CUSTOM,8000,Energy [J],45,0.0
ICX,FP64,CUSTOM,8000,Energy [J],46,0.0
ICX,FP64,CUSTOM,8000,Energy [J],47,0.0
ICX,FP64,CUSTOM,8000,Energy [J],48,0.0
ICX,FP64,CUSTOM,8000,Energy [J],49,0.0
ICX,FP64,CUSTOM,8000,Energy [J],50,0.0
ICX,FP64,CUSTOM,8000,Energy [J],51,0.0
ICX,FP64,CUSTOM,8000,Energy [J],52,0.0
ICX,FP64,CUSTOM,8000,Energy [J],53,0.0
ICX,FP64,CUSTOM,8000,Energy [J],54,0.0
ICX,FP64,CUSTOM,8000,Energy [J],55,0.0
ICX,FP64,CUSTOM,8000,Energy [J],56,0.0
ICX,FP64,CUSTOM,8000,Energy [J],57,0.0
ICX,FP64,CUSTOM,8000,Energy [J],58,0.0
ICX,FP64,CUSTOM,8000,Energy [J],59,0.0
ICX,FP64,CUSTOM,8000,Energy [J],60,0.0
ICX,FP64,CUSTOM,8000,Energy [J],61,0.0
ICX,FP64,CUSTOM,8000,Energy [J],62,0.0
ICX,FP64,CUSTOM,8000,Energy [J],63,0.0
ICX,FP64,CUSTOM,8000,Energy [J],64,0.0
ICX,FP64,CUSTOM,8000,Energy [J],65,0.0
ICX,FP64,CUSTOM,8000,Energy [J],66,0.0
ICX,FP64,CUSTOM,8000,Energy [J],67,0.0
ICX,FP64,CUSTOM,8000,Energy [J],68,0.0
ICX,FP64,CUSTOM,8000,Energy [J],69,0.0
ICX,FP64,CUSTOM,8000,Energy [J],70,0.0
ICX,FP64,CUSTOM,8000,Energy [J],71,0.0
ICX,FP64,CUSTOM,8000,Power [W],0,245.9593
ICX,FP64,CUSTOM,8000,Power [W],1,0.0
ICX,FP64,CUSTOM,8000,Power [W],2,0.0
ICX,FP64,CUSTOM,8000,Power [W],3,0.0
ICX,FP64,CUSTOM,8000,Power [W],4,0.0
ICX,FP64,CUSTOM,8000,Power [W],5,0.0
ICX,FP64,CUSTOM,8000,Power [W],6,0.0
ICX,FP64,CUSTOM,8000,Power [W],7,0.0
ICX,FP64,CUSTOM,8000,Power [W],8,0.0
ICX,FP64,CUSTOM,8000,Power [W],9,0.0
ICX,FP64,CUSTOM,8000,Power [W],10,0.0
ICX,FP64,CUSTOM,8000,Power [W],11,0.0
ICX,FP64,CUSTOM,8000,Power [W],12,0.0
ICX,FP64,CUSTOM,8000,Power [W],13,0.0
ICX,FP64,CUSTOM,8000,Power [W],14,0.0
ICX,FP64,CUSTOM,8000,Power [W],15,0.0
ICX,FP64,CUSTOM,8000,Power [W],16,0.0
ICX,FP64,CUSTOM,8000,Power [W],17,0.0
ICX,FP64,CUSTOM,8000,Power [W],18,0.0
ICX,FP64,CUSTOM,8000,Power [W],19,0.0
ICX,FP64,CUSTOM,8000,Power [W],20,0.0
ICX,FP64,CUSTOM,8000,Power [W],21,0.0
ICX,FP64,CUSTOM,8000,Power [W],22,0.0
ICX,FP64,CUSTOM,8000,Power [W],23,0.0
ICX,FP64,CUSTOM,8000,Power [W],24,0.0
ICX,FP64,CUSTOM,8000,Power [W],25,0.0
ICX,FP64,CUSTOM,8000,Power [W],26,0.0
ICX,FP64,CUSTOM,8000,Power [W],27,0.0
ICX,FP64,CUSTOM,8000,Power [W],28,0.0
ICX,FP64,CUSTOM,8000,Power [W],29,0.0
ICX,FP64,CUSTOM,8000,Power [W],30,0.0
ICX,FP64,CUSTOM,8000,Power [W],31,0.0
ICX,FP64,CUSTOM,8000,Power [W],32,0.0
ICX,FP64,CUSTOM,8000,Power [W],33,0.0
ICX,FP64,CUSTOM,8000,Power [W],34,0.0
ICX,FP64,CUSTOM,8000,Power [W],35,0.0
ICX,FP64,CUSTOM,8000,Power [W],36,244.5419
ICX,FP64,CUSTOM,8000,Power [W],37,0.0
ICX,FP64,CUSTOM,8000,Power [W],38,0.0
ICX,FP64,CUSTOM,8000,Power [W],39,0.0
ICX,FP64,CUSTOM,8000,Power [W],40,0.0
ICX,FP64,CUSTOM,8000,Power [W],41,0.0
ICX,FP64,CUSTOM,8000,Power [W],42,0.0
ICX,FP64,CUSTOM,8000,Power [W],43,0.0
ICX,FP64,CUSTOM,8000,Power [W],44,0.0
ICX,FP64,CUSTOM,8000,Power [W],45,0.0
ICX,FP64,CUSTOM,8000,Power [W],46,0.0
ICX,FP64,CUSTOM,8000,Power [W],47,0.0
ICX,FP64,CUSTOM,8000,Power [W],48,0.0
ICX,FP64,CUSTOM,8000,Power [W],49,0.0
ICX,FP64,CUSTOM,8000,Power [W],50,0.0
ICX,FP64,CUSTOM,8000,Power [W],51,0.0
ICX,FP64,CUSTOM,8000,Power [W],52,0.0
ICX,FP64,CUSTOM,8000,Power [W],53,0.0
ICX,FP64,CUSTOM,8000,Power [W],54,0.0
ICX,FP64,CUSTOM,8000,Power [W],55,0.0
ICX,FP64,CUSTOM,8000,Power [W],56,0.0
ICX,FP64,CUSTOM,8000,Power [W],57,0.0
ICX,FP64,CUSTOM,8000,Power [W],58,0.0
ICX,FP64,CUSTOM,8000,Power [W],59,0.0
ICX,FP64,CUSTOM,8000,Power [W],60,0.0
ICX,FP64,CUSTOM,8000,Power [W],61,0.0
ICX,FP64,CUSTOM,8000,Power [W],62,0.0
ICX,FP64,CUSTOM,8000,Power [W],63,0.0
ICX,FP64,CUSTOM,8000,Power [W],64,0.0
ICX,FP64,CUSTOM,8000,Power [W],65,0.0
ICX,FP64,CUSTOM,8000,Power [W],66,0.0
ICX,FP64,CUSTOM,8000,Power [W],67,0.0
ICX,FP64,CUSTOM,8000,Power [W],68,0.0
ICX,FP64,CUSTOM,8000,Power [W],69,0.0
ICX,FP64,CUSTOM,8000,Power [W],70,0.0
ICX,FP64,CUSTOM,8000,Power [W],71,0.0
ICX,FP64,CUSTOM,8000,Energy PP0 [J],0,0.0
ICX,FP64,CUSTOM,8000,Energy PP0 [J],1,0.0
ICX,FP64,CUSTOM,8000,Energy PP0 [J],2,0.0
ICX,FP64,CUSTOM,8000,Energy PP0 [J],3,0.0
ICX,FP64,CUSTOM,8000,Energy PP0 [J],4,0.0
ICX,FP64,CUSTOM,8000,Energy PP0 [J],5,0.0
ICX,FP64,CUSTOM,8000,Energy PP0 [J],6,0.0
ICX,FP64,CUSTOM,8000,Energy PP0 [J],7,0.0
ICX,FP64,CUSTOM,8000,Energy PP0 [J],8,0.0
ICX,FP64,CUSTOM,8000,Energy PP0 [J],9,0.0
ICX,FP64,CUSTOM,8000,Energy PP0 [J],10,0.0
ICX,FP64,CUSTOM,8000,Energy PP0 [J],11,0.0
ICX,FP64,CUSTOM,8000,Energy PP0 [J],12,0.0
ICX,FP64,CUSTOM,8000,Energy PP0 [J],13,0.0
ICX,FP64,CUSTOM,8000,Energy PP0 [J],14,0.0
ICX,FP64,CUSTOM,8000,Energy PP0 [J],15,0.0
ICX,FP64,CUSTOM,8000,Energy PP0 [J],16,0.0
ICX,FP64,CUSTOM,8000,Energy PP0 [J],17,0.0
ICX,FP64,CUSTOM,8000,Energy PP0 [J],18,0.0
ICX,FP64,CUSTOM,8000,Energy PP0 [J],19,0.0
ICX,FP64,CUSTOM,8000,Energy PP0 [J],20,0.0
ICX,FP64,CUSTOM,8000,Energy PP0 [J],21,0.0
ICX,FP64,CUSTOM,8000,Energy PP0 [J],22,0.0
ICX,FP64,CUSTOM,8000,Energy PP0 [J],23,0.0
ICX,FP64,CUSTOM,8000,Energy PP0 [J],24,0.0
ICX,FP64,CUSTOM,8000,Energy PP0 [J],25,0.0
ICX,FP64,CUSTOM,8000,Energy PP0 [J],26,0.0
ICX,FP64,CUSTOM,8000,Energy PP0 [J],27,0.0
ICX,FP64,CUSTOM,8000,Energy PP0 [J],28,0.0
ICX,FP64,CUSTOM,8000,Energy PP0 [J],29,0.0
ICX,FP64,CUSTOM,8000,Energy PP0 [J],30,0.0
ICX,FP64,CUSTOM,8000,Energy PP0 [J],31,0.0
ICX,FP64,CUSTOM,8000,Energy PP0 [J],32,0.0
ICX,FP64,CUSTOM,8000,Energy PP0 [J],33,0.0
ICX,FP64,CUSTOM,8000,Energy PP0 [J],34,0.0
ICX,FP64,CUSTOM,8000,Energy PP0 [J],35,0.0
ICX,FP64,CUSTOM,8000,Energy PP0 [J],36,0.0
ICX,FP64,CUSTOM,8000,Energy PP0 [J],37,0.0
ICX,FP64,CUSTOM,8000,Energy PP0 [J],38,0.0
ICX,FP64,CUSTOM,8000,Energy PP0 [J],39,0.0
ICX,FP64,CUSTOM,8000,Energy PP0 [J],40,0.0
ICX,FP64,CUSTOM,8000,Energy PP0 [J],41,0.0
ICX,FP64,CUSTOM,8000,Energy PP0 [J],42,0.0
ICX,FP64,CUSTOM,8000,Energy PP0 [J],43,0.0
ICX,FP64,CUSTOM,8000,Energy PP0 [J],44,0.0
ICX,FP64,CUSTOM,8000,Energy PP0 [J],45,0.0
ICX,FP64,CUSTOM,8000,Energy PP0 [J],46,0.0
ICX,FP64,CUSTOM,8000,Energy PP0 [J],47,0.0
ICX,FP64,CUSTOM,8000,Energy PP0 [J],48,0.0
ICX,FP64,CUSTOM,8000,Energy PP0 [J],49,0.0
ICX,FP64,CUSTOM,8000,Energy PP0 [J],50,0.0
ICX,FP64,CUSTOM,8000,Energy PP0 [J],51,0.0
ICX,FP64,CUSTOM,8000,Energy PP0 [J],52,0.0
ICX,FP64,CUSTOM,8000,Energy PP0 [J],53,0.0
ICX,FP64,CUSTOM,8000,Energy PP0 [J],54,0.0
ICX,FP64,CUSTOM,8000,Energy PP0 [J],55,0.0
ICX,FP64,CUSTOM,8000,Energy PP0 [J],56,0.0
ICX,FP64,CUSTOM,8000,Energy PP0 [J],57,0.0
ICX,FP64,CUSTOM,8000,Energy PP0 [J],58,0.0
ICX,FP64,CUSTOM,8000,Energy PP0 [J],59,0.0
ICX,FP64,CUSTOM,8000,Energy PP0 [J],60,0.0
ICX,FP64,CUSTOM,8000,Energy PP0 [J],61,0.0
ICX,FP64,CUSTOM,8000,Energy PP0 [J],62,0.0
ICX,FP64,CUSTOM,8000,Energy PP0 [J],63,0.0
ICX,FP64,CUSTOM,8000,Energy PP0 [J],64,0.0
ICX,FP64,CUSTOM,8000,Energy PP0 [J],65,0.0
ICX,FP64,CUSTOM,8000,Energy PP0 [J],66,0.0
ICX,FP64,CUSTOM,8000,Energy PP0 [J],67,0.0
ICX,FP64,CUSTOM,8000,Energy PP0 [J],68,0.0
ICX,FP64,CUSTOM,8000,Energy PP0 [J],69,0.0
ICX,FP64,CUSTOM,8000,Energy PP0 [J],70,0.0
ICX,FP64,CUSTOM,8000,Energy PP0 [J],71,0.0
ICX,FP64,CUSTOM,8000,Power PP0 [W],0,0.0
ICX,FP64,CUSTOM,8000,Power PP0 [W],1,0.0
ICX,FP64,CUSTOM,8000,Power PP0 [W],2,0.0
ICX,FP64,CUSTOM,8000,Power PP0 [W],3,0.0
ICX,FP64,CUSTOM,8000,Power PP0 [W],4,0.0
ICX,FP64,CUSTOM,8000,Power PP0 [W],5,0.0
ICX,FP64,CUSTOM,8000,Power PP0 [W],6,0.0
ICX,FP64,CUSTOM,8000,Power PP0 [W],7,0.0
ICX,FP64,CUSTOM,8000,Power PP0 [W],8,0.0
ICX,FP64,CUSTOM,8000,Power PP0 [W],9,0.0
ICX,FP64,CUSTOM,8000,Power PP0 [W],10,0.0
ICX,FP64,CUSTOM,8000,Power PP0 [W],11,0.0
ICX,FP64,CUSTOM,8000,Power PP0 [W],12,0.0
ICX,FP64,CUSTOM,8000,Power PP0 [W],13,0.0
ICX,FP64,CUSTOM,8000,Power PP0 [W],14,0.0
ICX,FP64,CUSTOM,8000,Power PP0 [W],15,0.0
ICX,FP64,CUSTOM,8000,Power PP0 [W],16,0.0
ICX,FP64,CUSTOM,8000,Power PP0 [W],17,0.0
ICX,FP64,CUSTOM,8000,Power PP0 [W],18,0.0
ICX,FP64,CUSTOM,8000,Power PP0 [W],19,0.0
ICX,FP64,CUSTOM,8000,Power PP0 [W],20,0.0
ICX,FP64,CUSTOM,8000,Power PP0 [W],21,0.0
ICX,FP64,CUSTOM,8000,Power PP0 [W],22,0.0
ICX,FP64,CUSTOM,8000,Power PP0 [W],23,0.0
ICX,FP64,CUSTOM,8000,Power PP0 [W],24,0.0
ICX,FP64,CUSTOM,8000,Power PP0 [W],25,0.0
ICX,FP64,CUSTOM,8000,Power PP0 [W],26,0.0
ICX,FP64,CUSTOM,8000,Power PP0 [W],27,0.0
ICX,FP64,CUSTOM,8000,Power PP0 [W],28,0.0
ICX,FP64,CUSTOM,8000,Power PP0 [W],29,0.0
ICX,FP64,CUSTOM,8000,Power PP0 [W],30,0.0
ICX,FP64,CUSTOM,8000,Power PP0 [W],31,0.0
ICX,FP64,CUSTOM,8000,Power PP0 [W],32,0.0
ICX,FP64,CUSTOM,8000,Power PP0 [W],33,0.0
ICX,FP64,CUSTOM,8000,Power PP0 [W],34,0.0
ICX,FP64,CUSTOM,8000,Power PP0 [W],35,0.0
ICX,FP64,CUSTOM,8000,Power PP0 [W],36,0.0
ICX,FP64,CUSTOM,8000,Power PP0 [W],37,0.0
ICX,FP64,CUSTOM,8000,Power PP0 [W],38,0.0
ICX,FP64,CUSTOM,8000,Power PP0 [W],39,0.0
ICX,FP64,CUSTOM,8000,Power PP0 [W],40,0.0
ICX,FP64,CUSTOM,8000,Power PP0 [W],41,0.0
ICX,FP64,CUSTOM,8000,Power PP0 [W],42,0.0
ICX,FP64,CUSTOM,8000,Power PP0 [W],43,0.0
ICX,FP64,CUSTOM,8000,Power PP0 [W],44,0.0
ICX,FP64,CUSTOM,8000,Power PP0 [W],45,0.0
ICX,FP64,CUSTOM,8000,Power PP0 [W],46,0.0
ICX,FP64,CUSTOM,8000,Power PP0 [W],47,0.0
ICX,FP64,CUSTOM,8000,Power PP0 [W],48,0.0
ICX,FP64,CUSTOM,8000,Power PP0 [W],49,0.0
ICX,FP64,CUSTOM,8000,Power PP0 [W],50,0.0
ICX,FP64,CUSTOM,8000,Power PP0 [W],51,0.0
ICX,FP64,CUSTOM,8000,Power PP0 [W],52,0.0
ICX,FP64,CUSTOM,8000,Power PP0 [W],53,0.0
ICX,FP64,CUSTOM,8000,Power PP0 [W],54,0.0
ICX,FP64,CUSTOM,8000,Power PP0 [W],55,0.0
ICX,FP64,CUSTOM,8000,Power PP0 [W],56,0.0
ICX,FP64,CUSTOM,8000,Power PP0 [W],57,0.0
ICX,FP64,CUSTOM,8000,Power PP0 [W],58,0.0
ICX,FP64,CUSTOM,8000,Power PP0 [W],59,0.0
ICX,FP64,CUSTOM,8000,Power PP0 [W],60,0.0
ICX,FP64,CUSTOM,8000,Power PP0 [W],61,0.0
ICX,FP64,CUSTOM,8000,Power PP0 [W],62,0.0
ICX,FP64,CUSTOM,8000,Power PP0 [W],63,0.0
ICX,FP64,CUSTOM,8000,Power PP0 [W],64,0.0
ICX,FP64,CUSTOM,8000,Power PP0 [W],65,0.0
ICX,FP64,CUSTOM,8000,Power PP0 [W],66,0.0
ICX,FP64,CUSTOM,8000,Power PP0 [W],67,0.0
ICX,FP64,CUSTOM,8000,Power PP0 [W],68,0.0
ICX,FP64,CUSTOM,8000,Power PP0 [W],69,0.0
ICX,FP64,CUSTOM,8000,Power PP0 [W],70,0.0
ICX,FP64,CUSTOM,8000,Power PP0 [W],71,0.0
ICX,FP64,CUSTOM,8000,Energy DRAM [J],0,52943.0897
ICX,FP64,CUSTOM,8000,Energy DRAM [J],1,0.0
ICX,FP64,CUSTOM,8000,Energy DRAM [J],2,0.0
ICX,FP64,CUSTOM,8000,Energy DRAM [J],3,0.0
ICX,FP64,CUSTOM,8000,Energy DRAM [J],4,0.0
ICX,FP64,CUSTOM,8000,Energy DRAM [J],5,0.0
ICX,FP64,CUSTOM,8000,Energy DRAM [J],6,0.0
ICX,FP64,CUSTOM,8000,Energy DRAM [J],7,0.0
ICX,FP64,CUSTOM,8000,Energy DRAM [J],8,0.0
ICX,FP64,CUSTOM,8000,Energy DRAM [J],9,0.0
ICX,FP64,CUSTOM,8000,Energy DRAM [J],10,0.0
ICX,FP64,CUSTOM,8000,Energy DRAM [J],11,0.0
ICX,FP64,CUSTOM,8000,Energy DRAM [J],12,0.0
ICX,FP64,CUSTOM,8000,Energy DRAM [J],13,0.0
ICX,FP64,CUSTOM,8000,Energy DRAM [J],14,0.0
ICX,FP64,CUSTOM,8000,Energy DRAM [J],15,0.0
ICX,FP64,CUSTOM,8000,Energy DRAM [J],16,0.0
ICX,FP64,CUSTOM,8000,Energy DRAM [J],17,0.0
ICX,FP64,CUSTOM,8000,Energy DRAM [J],18,0.0
ICX,FP64,CUSTOM,8000,Energy DRAM [J],19,0.0
ICX,FP64,CUSTOM,8000,Energy DRAM [J],20,0.0
ICX,FP64,CUSTOM,8000,Energy DRAM [J],21,0.0
ICX,FP64,CUSTOM,8000,Energy DRAM [J],22,0.0
ICX,FP64,CUSTOM,8000,Energy DRAM [J],23,0.0
ICX,FP64,CUSTOM,8000,Energy DRAM [J],24,0.0
ICX,FP64,CUSTOM,8000,Energy DRAM [J],25,0.0
ICX,FP64,CUSTOM,8000,Energy DRAM [J],26,0.0
ICX,FP64,CUSTOM,8000,Energy DRAM [J],27,0.0
ICX,FP64,CUSTOM,8000,Energy DRAM [J],28,0.0
ICX,FP64,CUSTOM,8000,Energy DRAM [J],29,0.0
ICX,FP64,CUSTOM,8000,Energy DRAM [J],30,0.0
ICX,FP64,CUSTOM,8000,Energy DRAM [J],31,0.0
ICX,FP64,CUSTOM,8000,Energy DRAM [J],32,0.0
ICX,FP64,CUSTOM,8000,Energy DRAM [J],33,0.0
ICX,FP64,CUSTOM,8000,Energy DRAM [J],34,0.0
ICX,FP64,CUSTOM,8000,Energy DRAM [J],35,0.0
ICX,FP64,CUSTOM,8000,Energy DRAM [J],36,55235.2251
ICX,FP64,CUSTOM,8000,Energy DRAM [J],37,0.0
ICX,FP64,CUSTOM,8000,Energy DRAM [J],38,0.0
ICX,FP64,CUSTOM,8000,Energy DRAM [J],39,0.0
ICX,FP64,CUSTOM,8000,Energy DRAM [J],40,0.0
ICX,FP64,CUSTOM,8000,Energy DRAM [J],41,0.0
ICX,FP64,CUSTOM,8000,Energy DRAM [J],42,0.0
ICX,FP64,CUSTOM,8000,Energy DRAM [J],43,0.0
ICX,FP64,CUSTOM,8000,Energy DRAM [J],44,0.0
ICX,FP64,CUSTOM,8000,Energy DRAM [J],45,0.0
ICX,FP64,CUSTOM,8000,Energy DRAM [J],46,0.0
ICX,FP64,CUSTOM,8000,Energy DRAM [J],47,0.0
ICX,FP64,CUSTOM,8000,Energy DRAM [J],48,0.0
ICX,FP64,CUSTOM,8000,Energy DRAM [J],49,0.0
ICX,FP64,CUSTOM,8000,Energy DRAM [J],50,0.0
ICX,FP64,CUSTOM,8000,Energy DRAM [J],51,0.0
ICX,FP64,CUSTOM,8000,Energy DRAM [J],52,0.0
ICX,FP64,CUSTOM,8000,Energy DRAM [J],53,0.0
ICX,FP64,CUSTOM,8000,Energy DRAM [J],54,0.0
ICX,FP64,CUSTOM,8000,Energy DRAM [J],55,0.0
ICX,FP64,CUSTOM,8000,Energy DRAM [J],56,0.0
ICX,FP64,CUSTOM,8000,Energy DRAM [J],57,0.0
ICX,FP64,CUSTOM,8000,Energy DRAM [J],58,0.0
ICX,FP64,CUSTOM,8000,Energy DRAM [J],59,0.0
ICX,FP64,CUSTOM,8000,Energy DRAM [J],60,0.0
ICX,FP64,CUSTOM,8000,Energy DRAM [J],61,0.0
ICX,FP64,CUSTOM,8000,Energy DRAM [J],62,0.0
ICX,FP64,CUSTOM,8000,Energy DRAM [J],63,0.0
ICX,FP64,CUSTOM,8000,Energy DRAM [J],64,0.0
ICX,FP64,CUSTOM,8000,Energy DRAM [J],65,0.0
ICX,FP64,CUSTOM,8000,Energy DRAM [J],66,0.0
ICX,FP64,CUSTOM,8000,Energy DRAM [J],67,0.0
ICX,FP64,CUSTOM,8000,Energy DRAM [J],68,0.0
ICX,FP64,CUSTOM,8000,Energy DRAM [J],69,0.0
ICX,FP64,CUSTOM,8000,Energy DRAM [J],70,0.0
ICX,FP64,CUSTOM,8000,Energy DRAM [J],71,0.0
ICX,FP64,CUSTOM,8000,Power DRAM [W],0,9.5827
ICX,FP64,CUSTOM,8000,Power DRAM [W],1,0.0
ICX,FP64,CUSTOM,8000,Power DRAM [W],2,0.0
ICX,FP64,CUSTOM,8000,Power DRAM [W],3,0.0
ICX,FP64,CUSTOM,8000,Power DRAM [W],4,0.0
ICX,FP64,CUSTOM,8000,Power DRAM [W],5,0.0
ICX,FP64,CUSTOM,8000,Power DRAM [W],6,0.0
ICX,FP64,CUSTOM,8000,Power DRAM [W],7,0.0
ICX,FP64,CUSTOM,8000,Power DRAM [W],8,0.0
ICX,FP64,CUSTOM,8000,Power DRAM [W],9,0.0
ICX,FP64,CUSTOM,8000,Power DRAM [W],10,0.0
ICX,FP64,CUSTOM,8000,Power DRAM [W],11,0.0
ICX,FP64,CUSTOM,8000,Power DRAM [W],12,0.0
ICX,FP64,CUSTOM,8000,Power DRAM [W],13,0.0
ICX,FP64,CUSTOM,8000,Power DRAM [W],14,0.0
ICX,FP64,CUSTOM,8000,Power DRAM [W],15,0.0
ICX,FP64,CUSTOM,8000,Power DRAM [W],16,0.0
ICX,FP64,CUSTOM,8000,Power DRAM [W],17,0.0
ICX,FP64,CUSTOM,8000,Power DRAM [W],18,0.0
ICX,FP64,CUSTOM,8000,Power DRAM [W],19,0.0
ICX,FP64,CUSTOM,8000,Power DRAM [W],20,0.0
ICX,FP64,CUSTOM,8000,Power DRAM [W],21,0.0
ICX,FP64,CUSTOM,8000,Power DRAM [W],22,0.0
ICX,FP64,CUSTOM,8000,Power DRAM [W],23,0.0
ICX,FP64,CUSTOM,8000,Power DRAM [W],24,0.0
ICX,FP64,CUSTOM,8000,Power DRAM [W],25,0.0
ICX,FP64,CUSTOM,8000,Power DRAM [W],26,0.0
ICX,FP64,CUSTOM,8000,Power DRAM [W],27,0.0
ICX,FP64,CUSTOM,8000,Power DRAM [W],28,0.0
ICX,FP64,CUSTOM,8000,Power DRAM [W],29,0.0
ICX,FP64,CUSTOM,8000,Power DRAM [W],30,0.0
ICX,FP64,CUSTOM,8000,Power DRAM [W],31,0.0
ICX,FP64,CUSTOM,8000,Power DRAM [W],32,0.0
ICX,FP64,CUSTOM,8000,Power DRAM [W],33,0.0
ICX,FP64,CUSTOM,8000,Power DRAM [W],34,0.0
ICX,FP64,CUSTOM,8000,Power DRAM [W],35,0.0
ICX,FP64,CUSTOM,8000,Power DRAM [W],36,9.9976
ICX,FP64,CUSTOM,8000,Power DRAM [W],37,0.0
ICX,FP64,CUSTOM,8000,Power DRAM [W],38,0.0
ICX,FP64,CUSTOM,8000,Power DRAM [W],39,0.0
ICX,FP64,CUSTOM,8000,Power DRAM [W],40,0.0
ICX,FP64,CUSTOM,8000,Power DRAM [W],41,0.0
ICX,FP64,CUSTOM,8000,Power DRAM [W],42,0.0
ICX,FP64,CUSTOM,8000,Power DRAM [W],43,0.0
ICX,FP64,CUSTOM,8000,Power DRAM [W],44,0.0
ICX,FP64,CUSTOM,8000,Power DRAM [W],45,0.0
ICX,FP64,CUSTOM,8000,Power DRAM [W],46,0.0
ICX,FP64,CUSTOM,8000,Power DRAM [W],47,0.0
ICX,FP64,CUSTOM,8000,Power DRAM [W],48,0.0
ICX,FP64,CUSTOM,8000,Power DRAM [W],49,0.0
ICX,FP64,CUSTOM,8000,Power DRAM [W],50,0.0
ICX,FP64,CUSTOM,8000,Power DRAM [W],51,0.0
ICX,FP64,CUSTOM,8000,Power DRAM [W],52,0.0
ICX,FP64,CUSTOM,8000,Power DRAM [W],53,0.0
ICX,FP64,CUSTOM,8000,Power DRAM [W],54,0.0
ICX,FP64,CUSTOM,8000,Power DRAM [W],55,0.0
ICX,FP64,CUSTOM,8000,Power DRAM [W],56,0.0
ICX,FP64,CUSTOM,8000,Power DRAM [W],57,0.0
ICX,FP64,CUSTOM,8000,Power DRAM [W],58,0.0
ICX,FP64,CUSTOM,8000,Power DRAM [W],59,0.0
ICX,FP64,CUSTOM,8000,Power DRAM [W],60,0.0
ICX,FP64,CUSTOM,8000,Power DRAM [W],61,0.0
ICX,FP64,CUSTOM,8000,Power DRAM [W],62,0.0
ICX,FP64,CUSTOM,8000,Power DRAM [W],63,0.0
ICX,FP64,CUSTOM,8000,Power DRAM [W],64,0.0
ICX,FP64,CUSTOM,8000,Power DRAM [W],65,0.0
ICX,FP64,CUSTOM,8000,Power DRAM [W],66,0.0
ICX,FP64,CUSTOM,8000,Power DRAM [W],67,0.0
ICX,FP64,CUSTOM,8000,Power DRAM [W],68,0.0
ICX,FP64,CUSTOM,8000,Power DRAM [W],69,0.0
ICX,FP64,CUSTOM,8000,Power DRAM [W],70,0.0
ICX,FP64,CUSTOM,8000,Power DRAM [W],71,0.0
ICX,FP64,CUSTOM,8000,Energy PLATFORM [J],0,0.0
ICX,FP64,CUSTOM,8000,Energy PLATFORM [J],1,0.0
ICX,FP64,CUSTOM,8000,Energy PLATFORM [J],2,0.0
ICX,FP64,CUSTOM,8000,Energy PLATFORM [J],3,0.0
ICX,FP64,CUSTOM,8000,Energy PLATFORM [J],4,0.0
ICX,FP64,CUSTOM,8000,Energy PLATFORM [J],5,0.0
ICX,FP64,CUSTOM,8000,Energy PLATFORM [J],6,0.0
ICX,FP64,CUSTOM,8000,Energy PLATFORM [J],7,0.0
ICX,FP64,CUSTOM,8000,Energy PLATFORM [J],8,0.0
ICX,FP64,CUSTOM,8000,Energy PLATFORM [J],9,0.0
ICX,FP64,CUSTOM,8000,Energy PLATFORM [J],10,0.0
ICX,FP64,CUSTOM,8000,Energy PLATFORM [J],11,0.0
ICX,FP64,CUSTOM,8000,Energy PLATFORM [J],12,0.0
ICX,FP64,CUSTOM,8000,Energy PLATFORM [J],13,0.0
ICX,FP64,CUSTOM,8000,Energy PLATFORM [J],14,0.0
ICX,FP64,CUSTOM,8000,Energy PLATFORM [J],15,0.0
ICX,FP64,CUSTOM,8000,Energy PLATFORM [J],16,0.0
ICX,FP64,CUSTOM,8000,Energy PLATFORM [J],17,0.0
ICX,FP64,CUSTOM,8000,Energy PLATFORM [J],18,0.0
ICX,FP64,CUSTOM,8000,Energy PLATFORM [J],19,0.0
ICX,FP64,CUSTOM,8000,Energy PLATFORM [J],20,0.0
ICX,FP64,CUSTOM,8000,Energy PLATFORM [J],21,0.0
ICX,FP64,CUSTOM,8000,Energy PLATFORM [J],22,0.0
ICX,FP64,CUSTOM,8000,Energy PLATFORM [J],23,0.0
ICX,FP64,CUSTOM,8000,Energy PLATFORM [J],24,0.0
ICX,FP64,CUSTOM,8000,Energy PLATFORM [J],25,0.0
ICX,FP64,CUSTOM,8000,Energy PLATFORM [J],26,0.0
ICX,FP64,CUSTOM,8000,Energy PLATFORM [J],27,0.0
ICX,FP64,CUSTOM,8000,Energy PLATFORM [J],28,0.0
ICX,FP64,CUSTOM,8000,Energy PLATFORM [J],29,0.0
ICX,FP64,CUSTOM,8000,Energy PLATFORM [J],30,0.0
ICX,FP64,CUSTOM,8000,Energy PLATFORM [J],31,0.0
ICX,FP64,CUSTOM,8000,Energy PLATFORM [J],32,0.0
ICX,FP64,CUSTOM,8000,Energy PLATFORM [J],33,0.0
ICX,FP64,CUSTOM,8000,Energy PLATFORM [J],34,0.0
ICX,FP64,CUSTOM,8000,Energy PLATFORM [J],35,0.0
ICX,FP64,CUSTOM,8000,Energy PLATFORM [J],36,0.0
ICX,FP64,CUSTOM,8000,Energy PLATFORM [J],37,0.0
ICX,FP64,CUSTOM,8000,Energy PLATFORM [J],38,0.0
ICX,FP64,CUSTOM,8000,Energy PLATFORM [J],39,0.0
ICX,FP64,CUSTOM,8000,Energy PLATFORM [J],40,0.0
ICX,FP64,CUSTOM,8000,Energy PLATFORM [J],41,0.0
ICX,FP64,CUSTOM,8000,Energy PLATFORM [J],42,0.0
ICX,FP64,CUSTOM,8000,Energy PLATFORM [J],43,0.0
ICX,FP64,CUSTOM,8000,Energy PLATFORM [J],44,0.0
ICX,FP64,CUSTOM,8000,Energy PLATFORM [J],45,0.0
ICX,FP64,CUSTOM,8000,Energy PLATFORM [J],46,0.0
ICX,FP64,CUSTOM,8000,Energy PLATFORM [J],47,0.0
ICX,FP64,CUSTOM,8000,Energy PLATFORM [J],48,0.0
ICX,FP64,CUSTOM,8000,Energy PLATFORM [J],49,0.0
ICX,FP64,CUSTOM,8000,Energy PLATFORM [J],50,0.0
ICX,FP64,CUSTOM,8000,Energy PLATFORM [J],51,0.0
ICX,FP64,CUSTOM,8000,Energy PLATFORM [J],52,0.0
ICX,FP64,CUSTOM,8000,Energy PLATFORM [J],53,0.0
ICX,FP64,CUSTOM,8000,Energy PLATFORM [J],54,0.0
ICX,FP64,CUSTOM,8000,Energy PLATFORM [J],55,0.0
ICX,FP64,CUSTOM,8000,Energy PLATFORM [J],56,0.0
ICX,FP64,CUSTOM,8000,Energy PLATFORM [J],57,0.0
ICX,FP64,CUSTOM,8000,Energy PLATFORM [J],58,0.0
ICX,FP64,CUSTOM,8000,Energy PLATFORM [J],59,0.0
ICX,FP64,CUSTOM,8000,Energy PLATFORM [J],60,0.0
ICX,FP64,CUSTOM,8000,Energy PLATFORM [J],61,0.0
ICX,FP64,CUSTOM,8000,Energy PLATFORM [J],62,0.0
ICX,FP64,CUSTOM,8000,Energy PLATFORM [J],63,0.0
ICX,FP64,CUSTOM,8000,Energy PLATFORM [J],64,0.0
ICX,FP64,CUSTOM,8000,Energy PLATFORM [J],65,0.0
ICX,FP64,CUSTOM,8000,Energy PLATFORM [J],66,0.0
ICX,FP64,CUSTOM,8000,Energy PLATFORM [J],67,0.0
ICX,FP64,CUSTOM,8000,Energy PLATFORM [J],68,0.0
ICX,FP64,CUSTOM,8000,Energy PLATFORM [J],69,0.0
ICX,FP64,CUSTOM,8000,Energy PLATFORM [J],70,0.0
ICX,FP64,CUSTOM,8000,Energy PLATFORM [J],71,0.0
ICX,FP64,CUSTOM,8000,Power PLATFORM [W],0,0.0
ICX,FP64,CUSTOM,8000,Power PLATFORM [W],1,0.0
ICX,FP64,CUSTOM,8000,Power PLATFORM [W],2,0.0
ICX,FP64,CUSTOM,8000,Power PLATFORM [W],3,0.0
ICX,FP64,CUSTOM,8000,Power PLATFORM [W],4,0.0
ICX,FP64,CUSTOM,8000,Power PLATFORM [W],5,0.0
ICX,FP64,CUSTOM,8000,Power PLATFORM [W],6,0.0
ICX,FP64,CUSTOM,8000,Power PLATFORM [W],7,0.0
ICX,FP64,CUSTOM,8000,Power PLATFORM [W],8,0.0
ICX,FP64,CUSTOM,8000,Power PLATFORM [W],9,0.0
ICX,FP64,CUSTOM,8000,Power PLATFORM [W],10,0.0
ICX,FP64,CUSTOM,8000,Power PLATFORM [W],11,0.0
ICX,FP64,CUSTOM,8000,Power PLATFORM [W],12,0.0
ICX,FP64,CUSTOM,8000,Power PLATFORM [W],13,0.0
ICX,FP64,CUSTOM,8000,Power PLATFORM [W],14,0.0
ICX,FP64,CUSTOM,8000,Power PLATFORM [W],15,0.0
ICX,FP64,CUSTOM,8000,Power PLATFORM [W],16,0.0
ICX,FP64,CUSTOM,8000,Power PLATFORM [W],17,0.0
ICX,FP64,CUSTOM,8000,Power PLATFORM [W],18,0.0
ICX,FP64,CUSTOM,8000,Power PLATFORM [W],19,0.0
ICX,FP64,CUSTOM,8000,Power PLATFORM [W],20,0.0
ICX,FP64,CUSTOM,8000,Power PLATFORM [W],21,0.0
ICX,FP64,CUSTOM,8000,Power PLATFORM [W],22,0.0
ICX,FP64,CUSTOM,8000,Power PLATFORM [W],23,0.0
ICX,FP64,CUSTOM,8000,Power PLATFORM [W],24,0.0
ICX,FP64,CUSTOM,8000,Power PLATFORM [W],25,0.0
ICX,FP64,CUSTOM,8000,Power PLATFORM [W],26,0.0
ICX,FP64,CUSTOM,8000,Power PLATFORM [W],27,0.0
ICX,FP64,CUSTOM,8000,Power PLATFORM [W],28,0.0
ICX,FP64,CUSTOM,8000,Power PLATFORM [W],29,0.0
ICX,FP64,CUSTOM,8000,Power PLATFORM [W],30,0.0
ICX,FP64,CUSTOM,8000,Power PLATFORM [W],31,0.0
ICX,FP64,CUSTOM,8000,Power PLATFORM [W],32,0.0
ICX,FP64,CUSTOM,8000,Power PLATFORM [W],33,0.0
ICX,FP64,CUSTOM,8000,Power PLATFORM [W],34,0.0
ICX,FP64,CUSTOM,8000,Power PLATFORM [W],35,0.0
ICX,FP64,CUSTOM,8000,Power PLATFORM [W],36,0.0
ICX,FP64,CUSTOM,8000,Power PLATFORM [W],37,0.0
ICX,FP64,CUSTOM,8000,Power PLATFORM [W],38,0.0
ICX,FP64,CUSTOM,8000,Power PLATFORM [W],39,0.0
ICX,FP64,CUSTOM,8000,Power PLATFORM [W],40,0.0
ICX,FP64,CUSTOM,8000,Power PLATFORM [W],41,0.0
ICX,FP64,CUSTOM,8000,Power PLATFORM [W],42,0.0
ICX,FP64,CUSTOM,8000,Power PLATFORM [W],43,0.0
ICX,FP64,CUSTOM,8000,Power PLATFORM [W],44,0.0
ICX,FP64,CUSTOM,8000,Power PLATFORM [W],45,0.0
ICX,FP64,CUSTOM,8000,Power PLATFORM [W],46,0.0
ICX,FP64,CUSTOM,8000,Power PLATFORM [W],47,0.0
ICX,FP64,CUSTOM,8000,Power PLATFORM [W],48,0.0
ICX,FP64,CUSTOM,8000,Power PLATFORM [W],49,0.0
ICX,FP64,CUSTOM,8000,Power PLATFORM [W],50,0.0
ICX,FP64,CUSTOM,8000,Power PLATFORM [W],51,0.0
ICX,FP64,CUSTOM,8000,Power PLATFORM [W],52,0.0
ICX,FP64,CUSTOM,8000,Power PLATFORM [W],53,0.0
ICX,FP64,CUSTOM,8000,Power PLATFORM [W],54,0.0
ICX,FP64,CUSTOM,8000,Power PLATFORM [W],55,0.0
ICX,FP64,CUSTOM,8000,Power PLATFORM [W],56,0.0
ICX,FP64,CUSTOM,8000,Power PLATFORM [W],57,0.0
ICX,FP64,CUSTOM,8000,Power PLATFORM [W],58,0.0
ICX,FP64,CUSTOM,8000,Power PLATFORM [W],59,0.0
ICX,FP64,CUSTOM,8000,Power PLATFORM [W],60,0.0
ICX,FP64,CUSTOM,8000,Power PLATFORM [W],61,0.0
ICX,FP64,CUSTOM,8000,Power PLATFORM [W],62,0.0
ICX,FP64,CUSTOM,8000,Power PLATFORM [W],63,0.0
ICX,FP64,CUSTOM,8000,Power PLATFORM [W],64,0.0
ICX,FP64,CUSTOM,8000,Power PLATFORM [W],65,0.0
ICX,FP64,CUSTOM,8000,Power PLATFORM [W],66,0.0
ICX,FP64,CUSTOM,8000,Power PLATFORM [W],67,0.0
ICX,FP64,CUSTOM,8000,Power PLATFORM [W],68,0.0
ICX,FP64,CUSTOM,8000,Power PLATFORM [W],69,0.0
ICX,FP64,CUSTOM,8000,Power PLATFORM [W],70,0.0
ICX,FP64,CUSTOM,8000,Power PLATFORM [W],71,0.0
ICX,FP64,CUSTOM,8000,Memory read bandwidth [MBytes/s],0,5235.7929
ICX,FP64,CUSTOM,8000,Memory read bandwidth [MBytes/s],1,0.0
ICX,FP64,CUSTOM,8000,Memory read bandwidth [MBytes/s],2,0.0
ICX,FP64,CUSTOM,8000,Memory read bandwidth [MBytes/s],3,0.0
ICX,FP64,CUSTOM,8000,Memory read bandwidth [MBytes/s],4,0.0
ICX,FP64,CUSTOM,8000,Memory read bandwidth [MBytes/s],5,0.0
ICX,FP64,CUSTOM,8000,Memory read bandwidth [MBytes/s],6,0.0
ICX,FP64,CUSTOM,8000,Memory read bandwidth [MBytes/s],7,0.0
ICX,FP64,CUSTOM,8000,Memory read bandwidth [MBytes/s],8,0.0
ICX,FP64,CUSTOM,8000,Memory read bandwidth [MBytes/s],9,0.0
ICX,FP64,CUSTOM,8000,Memory read bandwidth [MBytes/s],10,0.0
ICX,FP64,CUSTOM,8000,Memory read bandwidth [MBytes/s],11,0.0
ICX,FP64,CUSTOM,8000,Memory read bandwidth [MBytes/s],12,0.0
ICX,FP64,CUSTOM,8000,Memory read bandwidth [MBytes/s],13,0.0
ICX,FP64,CUSTOM,8000,Memory read bandwidth [MBytes/s],14,0.0
ICX,FP64,CUSTOM,8000,Memory read bandwidth [MBytes/s],15,0.0
ICX,FP64,CUSTOM,8000,Memory read bandwidth [MBytes/s],16,0.0
ICX,FP64,CUSTOM,8000,Memory read bandwidth [MBytes/s],17,0.0
ICX,FP64,CUSTOM,8000,Memory read bandwidth [MBytes/s],18,0.0
ICX,FP64,CUSTOM,8000,Memory read bandwidth [MBytes/s],19,0.0
ICX,FP64,CUSTOM,8000,Memory read bandwidth [MBytes/s],20,0.0
ICX,FP64,CUSTOM,8000,Memory read bandwidth [MBytes/s],21,0.0
ICX,FP64,CUSTOM,8000,Memory read bandwidth [MBytes/s],22,0.0
ICX,FP64,CUSTOM,8000,Memory read bandwidth [MBytes/s],23,0.0
ICX,FP64,CUSTOM,8000,Memory read bandwidth [MBytes/s],24,0.0
ICX,FP64,CUSTOM,8000,Memory read bandwidth [MBytes/s],25,0.0
ICX,FP64,CUSTOM,8000,Memory read bandwidth [MBytes/s],26,0.0
ICX,FP64,CUSTOM,8000,Memory read bandwidth [MBytes/s],27,0.0
ICX,FP64,CUSTOM,8000,Memory read bandwidth [MBytes/s],28,0.0
ICX,FP64,CUSTOM,8000,Memory read bandwidth [MBytes/s],29,0.0
ICX,FP64,CUSTOM,8000,Memory read bandwidth [MBytes/s],30,0.0
ICX,FP64,CUSTOM,8000,Memory read bandwidth [MBytes/s],31,0.0
ICX,FP64,CUSTOM,8000,Memory read bandwidth [MBytes/s],32,0.0
ICX,FP64,CUSTOM,8000,Memory read bandwidth [MBytes/s],33,0.0
ICX,FP64,CUSTOM,8000,Memory read bandwidth [MBytes/s],34,0.0
ICX,FP64,CUSTOM,8000,Memory read bandwidth [MBytes/s],35,0.0
ICX,FP64,CUSTOM,8000,Memory read bandwidth [MBytes/s],36,7608.6636
ICX,FP64,CUSTOM,8000,Memory read bandwidth [MBytes/s],37,0.0
ICX,FP64,CUSTOM,8000,Memory read bandwidth [MBytes/s],38,0.0
ICX,FP64,CUSTOM,8000,Memory read bandwidth [MBytes/s],39,0.0
ICX,FP64,CUSTOM,8000,Memory read bandwidth [MBytes/s],40,0.0
ICX,FP64,CUSTOM,8000,Memory read bandwidth [MBytes/s],41,0.0
ICX,FP64,CUSTOM,8000,Memory read bandwidth [MBytes/s],42,0.0
ICX,FP64,CUSTOM,8000,Memory read bandwidth [MBytes/s],43,0.0
ICX,FP64,CUSTOM,8000,Memory read bandwidth [MBytes/s],44,0.0
ICX,FP64,CUSTOM,8000,Memory read bandwidth [MBytes/s],45,0.0
ICX,FP64,CUSTOM,8000,Memory read bandwidth [MBytes/s],46,0.0
ICX,FP64,CUSTOM,8000,Memory read bandwidth [MBytes/s],47,0.0
ICX,FP64,CUSTOM,8000,Memory read bandwidth [MBytes/s],48,0.0
ICX,FP64,CUSTOM,8000,Memory read bandwidth [MBytes/s],49,0.0
ICX,FP64,CUSTOM,8000,Memory read bandwidth [MBytes/s],50,0.0
ICX,FP64,CUSTOM,8000,Memory read bandwidth [MBytes/s],51,0.0
ICX,FP64,CUSTOM,8000,Memory read bandwidth [MBytes/s],52,0.0
ICX,FP64,CUSTOM,8000,Memory read bandwidth [MBytes/s],53,0.0
ICX,FP64,CUSTOM,8000,Memory read bandwidth [MBytes/s],54,0.0
ICX,FP64,CUSTOM,8000,Memory read bandwidth [MBytes/s],55,0.0
ICX,FP64,CUSTOM,8000,Memory read bandwidth [MBytes/s],56,0.0
ICX,FP64,CUSTOM,8000,Memory read bandwidth [MBytes/s],57,0.0
ICX,FP64,CUSTOM,8000,Memory read bandwidth [MBytes/s],58,0.0
ICX,FP64,CUSTOM,8000,Memory read bandwidth [MBytes/s],59,0.0
ICX,FP64,CUSTOM,8000,Memory read bandwidth [MBytes/s],60,0.0
ICX,FP64,CUSTOM,8000,Memory read bandwidth [MBytes/s],61,0.0
ICX,FP64,CUSTOM,8000,Memory read bandwidth [MBytes/s],62,0.0
ICX,FP64,CUSTOM,8000,Memory read bandwidth [MBytes/s],63,0.0
ICX,FP64,CUSTOM,8000,Memory read bandwidth [MBytes/s],64,0.0
ICX,FP64,CUSTOM,8000,Memory read bandwidth [MBytes/s],65,0.0
ICX,FP64,CUSTOM,8000,Memory read bandwidth [MBytes/s],66,0.0
ICX,FP64,CUSTOM,8000,Memory read bandwidth [MBytes/s],67,0.0
ICX,FP64,CUSTOM,8000,Memory read bandwidth [MBytes/s],68,0.0
ICX,FP64,CUSTOM,8000,Memory read bandwidth [MBytes/s],69,0.0
ICX,FP64,CUSTOM,8000,Memory read bandwidth [MBytes/s],70,0.0
ICX,FP64,CUSTOM,8000,Memory read bandwidth [MBytes/s],71,0.0
ICX,FP64,CUSTOM,8000,Memory read data volume [GBytes],0,28927.0588
ICX,FP64,CUSTOM,8000,Memory read data volume [GBytes],1,0.0
ICX,FP64,CUSTOM,8000,Memory read data volume [GBytes],2,0.0
ICX,FP64,CUSTOM,8000,Memory read data volume [GBytes],3,0.0
ICX,FP64,CUSTOM,8000,Memory read data volume [GBytes],4,0.0
ICX,FP64,CUSTOM,8000,Memory read data volume [GBytes],5,0.0
ICX,FP64,CUSTOM,8000,Memory read data volume [GBytes],6,0.0
ICX,FP64,CUSTOM,8000,Memory read data volume [GBytes],7,0.0
ICX,FP64,CUSTOM,8000,Memory read data volume [GBytes],8,0.0
ICX,FP64,CUSTOM,8000,Memory read data volume [GBytes],9,0.0
ICX,FP64,CUSTOM,8000,Memory read data volume [GBytes],10,0.0
ICX,FP64,CUSTOM,8000,Memory read data volume [GBytes],11,0.0
ICX,FP64,CUSTOM,8000,Memory read data volume [GBytes],12,0.0
ICX,FP64,CUSTOM,8000,Memory read data volume [GBytes],13,0.0
ICX,FP64,CUSTOM,8000,Memory read data volume [GBytes],14,0.0
ICX,FP64,CUSTOM,8000,Memory read data volume [GBytes],15,0.0
ICX,FP64,CUSTOM,8000,Memory read data volume [GBytes],16,0.0
ICX,FP64,CUSTOM,8000,Memory read data volume [GBytes],17,0.0
ICX,FP64,CUSTOM,8000,Memory read data volume [GBytes],18,0.0
ICX,FP64,CUSTOM,8000,Memory read data volume [GBytes],19,0.0
ICX,FP64,CUSTOM,8000,Memory read data volume [GBytes],20,0.0
ICX,FP64,CUSTOM,8000,Memory read data volume [GBytes],21,0.0
ICX,FP64,CUSTOM,8000,Memory read data volume [GBytes],22,0.0
ICX,FP64,CUSTOM,8000,Memory read data volume [GBytes],23,0.0
ICX,FP64,CUSTOM,8000,Memory read data volume [GBytes],24,0.0
ICX,FP64,CUSTOM,8000,Memory read data volume [GBytes],25,0.0
ICX,FP64,CUSTOM,8000,Memory read data volume [GBytes],26,0.0
ICX,FP64,CUSTOM,8000,Memory read data volume [GBytes],27,0.0
ICX,FP64,CUSTOM,8000,Memory read data volume [GBytes],28,0.0
ICX,FP64,CUSTOM,8000,Memory read data volume [GBytes],29,0.0
ICX,FP64,CUSTOM,8000,Memory read data volume [GBytes],30,0.0
ICX,FP64,CUSTOM,8000,Memory read data volume [GBytes],31,0.0
ICX,FP64,CUSTOM,8000,Memory read data volume [GBytes],32,0.0
ICX,FP64,CUSTOM,8000,Memory read data volume [GBytes],33,0.0
ICX,FP64,CUSTOM,8000,Memory read data volume [GBytes],34,0.0
ICX,FP64,CUSTOM,8000,Memory read data volume [GBytes],35,0.0
ICX,FP64,CUSTOM,8000,Memory read data volume [GBytes],36,42036.8532
ICX,FP64,CUSTOM,8000,Memory read data volume [GBytes],37,0.0
ICX,FP64,CUSTOM,8000,Memory read data volume [GBytes],38,0.0
ICX,FP64,CUSTOM,8000,Memory read data volume [GBytes],39,0.0
ICX,FP64,CUSTOM,8000,Memory read data volume [GBytes],40,0.0
ICX,FP64,CUSTOM,8000,Memory read data volume [GBytes],41,0.0
ICX,FP64,CUSTOM,8000,Memory read data volume [GBytes],42,0.0
ICX,FP64,CUSTOM,8000,Memory read data volume [GBytes],43,0.0
ICX,FP64,CUSTOM,8000,Memory read data volume [GBytes],44,0.0
ICX,FP64,CUSTOM,8000,Memory read data volume [GBytes],45,0.0
ICX,FP64,CUSTOM,8000,Memory read data volume [GBytes],46,0.0
ICX,FP64,CUSTOM,8000,Memory read data volume [GBytes],47,0.0
ICX,FP64,CUSTOM,8000,Memory read data volume [GBytes],48,0.0
ICX,FP64,CUSTOM,8000,Memory read data volume [GBytes],49,0.0
ICX,FP64,CUSTOM,8000,Memory read data volume [GBytes],50,0.0
ICX,FP64,CUSTOM,8000,Memory read data volume [GBytes],51,0.0
ICX,FP64,CUSTOM,8000,Memory read data volume [GBytes],52,0.0
ICX,FP64,CUSTOM,8000,Memory read data volume [GBytes],53,0.0
ICX,FP64,CUSTOM,8000,Memory read data volume [GBytes],54,0.0
ICX,FP64,CUSTOM,8000,Memory read data volume [GBytes],55,0.0
ICX,FP64,CUSTOM,8000,Memory read data volume [GBytes],56,0.0
ICX,FP64,CUSTOM,8000,Memory read data volume [GBytes],57,0.0
ICX,FP64,CUSTOM,8000,Memory read data volume [GBytes],58,0.0
ICX,FP64,CUSTOM,8000,Memory read data volume [GBytes],59,0.0
ICX,FP64,CUSTOM,8000,Memory read data volume [GBytes],60,0.0
ICX,FP64,CUSTOM,8000,Memory read data volume [GBytes],61,0.0
ICX,FP64,CUSTOM,8000,Memory read data volume [GBytes],62,0.0
ICX,FP64,CUSTOM,8000,Memory read data volume [GBytes],63,0.0
ICX,FP64,CUSTOM,8000,Memory read data volume [GBytes],64,0.0
ICX,FP64,CUSTOM,8000,Memory read data volume [GBytes],65,0.0
ICX,FP64,CUSTOM,8000,Memory read data volume [GBytes],66,0.0
ICX,FP64,CUSTOM,8000,Memory read data volume [GBytes],67,0.0
ICX,FP64,CUSTOM,8000,Memory read data volume [GBytes],68,0.0
ICX,FP64,CUSTOM,8000,Memory read data volume [GBytes],69,0.0
ICX,FP64,CUSTOM,8000,Memory read data volume [GBytes],70,0.0
ICX,FP64,CUSTOM,8000,Memory read data volume [GBytes],71,0.0
ICX,FP64,CUSTOM,8000,Memory write bandwidth [MBytes/s],0,1645.6306
ICX,FP64,CUSTOM,8000,Memory write bandwidth [MBytes/s],1,0.0
ICX,FP64,CUSTOM,8000,Memory write bandwidth [MBytes/s],2,0.0
ICX,FP64,CUSTOM,8000,Memory write bandwidth [MBytes/s],3,0.0
ICX,FP64,CUSTOM,8000,Memory write bandwidth [MBytes/s],4,0.0
ICX,FP64,CUSTOM,8000,Memory write bandwidth [MBytes/s],5,0.0
ICX,FP64,CUSTOM,8000,Memory write bandwidth [MBytes/s],6,0.0
ICX,FP64,CUSTOM,8000,Memory write bandwidth [MBytes/s],7,0.0
ICX,FP64,CUSTOM,8000,Memory write bandwidth [MBytes/s],8,0.0
ICX,FP64,CUSTOM,8000,Memory write bandwidth [MBytes/s],9,0.0
ICX,FP64,CUSTOM,8000,Memory write bandwidth [MBytes/s],10,0.0
ICX,FP64,CUSTOM,8000,Memory write bandwidth [MBytes/s],11,0.0
ICX,FP64,CUSTOM,8000,Memory write bandwidth [MBytes/s],12,0.0
ICX,FP64,CUSTOM,8000,Memory write bandwidth [MBytes/s],13,0.0
ICX,FP64,CUSTOM,8000,Memory write bandwidth [MBytes/s],14,0.0
ICX,FP64,CUSTOM,8000,Memory write bandwidth [MBytes/s],15,0.0
ICX,FP64,CUSTOM,8000,Memory write bandwidth [MBytes/s],16,0.0
ICX,FP64,CUSTOM,8000,Memory write bandwidth [MBytes/s],17,0.0
ICX,FP64,CUSTOM,8000,Memory write bandwidth [MBytes/s],18,0.0
ICX,FP64,CUSTOM,8000,Memory write bandwidth [MBytes/s],19,0.0
ICX,FP64,CUSTOM,8000,Memory write bandwidth [MBytes/s],20,0.0
ICX,FP64,CUSTOM,8000,Memory write bandwidth [MBytes/s],21,0.0
ICX,FP64,CUSTOM,8000,Memory write bandwidth [MBytes/s],22,0.0
ICX,FP64,CUSTOM,8000,Memory write bandwidth [MBytes/s],23,0.0
ICX,FP64,CUSTOM,8000,Memory write bandwidth [MBytes/s],24,0.0
ICX,FP64,CUSTOM,8000,Memory write bandwidth [MBytes/s],25,0.0
ICX,FP64,CUSTOM,8000,Memory write bandwidth [MBytes/s],26,0.0
ICX,FP64,CUSTOM,8000,Memory write bandwidth [MBytes/s],27,0.0
ICX,FP64,CUSTOM,8000,Memory write bandwidth [MBytes/s],28,0.0
ICX,FP64,CUSTOM,8000,Memory write bandwidth [MBytes/s],29,0.0
ICX,FP64,CUSTOM,8000,Memory write bandwidth [MBytes/s],30,0.0
ICX,FP64,CUSTOM,8000,Memory write bandwidth [MBytes/s],31,0.0
ICX,FP64,CUSTOM,8000,Memory write bandwidth [MBytes/s],32,0.0
ICX,FP64,CUSTOM,8000,Memory write bandwidth [MBytes/s],33,0.0
ICX,FP64,CUSTOM,8000,Memory write bandwidth [MBytes/s],34,0.0
ICX,FP64,CUSTOM,8000,Memory write bandwidth [MBytes/s],35,0.0
ICX,FP64,CUSTOM,8000,Memory write bandwidth [MBytes/s],36,1744.5169
ICX,FP64,CUSTOM,8000,Memory write bandwidth [MBytes/s],37,0.0
ICX,FP64,CUSTOM,8000,Memory write bandwidth [MBytes/s],38,0.0
ICX,FP64,CUSTOM,8000,Memory write bandwidth [MBytes/s],39,0.0
ICX,FP64,CUSTOM,8000,Memory write bandwidth [MBytes/s],40,0.0
ICX,FP64,CUSTOM,8000,Memory write bandwidth [MBytes/s],41,0.0
ICX,FP64,CUSTOM,8000,Memory write bandwidth [MBytes/s],42,0.0
ICX,FP64,CUSTOM,8000,Memory write bandwidth [MBytes/s],43,0.0
ICX,FP64,CUSTOM,8000,Memory write bandwidth [MBytes/s],44,0.0
ICX,FP64,CUSTOM,8000,Memory write bandwidth [MBytes/s],45,0.0
ICX,FP64,CUSTOM,8000,Memory write bandwidth [MBytes/s],46,0.0
ICX,FP64,CUSTOM,8000,Memory write bandwidth [MBytes/s],47,0.0
ICX,FP64,CUSTOM,8000,Memory write bandwidth [MBytes/s],48,0.0
ICX,FP64,CUSTOM,8000,Memory write bandwidth [MBytes/s],49,0.0
ICX,FP64,CUSTOM,8000,Memory write bandwidth [MBytes/s],50,0.0
ICX,FP64,CUSTOM,8000,Memory write bandwidth [MBytes/s],51,0.0
ICX,FP64,CUSTOM,8000,Memory write bandwidth [MBytes/s],52,0.0
ICX,FP64,CUSTOM,8000,Memory write bandwidth [MBytes/s],53,0.0
ICX,FP64,CUSTOM,8000,Memory write bandwidth [MBytes/s],54,0.0
ICX,FP64,CUSTOM,8000,Memory write bandwidth [MBytes/s],55,0.0
ICX,FP64,CUSTOM,8000,Memory write bandwidth [MBytes/s],56,0.0
ICX,FP64,CUSTOM,8000,Memory write bandwidth [MBytes/s],57,0.0
ICX,FP64,CUSTOM,8000,Memory write bandwidth [MBytes/s],58,0.0
ICX,FP64,CUSTOM,8000,Memory write bandwidth [MBytes/s],59,0.0
ICX,FP64,CUSTOM,8000,Memory write bandwidth [MBytes/s],60,0.0
ICX,FP64,CUSTOM,8000,Memory write bandwidth [MBytes/s],61,0.0
ICX,FP64,CUSTOM,8000,Memory write bandwidth [MBytes/s],62,0.0
ICX,FP64,CUSTOM,8000,Memory write bandwidth [MBytes/s],63,0.0
ICX,FP64,CUSTOM,8000,Memory write bandwidth [MBytes/s],64,0.0
ICX,FP64,CUSTOM,8000,Memory write bandwidth [MBytes/s],65,0.0
ICX,FP64,CUSTOM,8000,Memory write bandwidth [MBytes/s],66,0.0
ICX,FP64,CUSTOM,8000,Memory write bandwidth [MBytes/s],67,0.0
ICX,FP64,CUSTOM,8000,Memory write bandwidth [MBytes/s],68,0.0
ICX,FP64,CUSTOM,8000,Memory write bandwidth [MBytes/s],69,0.0
ICX,FP64,CUSTOM,8000,Memory write bandwidth [MBytes/s],70,0.0
ICX,FP64,CUSTOM,8000,Memory write bandwidth [MBytes/s],71,0.0
ICX,FP64,CUSTOM,8000,Memory write data volume [GBytes],0,9091.8901
ICX,FP64,CUSTOM,8000,Memory write data volume [GBytes],1,0.0
ICX,FP64,CUSTOM,8000,Memory write data volume [GBytes],2,0.0
ICX,FP64,CUSTOM,8000,Memory write data volume [GBytes],3,0.0
ICX,FP64,CUSTOM,8000,Memory write data volume [GBytes],4,0.0
ICX,FP64,CUSTOM,8000,Memory write data volume [GBytes],5,0.0
ICX,FP64,CUSTOM,8000,Memory write data volume [GBytes],6,0.0
ICX,FP64,CUSTOM,8000,Memory write data volume [GBytes],7,0.0
ICX,FP64,CUSTOM,8000,Memory write data volume [GBytes],8,0.0
ICX,FP64,CUSTOM,8000,Memory write data volume [GBytes],9,0.0
ICX,FP64,CUSTOM,8000,Memory write data volume [GBytes],10,0.0
ICX,FP64,CUSTOM,8000,Memory write data volume [GBytes],11,0.0
ICX,FP64,CUSTOM,8000,Memory write data volume [GBytes],12,0.0
ICX,FP64,CUSTOM,8000,Memory write data volume [GBytes],13,0.0
ICX,FP64,CUSTOM,8000,Memory write data volume [GBytes],14,0.0
ICX,FP64,CUSTOM,8000,Memory write data volume [GBytes],15,0.0
ICX,FP64,CUSTOM,8000,Memory write data volume [GBytes],16,0.0
ICX,FP64,CUSTOM,8000,Memory write data volume [GBytes],17,0.0
ICX,FP64,CUSTOM,8000,Memory write data volume [GBytes],18,0.0
ICX,FP64,CUSTOM,8000,Memory write data volume [GBytes],19,0.0
ICX,FP64,CUSTOM,8000,Memory write data volume [GBytes],20,0.0
ICX,FP64,CUSTOM,8000,Memory write data volume [GBytes],21,0.0
ICX,FP64,CUSTOM,8000,Memory write data volume [GBytes],22,0.0
ICX,FP64,CUSTOM,8000,Memory write data volume [GBytes],23,0.0
ICX,FP64,CUSTOM,8000,Memory write data volume [GBytes],24,0.0
ICX,FP64,CUSTOM,8000,Memory write data volume [GBytes],25,0.0
ICX,FP64,CUSTOM,8000,Memory write data volume [GBytes],26,0.0
ICX,FP64,CUSTOM,8000,Memory write data volume [GBytes],27,0.0
ICX,FP64,CUSTOM,8000,Memory write data volume [GBytes],28,0.0
ICX,FP64,CUSTOM,8000,Memory write data volume [GBytes],29,0.0
ICX,FP64,CUSTOM,8000,Memory write data volume [GBytes],30,0.0
ICX,FP64,CUSTOM,8000,Memory write data volume [GBytes],31,0.0
ICX,FP64,CUSTOM,8000,Memory write data volume [GBytes],32,0.0
ICX,FP64,CUSTOM,8000,Memory write data volume [GBytes],33,0.0
ICX,FP64,CUSTOM,8000,Memory write data volume [GBytes],34,0.0
ICX,FP64,CUSTOM,8000,Memory write data volume [GBytes],35,0.0
ICX,FP64,CUSTOM,8000,Memory write data volume [GBytes],36,9638.2236
ICX,FP64,CUSTOM,8000,Memory write data volume [GBytes],37,0.0
ICX,FP64,CUSTOM,8000,Memory write data volume [GBytes],38,0.0
ICX,FP64,CUSTOM,8000,Memory write data volume [GBytes],39,0.0
ICX,FP64,CUSTOM,8000,Memory write data volume [GBytes],40,0.0
ICX,FP64,CUSTOM,8000,Memory write data volume [GBytes],41,0.0
ICX,FP64,CUSTOM,8000,Memory write data volume [GBytes],42,0.0
ICX,FP64,CUSTOM,8000,Memory write data volume [GBytes],43,0.0
ICX,FP64,CUSTOM,8000,Memory write data volume [GBytes],44,0.0
ICX,FP64,CUSTOM,8000,Memory write data volume [GBytes],45,0.0
ICX,FP64,CUSTOM,8000,Memory write data volume [GBytes],46,0.0
ICX,FP64,CUSTOM,8000,Memory write data volume [GBytes],47,0.0
ICX,FP64,CUSTOM,8000,Memory write data volume [GBytes],48,0.0
ICX,FP64,CUSTOM,8000,Memory write data volume [GBytes],49,0.0
ICX,FP64,CUSTOM,8000,Memory write data volume [GBytes],50,0.0
ICX,FP64,CUSTOM,8000,Memory write data volume [GBytes],51,0.0
ICX,FP64,CUSTOM,8000,Memory write data volume [GBytes],52,0.0
ICX,FP64,CUSTOM,8000,Memory write data volume [GBytes],53,0.0
ICX,FP64,CUSTOM,8000,Memory write data volume [GBytes],54,0.0
ICX,FP64,CUSTOM,8000,Memory write data volume [GBytes],55,0.0
ICX,FP64,CUSTOM,8000,Memory write data volume [GBytes],56,0.0
ICX,FP64,CUSTOM,8000,Memory write data volume [GBytes],57,0.0
ICX,FP64,CUSTOM,8000,Memory write data volume [GBytes],58,0.0
ICX,FP64,CUSTOM,8000,Memory write data volume [GBytes],59,0.0
ICX,FP64,CUSTOM,8000,Memory write data volume [GBytes],60,0.0
ICX,FP64,CUSTOM,8000,Memory write data volume [GBytes],61,0.0
ICX,FP64,CUSTOM,8000,Memory write data volume [GBytes],62,0.0
ICX,FP64,CUSTOM,8000,Memory write data volume [GBytes],63,0.0
ICX,FP64,CUSTOM,8000,Memory write data volume [GBytes],64,0.0
ICX,FP64,CUSTOM,8000,Memory write data volume [GBytes],65,0.0
ICX,FP64,CUSTOM,8000,Memory write data volume [GBytes],66,0.0
ICX,FP64,CUSTOM,8000,Memory write data volume [GBytes],67,0.0
ICX,FP64,CUSTOM,8000,Memory write data volume [GBytes],68,0.0
ICX,FP64,CUSTOM,8000,Memory write data volume [GBytes],69,0.0
ICX,FP64,CUSTOM,8000,Memory write data volume [GBytes],70,0.0
ICX,FP64,CUSTOM,8000,Memory write data volume [GBytes],71,0.0
ICX,FP64,CUSTOM,8000,Memory bandwidth [MBytes/s],0,6881.4236
ICX,FP64,CUSTOM,8000,Memory bandwidth [MBytes/s],1,0.0
ICX,FP64,CUSTOM,8000,Memory bandwidth [MBytes/s],2,0.0
ICX,FP64,CUSTOM,8000,Memory bandwidth [MBytes/s],3,0.0
ICX,FP64,CUSTOM,8000,Memory bandwidth [MBytes/s],4,0.0
ICX,FP64,CUSTOM,8000,Memory bandwidth [MBytes/s],5,0.0
ICX,FP64,CUSTOM,8000,Memory bandwidth [MBytes/s],6,0.0
ICX,FP64,CUSTOM,8000,Memory bandwidth [MBytes/s],7,0.0
ICX,FP64,CUSTOM,8000,Memory bandwidth [MBytes/s],8,0.0
ICX,FP64,CUSTOM,8000,Memory bandwidth [MBytes/s],9,0.0
ICX,FP64,CUSTOM,8000,Memory bandwidth [MBytes/s],10,0.0
ICX,FP64,CUSTOM,8000,Memory bandwidth [MBytes/s],11,0.0
ICX,FP64,CUSTOM,8000,Memory bandwidth [MBytes/s],12,0.0
ICX,FP64,CUSTOM,8000,Memory bandwidth [MBytes/s],13,0.0
ICX,FP64,CUSTOM,8000,Memory bandwidth [MBytes/s],14,0.0
ICX,FP64,CUSTOM,8000,Memory bandwidth [MBytes/s],15,0.0
ICX,FP64,CUSTOM,8000,Memory bandwidth [MBytes/s],16,0.0
ICX,FP64,CUSTOM,8000,Memory bandwidth [MBytes/s],17,0.0
ICX,FP64,CUSTOM,8000,Memory bandwidth [MBytes/s],18,0.0
ICX,FP64,CUSTOM,8000,Memory bandwidth [MBytes/s],19,0.0
ICX,FP64,CUSTOM,8000,Memory bandwidth [MBytes/s],20,0.0
ICX,FP64,CUSTOM,8000,Memory bandwidth [MBytes/s],21,0.0
ICX,FP64,CUSTOM,8000,Memory bandwidth [MBytes/s],22,0.0
ICX,FP64,CUSTOM,8000,Memory bandwidth [MBytes/s],23,0.0
ICX,FP64,CUSTOM,8000,Memory bandwidth [MBytes/s],24,0.0
ICX,FP64,CUSTOM,8000,Memory bandwidth [MBytes/s],25,0.0
ICX,FP64,CUSTOM,8000,Memory bandwidth [MBytes/s],26,0.0
ICX,FP64,CUSTOM,8000,Memory bandwidth [MBytes/s],27,0.0
ICX,FP64,CUSTOM,8000,Memory bandwidth [MBytes/s],28,0.0
ICX,FP64,CUSTOM,8000,Memory bandwidth [MBytes/s],29,0.0
ICX,FP64,CUSTOM,8000,Memory bandwidth [MBytes/s],30,0.0
ICX,FP64,CUSTOM,8000,Memory bandwidth [MBytes/s],31,0.0
ICX,FP64,CUSTOM,8000,Memory bandwidth [MBytes/s],32,0.0
ICX,FP64,CUSTOM,8000,Memory bandwidth [MBytes/s],33,0.0
ICX,FP64,CUSTOM,8000,Memory bandwidth [MBytes/s],34,0.0
ICX,FP64,CUSTOM,8000,Memory bandwidth [MBytes/s],35,0.0
ICX,FP64,CUSTOM,8000,Memory bandwidth [MBytes/s],36,9353.1805
ICX,FP64,CUSTOM,8000,Memory bandwidth [MBytes/s],37,0.0
ICX,FP64,CUSTOM,8000,Memory bandwidth [MBytes/s],38,0.0
ICX,FP64,CUSTOM,8000,Memory bandwidth [MBytes/s],39,0.0
ICX,FP64,CUSTOM,8000,Memory bandwidth [MBytes/s],40,0.0
ICX,FP64,CUSTOM,8000,Memory bandwidth [MBytes/s],41,0.0
ICX,FP64,CUSTOM,8000,Memory bandwidth [MBytes/s],42,0.0
ICX,FP64,CUSTOM,8000,Memory bandwidth [MBytes/s],43,0.0
ICX,FP64,CUSTOM,8000,Memory bandwidth [MBytes/s],44,0.0
ICX,FP64,CUSTOM,8000,Memory bandwidth [MBytes/s],45,0.0
ICX,FP64,CUSTOM,8000,Memory bandwidth [MBytes/s],46,0.0
ICX,FP64,CUSTOM,8000,Memory bandwidth [MBytes/s],47,0.0
ICX,FP64,CUSTOM,8000,Memory bandwidth [MBytes/s],48,0.0
ICX,FP64,CUSTOM,8000,Memory bandwidth [MBytes/s],49,0.0
ICX,FP64,CUSTOM,8000,Memory bandwidth [MBytes/s],50,0.0
ICX,FP64,CUSTOM,8000,Memory bandwidth [MBytes/s],51,0.0
ICX,FP64,CUSTOM,8000,Memory bandwidth [MBytes/s],52,0.0
ICX,FP64,CUSTOM,8000,Memory bandwidth [MBytes/s],53,0.0
ICX,FP64,CUSTOM,8000,Memory bandwidth [MBytes/s],54,0.0
ICX,FP64,CUSTOM,8000,Memory bandwidth [MBytes/s],55,0.0
ICX,FP64,CUSTOM,8000,Memory bandwidth [MBytes/s],56,0.0
ICX,FP64,CUSTOM,8000,Memory bandwidth [MBytes/s],57,0.0
ICX,FP64,CUSTOM,8000,Memory bandwidth [MBytes/s],58,0.0
ICX,FP64,CUSTOM,8000,Memory bandwidth [MBytes/s],59,0.0
ICX,FP64,CUSTOM,8000,Memory bandwidth [MBytes/s],60,0.0
ICX,FP64,CUSTOM,8000,Memory bandwidth [MBytes/s],61,0.0
ICX,FP64,CUSTOM,8000,Memory bandwidth [MBytes/s],62,0.0
ICX,FP64,CUSTOM,8000,Memory bandwidth [MBytes/s],63,0.0
ICX,FP64,CUSTOM,8000,Memory bandwidth [MBytes/s],64,0.0
ICX,FP64,CUSTOM,8000,Memory bandwidth [MBytes/s],65,0.0
ICX,FP64,CUSTOM,8000,Memory bandwidth [MBytes/s],66,0.0
ICX,FP64,CUSTOM,8000,Memory bandwidth [MBytes/s],67,0.0
ICX,FP64,CUSTOM,8000,Memory bandwidth [MBytes/s],68,0.0
ICX,FP64,CUSTOM,8000,Memory bandwidth [MBytes/s],69,0.0
ICX,FP64,CUSTOM,8000,Memory bandwidth [MBytes/s],70,0.0
ICX,FP64,CUSTOM,8000,Memory bandwidth [MBytes/s],71,0.0
ICX,FP64,CUSTOM,8000,Memory data volume [GBytes],0,38018.9489
ICX,FP64,CUSTOM,8000,Memory data volume [GBytes],1,0.0
ICX,FP64,CUSTOM,8000,Memory data volume [GBytes],2,0.0
ICX,FP64,CUSTOM,8000,Memory data volume [GBytes],3,0.0
ICX,FP64,CUSTOM,8000,Memory data volume [GBytes],4,0.0
ICX,FP64,CUSTOM,8000,Memory data volume [GBytes],5,0.0
ICX,FP64,CUSTOM,8000,Memory data volume [GBytes],6,0.0
ICX,FP64,CUSTOM,8000,Memory data volume [GBytes],7,0.0
ICX,FP64,CUSTOM,8000,Memory data volume [GBytes],8,0.0
ICX,FP64,CUSTOM,8000,Memory data volume [GBytes],9,0.0
ICX,FP64,CUSTOM,8000,Memory data volume [GBytes],10,0.0
ICX,FP64,CUSTOM,8000,Memory data volume [GBytes],11,0.0
ICX,FP64,CUSTOM,8000,Memory data volume [GBytes],12,0.0
ICX,FP64,CUSTOM,8000,Memory data volume [GBytes],13,0.0
ICX,FP64,CUSTOM,8000,Memory data volume [GBytes],14,0.0
ICX,FP64,CUSTOM,8000,Memory data volume [GBytes],15,0.0
ICX,FP64,CUSTOM,8000,Memory data volume [GBytes],16,0.0
ICX,FP64,CUSTOM,8000,Memory data volume [GBytes],17,0.0
ICX,FP64,CUSTOM,8000,Memory data volume [GBytes],18,0.0
ICX,FP64,CUSTOM,8000,Memory data volume [GBytes],19,0.0
ICX,FP64,CUSTOM,8000,Memory data volume [GBytes],20,0.0
ICX,FP64,CUSTOM,8000,Memory data volume [GBytes],21,0.0
ICX,FP64,CUSTOM,8000,Memory data volume [GBytes],22,0.0
ICX,FP64,CUSTOM,8000,Memory data volume [GBytes],23,0.0
ICX,FP64,CUSTOM,8000,Memory data volume [GBytes],24,0.0
ICX,FP64,CUSTOM,8000,Memory data volume [GBytes],25,0.0
ICX,FP64,CUSTOM,8000,Memory data volume [GBytes],26,0.0
ICX,FP64,CUSTOM,8000,Memory data volume [GBytes],27,0.0
ICX,FP64,CUSTOM,8000,Memory data volume [GBytes],28,0.0
ICX,FP64,CUSTOM,8000,Memory data volume [GBytes],29,0.0
ICX,FP64,CUSTOM,8000,Memory data volume [GBytes],30,0.0
ICX,FP64,CUSTOM,8000,Memory data volume [GBytes],31,0.0
ICX,FP64,CUSTOM,8000,Memory data volume [GBytes],32,0.0
ICX,FP64,CUSTOM,8000,Memory data volume [GBytes],33,0.0
ICX,FP64,CUSTOM,8000,Memory data volume [GBytes],34,0.0
ICX,FP64,CUSTOM,8000,Memory data volume [GBytes],35,0.0
ICX,FP64,CUSTOM,8000,Memory data volume [GBytes],36,51675.0768
ICX,FP64,CUSTOM,8000,Memory data volume [GBytes],37,0.0
ICX,FP64,CUSTOM,8000,Memory data volume [GBytes],38,0.0
ICX,FP64,CUSTOM,8000,Memory data volume [GBytes],39,0.0
ICX,FP64,CUSTOM,8000,Memory data volume [GBytes],40,0.0
ICX,FP64,CUSTOM,8000,Memory data volume [GBytes],41,0.0
ICX,FP64,CUSTOM,8000,Memory data volume [GBytes],42,0.0
ICX,FP64,CUSTOM,8000,Memory data volume [GBytes],43,0.0
ICX,FP64,CUSTOM,8000,Memory data volume [GBytes],44,0.0
ICX,FP64,CUSTOM,8000,Memory data volume [GBytes],45,0.0
ICX,FP64,CUSTOM,8000,Memory data volume [GBytes],46,0.0
ICX,FP64,CUSTOM,8000,Memory data volume [GBytes],47,0.0
ICX,FP64,CUSTOM,8000,Memory data volume [GBytes],48,0.0
ICX,FP64,CUSTOM,8000,Memory data volume [GBytes],49,0.0
ICX,FP64,CUSTOM,8000,Memory data volume [GBytes],50,0.0
ICX,FP64,CUSTOM,8000,Memory data volume [GBytes],51,0.0
ICX,FP64,CUSTOM,8000,Memory data volume [GBytes],52,0.0
ICX,FP64,CUSTOM,8000,Memory data volume [GBytes],53,0.0
ICX,FP64,CUSTOM,8000,Memory data volume [GBytes],54,0.0
ICX,FP64,CUSTOM,8000,Memory data volume [GBytes],55,0.0
ICX,FP64,CUSTOM,8000,Memory data volume [GBytes],56,0.0
ICX,FP64,CUSTOM,8000,Memory data volume [GBytes],57,0.0
ICX,FP64,CUSTOM,8000,Memory data volume [GBytes],58,0.0
ICX,FP64,CUSTOM,8000,Memory data volume [GBytes],59,0.0
ICX,FP64,CUSTOM,8000,Memory data volume [GBytes],60,0.0
ICX,FP64,CUSTOM,8000,Memory data volume [GBytes],61,0.0
ICX,FP64,CUSTOM,8000,Memory data volume [GBytes],62,0.0
ICX,FP64,CUSTOM,8000,Memory data volume [GBytes],63,0.0
ICX,FP64,CUSTOM,8000,Memory data volume [GBytes],64,0.0
ICX,FP64,CUSTOM,8000,Memory data volume [GBytes],65,0.0
ICX,FP64,CUSTOM,8000,Memory data volume [GBytes],66,0.0
ICX,FP64,CUSTOM,8000,Memory data volume [GBytes],67,0.0
ICX,FP64,CUSTOM,8000,Memory data volume [GBytes],68,0.0
ICX,FP64,CUSTOM,8000,Memory data volume [GBytes],69,0.0
ICX,FP64,CUSTOM,8000,Memory data volume [GBytes],70,0.0
ICX,FP64,CUSTOM,8000,Memory data volume [GBytes],71,0.0
