proc,dtype,group,size,metric,hwthread,value
SPR,BF16,CUSTOM_BF16,8000,Runtime (RDTSC) [s],0,0.0001
SPR,BF16,CUSTOM_BF16,8000,Runtime (RDTSC) [s],1,0.0001
SPR,BF16,CUSTOM_BF16,8000,Runtime (RDTSC) [s],2,0.0001
SPR,BF16,CUSTOM_BF16,8000,Runtime (RDTSC) [s],3,0.0001
SPR,BF16,CUSTOM_BF16,8000,Runtime (RDTSC) [s],4,0.0001
SPR,BF16,CUSTOM_BF16,8000,Runtime (RDTSC) [s],5,0.0001
SPR,BF16,CUSTOM_BF16,8000,Runtime (RDTSC) [s],6,0.0001
SPR,BF16,CUSTOM_BF16,8000,Runtime (RDTSC) [s],7,0.0001
SPR,BF16,CUSTOM_BF16,8000,Runtime (RDTSC) [s],8,0.0001
SPR,BF16,CUSTOM_BF16,8000,Runtime (RDTSC) [s],9,0.0001
SPR,BF16,CUSTOM_BF16,8000,Runtime (RDTSC) [s],10,0.0001
SPR,BF16,CUSTOM_BF16,8000,Runtime (RDTSC) [s],11,0.0001
SPR,BF16,CUSTOM_BF16,8000,Runtime (RDTSC) [s],12,0.0001
SPR,BF16,CUSTOM_BF16,8000,Runtime (RDTSC) [s],13,0.0001
SPR,BF16,CUSTOM_BF16,8000,Runtime (RDTSC) [s],14,0.0001
SPR,BF16,CUSTOM_BF16,8000,Runtime (RDTSC) [s],15,0.0001
SPR,BF16,CUSTOM_BF16,8000,Runtime (RDTSC) [s],16,0.0001
SPR,BF16,CUSTOM_BF16,8000,Runtime (RDTSC) [s],17,0.0001
SPR,BF16,CUSTOM_BF16,8000,Runtime (RDTSC) [s],18,0.0001
SPR,BF16,CUSTOM_BF16,8000,Runtime (RDTSC) [s],19,0.0001
SPR,BF16,CUSTOM_BF16,8000,Runtime (RDTSC) [s],20,0.0001
SPR,BF16,CUSTOM_BF16,8000,Runtime (RDTSC) [s],21,0.0001
SPR,BF16,CUSTOM_BF16,8000,Runtime (RDTSC) [s],22,0.0001
SPR,BF16,CUSTOM_BF16,8000,Runtime (RDTSC) [s],23,0.0001
SPR,BF16,CUSTOM_BF16,8000,Runtime (RDTSC) [s],24,0.0001
SPR,BF16,CUSTOM_BF16,8000,Runtime (RDTSC) [s],25,0.0001
SPR,BF16,CUSTOM_BF16,8000,Runtime (RDTSC) [s],26,0.0001
SPR,BF16,CUSTOM_BF16,8000,Runtime (RDTSC) [s],27,0.0001
SPR,BF16,CUSTOM_BF16,8000,Runtime (RDTSC) [s],28,0.0001
SPR,BF16,CUSTOM_BF16,8000,Runtime (RDTSC) [s],29,0.0001
SPR,BF16,CUSTOM_BF16,8000,Runtime (RDTSC) [s],30,0.0001
SPR,BF16,CUSTOM_BF16,8000,Runtime (RDTSC) [s],31,0.0001
SPR,BF16,CUSTOM_BF16,8000,Runtime (RDTSC) [s],32,0.0001
SPR,BF16,CUSTOM_BF16,8000,Runtime (RDTSC) [s],33,0.0001
SPR,BF16,CUSTOM_BF16,8000,Runtime (RDTSC) [s],34,0.0001
SPR,BF16,CUSTOM_BF16,8000,Runtime (RDTSC) [s],35,0.0001
SPR,BF16,CUSTOM_BF16,8000,Runtime (RDTSC) [s],36,0.0001
SPR,BF16,CUSTOM_BF16,8000,Runtime (RDTSC) [s],37,0.0001
SPR,BF16,CUSTOM_BF16,8000,Runtime (RDTSC) [s],38,0.0001
SPR,BF16,CUSTOM_BF16,8000,Runtime (RDTSC) [s],39,0.0001
SPR,BF16,CUSTOM_BF16,8000,Runtime (RDTSC) [s],40,0.0001
SPR,BF16,CUSTOM_BF16,8000,Runtime (RDTSC) [s],41,0.0001
SPR,BF16,CUSTOM_BF16,8000,Runtime (RDTSC) [s],42,0.0001
SPR,BF16,CUSTOM_BF16,8000,Runtime (RDTSC) [s],43,0.0001
SPR,BF16,CUSTOM_BF16,8000,Runtime (RDTSC) [s],44,0.0001
SPR,BF16,CUSTOM_BF16,8000,Runtime (RDTSC) [s],45,0.0001
SPR,BF16,CUSTOM_BF16,8000,Runtime (RDTSC) [s],46,0.0001
SPR,BF16,CUSTOM_BF16,8000,Runtime (RDTSC) [s],47,0.0001
SPR,BF16,CUSTOM_BF16,8000,Runtime (RDTSC) [s],48,0.0001
SPR,BF16,CUSTOM_BF16,8000,Runtime (RDTSC) [s],49,0.0001
SPR,BF16,CUSTOM_BF16,8000,Runtime (RDTSC) [s],50,0.0001
SPR,BF16,CUSTOM_BF16,8000,Runtime (RDTSC) [s],51,0.0001
SPR,BF16,CUSTOM_BF16,8000,Runtime (RDTSC) [s],52,0.0001
SPR,BF16,CUSTOM_BF16,8000,Runtime (RDTSC) [s],53,0.0001
SPR,BF16,CUSTOM_BF16,8000,Runtime (RDTSC) [s],54,0.0001
SPR,BF16,CUSTOM_BF16,8000,Runtime (RDTSC) [s],55,0.0001
SPR,BF16,CUSTOM_BF16,8000,Runtime (RDTSC) [s],56,0.0001
SPR,BF16,CUSTOM_BF16,8000,Runtime (RDTSC) [s],57,0.0001
SPR,BF16,CUSTOM_BF16,8000,Runtime (RDTSC) [s],58,0.0001
SPR,BF16,CUSTOM_BF16,8000,Runtime (RDTSC) [s],59,0.0001
SPR,BF16,CUSTOM_BF16,8000,Runtime (RDTSC) [s],60,0.0001
SPR,BF16,CUSTOM_BF16,8000,Runtime (RDTSC) [s],61,0.0001
SPR,BF16,CUSTOM_BF16,8000,Runtime (RDTSC) [s],62,0.0001
SPR,BF16,CUSTOM_BF16,8000,Runtime (RDTSC) [s],63,0.0001
SPR,BF16,CUSTOM_BF16,8000,Runtime (RDTSC) [s],64,0.0001
SPR,BF16,CUSTOM_BF16,8000,Runtime (RDTSC) [s],65,0.0001
SPR,BF16,CUSTOM_BF16,8000,Runtime (RDTSC) [s],66,0.0001
SPR,BF16,CUSTOM_BF16,8000,Runtime (RDTSC) [s],67,0.0001
SPR,BF16,CUSTOM_BF16,8000,Runtime (RDTSC) [s],68,0.0001
SPR,BF16,CUSTOM_BF16,8000,Runtime (RDTSC) [s],69,0.0001
SPR,BF16,CUSTOM_BF16,8000,Runtime (RDTSC) [s],70,0.0001
SPR,BF16,CUSTOM_BF16,8000,Runtime (RDTSC) [s],71,0.0001
SPR,BF16,CUSTOM_BF16,8000,Runtime (RDTSC) [s],72,0.0001
SPR,BF16,CUSTOM_BF16,8000,Runtime (RDTSC) [s],73,0.0001
SPR,BF16,CUSTOM_BF16,8000,Runtime (RDTSC) [s],74,0.0001
SPR,BF16,CUSTOM_BF16,8000,Runtime (RDTSC) [s],75,0.0001
SPR,BF16,CUSTOM_BF16,8000,Runtime (RDTSC) [s],76,0.0001
SPR,BF16,CUSTOM_BF16,8000,Runtime (RDTSC) [s],77,0.0001
SPR,BF16,CUSTOM_BF16,8000,Runtime (RDTSC) [s],78,0.0001
SPR,BF16,CUSTOM_BF16,8000,Runtime (RDTSC) [s],79,0.0001
SPR,BF16,CUSTOM_BF16,8000,Runtime (RDTSC) [s],80,0.0001
SPR,BF16,CUSTOM_BF16,8000,Runtime (RDTSC) [s],81,0.0001
SPR,BF16,CUSTOM_BF16,8000,Runtime (RDTSC) [s],82,0.0001
SPR,BF16,CUSTOM_BF16,8000,Runtime (RDTSC) [s],83,0.0001
SPR,BF16,CUSTOM_BF16,8000,Runtime (RDTSC) [s],84,0.0001
SPR,BF16,CUSTOM_BF16,8000,Runtime (RDTSC) [s],85,0.0001
SPR,BF16,CUSTOM_BF16,8000,Runtime (RDTSC) [s],86,0.0001
SPR,BF16,CUSTOM_BF16,8000,Runtime (RDTSC) [s],87,0.0001
SPR,BF16,CUSTOM_BF16,8000,Runtime (RDTSC) [s],88,0.0001
SPR,BF16,CUSTOM_BF16,8000,Runtime (RDTSC) [s],89,0.0001
SPR,BF16,CUSTOM_BF16,8000,Runtime (RDTSC) [s],90,0.0001
SPR,BF16,CUSTOM_BF16,8000,Runtime (RDTSC) [s],91,0.0001
SPR,BF16,CUSTOM_BF16,8000,Runtime (RDTSC) [s],92,0.0001
SPR,BF16,CUSTOM_BF16,8000,Runtime (RDTSC) [s],93,0.0001
SPR,BF16,CUSTOM_BF16,8000,Runtime (RDTSC) [s],94,0.0001
SPR,BF16,CUSTOM_BF16,8000,Runtime (RDTSC) [s],95,0.0001
SPR,BF16,CUSTOM_BF16,8000,Runtime (RDTSC) [s],96,0.0001
SPR,BF16,CUSTOM_BF16,8000,Runtime (RDTSC) [s],97,0.0001
SPR,BF16,CUSTOM_BF16,8000,Runtime (RDTSC) [s],98,0.0001
SPR,BF16,CUSTOM_BF16,8000,Runtime (RDTSC) [s],99,0.0001
SPR,BF16,CUSTOM_BF16,8000,Runtime (RDTSC) [s],100,0.0001
SPR,BF16,CUSTOM_BF16,8000,Runtime (RDTSC) [s],101,0.0001
SPR,BF16,CUSTOM_BF16,8000,Runtime (RDTSC) [s],102,0.0001
SPR,BF16,CUSTOM_BF16,8000,Runtime (RDTSC) [s],103,0.0001
SPR,BF16,CUSTOM_BF16,8000,Runtime unhalted [s],0,5.157e-06
SPR,BF16,CUSTOM_BF16,8000,Runtime unhalted [s],1,0.0001
SPR,BF16,CUSTOM_BF16,8000,Runtime unhalted [s],2,1.12215e-05
SPR,BF16,CUSTOM_BF16,8000,Runtime unhalted [s],3,4.0915e-06
SPR,BF16,CUSTOM_BF16,8000,Runtime unhalted [s],4,4.184e-06
SPR,BF16,CUSTOM_BF16,8000,Runtime unhalted [s],5,3.686e-06
SPR,BF16,CUSTOM_BF16,8000,Runtime unhalted [s],6,4.255e-06
SPR,BF16,CUSTOM_BF16,8000,Runtime unhalted [s],7,4.2495e-06
SPR,BF16,CUSTOM_BF16,8000,Runtime unhalted [s],8,4.182e-06
SPR,BF16,CUSTOM_BF16,8000,Runtime unhalted [s],9,4.5335e-06
SPR,BF16,CUSTOM_BF16,8000,Runtime unhalted [s],10,3.585e-06
SPR,BF16,CUSTOM_BF16,8000,Runtime unhalted [s],11,4.283e-06
SPR,BF16,CUSTOM_BF16,8000,Runtime unhalted [s],12,4.0645e-06
SPR,BF16,CUSTOM_BF16,8000,Runtime unhalted [s],13,4.349e-06
SPR,BF16,CUSTOM_BF16,8000,Runtime unhalted [s],14,3.03395e-05
SPR,BF16,CUSTOM_BF16,8000,Runtime unhalted [s],15,1.17585e-05
SPR,BF16,CUSTOM_BF16,8000,Runtime unhalted [s],16,4.018e-06
SPR,BF16,CUSTOM_BF16,8000,Runtime unhalted [s],17,3.814e-06
SPR,BF16,CUSTOM_BF16,8000,Runtime unhalted [s],18,4.102e-06
SPR,BF16,CUSTOM_BF16,8000,Runtime unhalted [s],19,4.233e-06
SPR,BF16,CUSTOM_BF16,8000,Runtime unhalted [s],20,4.171e-06
SPR,BF16,CUSTOM_BF16,8000,Runtime unhalted [s],21,3.8995e-06
SPR,BF16,CUSTOM_BF16,8000,Runtime unhalted [s],22,4.2745e-06
SPR,BF16,CUSTOM_BF16,8000,Runtime unhalted [s],23,4.494e-06
SPR,BF16,CUSTOM_BF16,8000,Runtime unhalted [s],24,4.038e-06
SPR,BF16,CUSTOM_BF16,8000,Runtime unhalted [s],25,4.073e-06
SPR,BF16,CUSTOM_BF16,8000,Runtime unhalted [s],26,4.116e-06
SPR,BF16,CUSTOM_BF16,8000,Runtime unhalted [s],27,2.97735e-05
SPR,BF16,CUSTOM_BF16,8000,Runtime unhalted [s],28,1.18175e-05
SPR,BF16,CUSTOM_BF16,8000,Runtime unhalted [s],29,3.8785e-06
SPR,BF16,CUSTOM_BF16,8000,Runtime unhalted [s],30,4.002e-06
SPR,BF16,CUSTOM_BF16,8000,Runtime unhalted [s],31,4.197e-06
SPR,BF16,CUSTOM_BF16,8000,Runtime unhalted [s],32,3.841e-06
SPR,BF16,CUSTOM_BF16,8000,Runtime unhalted [s],33,3.5665e-06
SPR,BF16,CUSTOM_BF16,8000,Runtime unhalted [s],34,3.8485e-06
SPR,BF16,CUSTOM_BF16,8000,Runtime unhalted [s],35,3.804e-06
SPR,BF16,CUSTOM_BF16,8000,Runtime unhalted [s],36,3.8545e-06
SPR,BF16,CUSTOM_BF16,8000,Runtime unhalted [s],37,3.554e-06
SPR,BF16,CUSTOM_BF16,8000,Runtime unhalted [s],38,3.6275e-06
SPR,BF16,CUSTOM_BF16,8000,Runtime unhalted [s],39,4.1605e-06
SPR,BF16,CUSTOM_BF16,8000,Runtime unhalted [s],40,3.35015e-05
SPR,BF16,CUSTOM_BF16,8000,Runtime unhalted [s],41,1.10275e-05
SPR,BF16,CUSTOM_BF16,8000,Runtime unhalted [s],42,3.7855e-06
SPR,BF16,CUSTOM_BF16,8000,Runtime unhalted [s],43,3.688e-06
SPR,BF16,CUSTOM_BF16,8000,Runtime unhalted [s],44,3.4095e-06
SPR,BF16,CUSTOM_BF16,8000,Runtime unhalted [s],45,3.642e-06
SPR,BF16,CUSTOM_BF16,8000,Runtime unhalted [s],46,7.4425e-06
SPR,BF16,CUSTOM_BF16,8000,Runtime unhalted [s],47,3.8625e-06
SPR,BF16,CUSTOM_BF16,8000,Runtime unhalted [s],48,3.4855e-06
SPR,BF16,CUSTOM_BF16,8000,Runtime unhalted [s],49,3.3325e-06
SPR,BF16,CUSTOM_BF16,8000,Runtime unhalted [s],50,3.9295e-06
SPR,BF16,CUSTOM_BF16,8000,Runtime unhalted [s],51,8.242e-06
SPR,BF16,CUSTOM_BF16,8000,Runtime unhalted [s],52,4.03575e-05
SPR,BF16,CUSTOM_BF16,8000,Runtime unhalted [s],53,0.0001
SPR,BF16,CUSTOM_BF16,8000,Runtime unhalted [s],54,1.12025e-05
SPR,BF16,CUSTOM_BF16,8000,Runtime unhalted [s],55,3.6355e-06
SPR,BF16,CUSTOM_BF16,8000,Runtime unhalted [s],56,3.8715e-06
SPR,BF16,CUSTOM_BF16,8000,Runtime unhalted [s],57,3.8035e-06
SPR,BF16,CUSTOM_BF16,8000,Runtime unhalted [s],58,4.0645e-06
SPR,BF16,CUSTOM_BF16,8000,Runtime unhalted [s],59,3.8605e-06
SPR,BF16,CUSTOM_BF16,8000,Runtime unhalted [s],60,4.14e-06
SPR,BF16,CUSTOM_BF16,8000,Runtime unhalted [s],61,3.847e-06
SPR,BF16,CUSTOM_BF16,8000,Runtime unhalted [s],62,3.58e-06
SPR,BF16,CUSTOM_BF16,8000,Runtime unhalted [s],63,3.879e-06
SPR,BF16,CUSTOM_BF16,8000,Runtime unhalted [s],64,0.0003
SPR,BF16,CUSTOM_BF16,8000,Runtime unhalted [s],65,4.0015e-06
SPR,BF16,CUSTOM_BF16,8000,Runtime unhalted [s],66,2.95085e-05
SPR,BF16,CUSTOM_BF16,8000,Runtime unhalted [s],67,1.0713e-05
SPR,BF16,CUSTOM_BF16,8000,Runtime unhalted [s],68,3.406e-06
SPR,BF16,CUSTOM_BF16,8000,Runtime unhalted [s],69,3.752e-06
SPR,BF16,CUSTOM_BF16,8000,Runtime unhalted [s],70,3.547e-06
SPR,BF16,CUSTOM_BF16,8000,Runtime unhalted [s],71,3.6505e-06
SPR,BF16,CUSTOM_BF16,8000,Runtime unhalted [s],72,3.4725e-06
SPR,BF16,CUSTOM_BF16,8000,Runtime unhalted [s],73,3.572e-06
SPR,BF16,CUSTOM_BF16,8000,Runtime unhalted [s],74,3.771e-06
SPR,BF16,CUSTOM_BF16,8000,Runtime unhalted [s],75,3.957e-06
SPR,BF16,CUSTOM_BF16,8000,Runtime unhalted [s],76,3.5365e-06
SPR,BF16,CUSTOM_BF16,8000,Runtime unhalted [s],77,2.755e-06
SPR,BF16,CUSTOM_BF16,8000,Runtime unhalted [s],78,3.5025e-06
SPR,BF16,CUSTOM_BF16,8000,Runtime unhalted [s],79,0.0001
SPR,BF16,CUSTOM_BF16,8000,Runtime unhalted [s],80,0.0001
SPR,BF16,CUSTOM_BF16,8000,Runtime unhalted [s],81,3.3245e-06
SPR,BF16,CUSTOM_BF16,8000,Runtime unhalted [s],82,3.2875e-06
SPR,BF16,CUSTOM_BF16,8000,Runtime unhalted [s],83,3.445e-06
SPR,BF16,CUSTOM_BF16,8000,Runtime unhalted [s],84,3.191e-06
SPR,BF16,CUSTOM_BF16,8000,Runtime unhalted [s],85,3.3805e-06
SPR,BF16,CUSTOM_BF16,8000,Runtime unhalted [s],86,3.273e-06
SPR,BF16,CUSTOM_BF16,8000,Runtime unhalted [s],87,3.2085e-06
SPR,BF16,CUSTOM_BF16,8000,Runtime unhalted [s],88,3.11e-06
SPR,BF16,CUSTOM_BF16,8000,Runtime unhalted [s],89,3.2185e-06
SPR,BF16,CUSTOM_BF16,8000,Runtime unhalted [s],90,3.2055e-06
SPR,BF16,CUSTOM_BF16,8000,Runtime unhalted [s],91,3.209e-06
SPR,BF16,CUSTOM_BF16,8000,Runtime unhalted [s],92,3.33655e-05
SPR,BF16,CUSTOM_BF16,8000,Runtime unhalted [s],93,1.0685e-05
SPR,BF16,CUSTOM_BF16,8000,Runtime unhalted [s],94,3.052e-06
SPR,BF16,CUSTOM_BF16,8000,Runtime unhalted [s],95,3.001e-06
SPR,BF16,CUSTOM_BF16,8000,Runtime unhalted [s],96,3.145e-06
SPR,BF16,CUSTOM_BF16,8000,Runtime unhalted [s],97,3.1555e-06
SPR,BF16,CUSTOM_BF16,8000,Runtime unhalted [s],98,3.264e-06
SPR,BF16,CUSTOM_BF16,8000,Runtime unhalted [s],99,3.2725e-06
SPR,BF16,CUSTOM_BF16,8000,Runtime unhalted [s],100,3.269e-06
SPR,BF16,CUSTOM_BF16,8000,Runtime unhalted [s],101,3.2975e-06
SPR,BF16,CUSTOM_BF16,8000,Runtime unhalted [s],102,3.0265e-06
SPR,BF16,CUSTOM_BF16,8000,Runtime unhalted [s],103,2.5558e-05
SPR,BF16,CUSTOM_BF16,8000,Clock [MHz],0,3791.9118
SPR,BF16,CUSTOM_BF16,8000,Clock [MHz],1,3262.317
SPR,BF16,CUSTOM_BF16,8000,Clock [MHz],2,3169.9153
SPR,BF16,CUSTOM_BF16,8000,Clock [MHz],3,3719.5455
SPR,BF16,CUSTOM_BF16,8000,Clock [MHz],4,3874.0741
SPR,BF16,CUSTOM_BF16,8000,Clock [MHz],5,2925.3968
SPR,BF16,CUSTOM_BF16,8000,Clock [MHz],6,3939.8148
SPR,BF16,CUSTOM_BF16,8000,Clock [MHz],7,3863.1818
SPR,BF16,CUSTOM_BF16,8000,Clock [MHz],8,3733.9286
SPR,BF16,CUSTOM_BF16,8000,Clock [MHz],9,3841.9492
SPR,BF16,CUSTOM_BF16,8000,Clock [MHz],10,2938.5246
SPR,BF16,CUSTOM_BF16,8000,Clock [MHz],11,3824.1071
SPR,BF16,CUSTOM_BF16,8000,Clock [MHz],12,3834.434
SPR,BF16,CUSTOM_BF16,8000,Clock [MHz],13,3814.9123
SPR,BF16,CUSTOM_BF16,8000,Clock [MHz],14,2934.1876
SPR,BF16,CUSTOM_BF16,8000,Clock [MHz],15,3674.5312
SPR,BF16,CUSTOM_BF16,8000,Clock [MHz],16,3652.7273
SPR,BF16,CUSTOM_BF16,8000,Clock [MHz],17,3405.3571
SPR,BF16,CUSTOM_BF16,8000,Clock [MHz],18,3798.1481
SPR,BF16,CUSTOM_BF16,8000,Clock [MHz],19,3919.4444
SPR,BF16,CUSTOM_BF16,8000,Clock [MHz],20,3791.8182
SPR,BF16,CUSTOM_BF16,8000,Clock [MHz],21,3420.614
SPR,BF16,CUSTOM_BF16,8000,Clock [MHz],22,3622.4576
SPR,BF16,CUSTOM_BF16,8000,Clock [MHz],23,3624.1935
SPR,BF16,CUSTOM_BF16,8000,Clock [MHz],24,3542.1053
SPR,BF16,CUSTOM_BF16,8000,Clock [MHz],25,3511.2069
SPR,BF16,CUSTOM_BF16,8000,Clock [MHz],26,3548.2759
SPR,BF16,CUSTOM_BF16,8000,Clock [MHz],27,2412.7634
SPR,BF16,CUSTOM_BF16,8000,Clock [MHz],28,3647.3765
SPR,BF16,CUSTOM_BF16,8000,Clock [MHz],29,3658.9623
SPR,BF16,CUSTOM_BF16,8000,Clock [MHz],30,3573.2143
SPR,BF16,CUSTOM_BF16,8000,Clock [MHz],31,3440.1639
SPR,BF16,CUSTOM_BF16,8000,Clock [MHz],32,3369.2982
SPR,BF16,CUSTOM_BF16,8000,Clock [MHz],33,2122.9167
SPR,BF16,CUSTOM_BF16,8000,Clock [MHz],34,3207.0833
SPR,BF16,CUSTOM_BF16,8000,Clock [MHz],35,3170.0
SPR,BF16,CUSTOM_BF16,8000,Clock [MHz],36,3212.0833
SPR,BF16,CUSTOM_BF16,8000,Clock [MHz],37,3173.2143
SPR,BF16,CUSTOM_BF16,8000,Clock [MHz],38,2159.2262
SPR,BF16,CUSTOM_BF16,8000,Clock [MHz],39,3250.3906
SPR,BF16,CUSTOM_BF16,8000,Clock [MHz],40,2592.9954
SPR,BF16,CUSTOM_BF16,8000,Clock [MHz],41,3150.7143
SPR,BF16,CUSTOM_BF16,8000,Clock [MHz],42,3004.3651
SPR,BF16,CUSTOM_BF16,8000,Clock [MHz],43,3022.9508
SPR,BF16,CUSTOM_BF16,8000,Clock [MHz],44,2990.7895
SPR,BF16,CUSTOM_BF16,8000,Clock [MHz],45,2985.2459
SPR,BF16,CUSTOM_BF16,8000,Clock [MHz],46,3025.4065
SPR,BF16,CUSTOM_BF16,8000,Clock [MHz],47,3065.4762
SPR,BF16,CUSTOM_BF16,8000,Clock [MHz],48,2953.8136
SPR,BF16,CUSTOM_BF16,8000,Clock [MHz],49,3029.5455
SPR,BF16,CUSTOM_BF16,8000,Clock [MHz],50,3069.9219
SPR,BF16,CUSTOM_BF16,8000,Clock [MHz],51,2922.695
SPR,BF16,CUSTOM_BF16,8000,Clock [MHz],52,3238.9647
SPR,BF16,CUSTOM_BF16,8000,Clock [MHz],53,3332.1369
SPR,BF16,CUSTOM_BF16,8000,Clock [MHz],54,3759.2282
SPR,BF16,CUSTOM_BF16,8000,Clock [MHz],55,3709.6939
SPR,BF16,CUSTOM_BF16,8000,Clock [MHz],56,3722.5962
SPR,BF16,CUSTOM_BF16,8000,Clock [MHz],57,3728.9216
SPR,BF16,CUSTOM_BF16,8000,Clock [MHz],58,3908.1731
SPR,BF16,CUSTOM_BF16,8000,Clock [MHz],59,3217.0833
SPR,BF16,CUSTOM_BF16,8000,Clock [MHz],60,3763.6364
SPR,BF16,CUSTOM_BF16,8000,Clock [MHz],61,3629.2453
SPR,BF16,CUSTOM_BF16,8000,Clock [MHz],62,3086.2069
SPR,BF16,CUSTOM_BF16,8000,Clock [MHz],63,3802.9412
SPR,BF16,CUSTOM_BF16,8000,Clock [MHz],64,3059.4008
SPR,BF16,CUSTOM_BF16,8000,Clock [MHz],65,2084.1146
SPR,BF16,CUSTOM_BF16,8000,Clock [MHz],66,2526.4127
SPR,BF16,CUSTOM_BF16,8000,Clock [MHz],67,3306.4815
SPR,BF16,CUSTOM_BF16,8000,Clock [MHz],68,3547.9167
SPR,BF16,CUSTOM_BF16,8000,Clock [MHz],69,3346.2264
SPR,BF16,CUSTOM_BF16,8000,Clock [MHz],70,3510.0962
SPR,BF16,CUSTOM_BF16,8000,Clock [MHz],71,3774.4565
SPR,BF16,CUSTOM_BF16,8000,Clock [MHz],72,3557.5472
SPR,BF16,CUSTOM_BF16,8000,Clock [MHz],73,3733.0189
SPR,BF16,CUSTOM_BF16,8000,Clock [MHz],74,3608.6735
SPR,BF16,CUSTOM_BF16,8000,Clock [MHz],75,829.8193
SPR,BF16,CUSTOM_BF16,8000,Clock [MHz],76,3726.0638
SPR,BF16,CUSTOM_BF16,8000,Clock [MHz],77,2712.8707
SPR,BF16,CUSTOM_BF16,8000,Clock [MHz],78,3074.8739
SPR,BF16,CUSTOM_BF16,8000,Clock [MHz],79,3463.0208
SPR,BF16,CUSTOM_BF16,8000,Clock [MHz],80,3573.3696
SPR,BF16,CUSTOM_BF16,8000,Clock [MHz],81,3377.451
SPR,BF16,CUSTOM_BF16,8000,Clock [MHz],82,3468.4783
SPR,BF16,CUSTOM_BF16,8000,Clock [MHz],83,3314.2157
SPR,BF16,CUSTOM_BF16,8000,Clock [MHz],84,3208.8235
SPR,BF16,CUSTOM_BF16,8000,Clock [MHz],85,3208.5
SPR,BF16,CUSTOM_BF16,8000,Clock [MHz],86,3239.5833
SPR,BF16,CUSTOM_BF16,8000,Clock [MHz],87,3094.7115
SPR,BF16,CUSTOM_BF16,8000,Clock [MHz],88,3142.6471
SPR,BF16,CUSTOM_BF16,8000,Clock [MHz],89,1887.6471
SPR,BF16,CUSTOM_BF16,8000,Clock [MHz],90,2703.8493
SPR,BF16,CUSTOM_BF16,8000,Clock [MHz],91,3088.1503
SPR,BF16,CUSTOM_BF16,8000,Clock [MHz],92,3052.0
SPR,BF16,CUSTOM_BF16,8000,Clock [MHz],93,2885.5769
SPR,BF16,CUSTOM_BF16,8000,Clock [MHz],94,2966.9811
SPR,BF16,CUSTOM_BF16,8000,Clock [MHz],95,3093.6275
SPR,BF16,CUSTOM_BF16,8000,Clock [MHz],96,2967.2727
SPR,BF16,CUSTOM_BF16,8000,Clock [MHz],97,3030.0926
SPR,BF16,CUSTOM_BF16,8000,Clock [MHz],98,2918.75
SPR,BF16,CUSTOM_BF16,8000,Clock [MHz],99,2997.7273
SPR,BF16,CUSTOM_BF16,8000,Clock [MHz],100,3088.2653
SPR,BF16,CUSTOM_BF16,8000,Clock [MHz],101,2917.5799
SPR,BF16,CUSTOM_BF16,8000,CPI,0,3.3739
SPR,BF16,CUSTOM_BF16,8000,CPI,1,10.0833
SPR,BF16,CUSTOM_BF16,8000,CPI,2,5.8522
SPR,BF16,CUSTOM_BF16,8000,CPI,3,2.6768
SPR,BF16,CUSTOM_BF16,8000,CPI,4,2.7373
SPR,BF16,CUSTOM_BF16,8000,CPI,5,2.4115
SPR,BF16,CUSTOM_BF16,8000,CPI,6,2.7838
SPR,BF16,CUSTOM_BF16,8000,CPI,7,2.7802
SPR,BF16,CUSTOM_BF16,8000,CPI,8,2.736
SPR,BF16,CUSTOM_BF16,8000,CPI,9,2.966
SPR,BF16,CUSTOM_BF16,8000,CPI,10,2.3454
SPR,BF16,CUSTOM_BF16,8000,CPI,11,2.8021
SPR,BF16,CUSTOM_BF16,8000,CPI,12,2.6591
SPR,BF16,CUSTOM_BF16,8000,CPI,13,2.8453
SPR,BF16,CUSTOM_BF16,8000,CPI,14,5.5684
SPR,BF16,CUSTOM_BF16,8000,CPI,15,6.1322
SPR,BF16,CUSTOM_BF16,8000,CPI,16,2.6287
SPR,BF16,CUSTOM_BF16,8000,CPI,17,2.4953
SPR,BF16,CUSTOM_BF16,8000,CPI,18,2.6837
SPR,BF16,CUSTOM_BF16,8000,CPI,19,2.7694
SPR,BF16,CUSTOM_BF16,8000,CPI,20,2.7288
SPR,BF16,CUSTOM_BF16,8000,CPI,21,2.5512
SPR,BF16,CUSTOM_BF16,8000,CPI,22,2.7965
SPR,BF16,CUSTOM_BF16,8000,CPI,23,2.9401
SPR,BF16,CUSTOM_BF16,8000,CPI,24,2.6418
SPR,BF16,CUSTOM_BF16,8000,CPI,25,2.6647
SPR,BF16,CUSTOM_BF16,8000,CPI,26,2.6928
SPR,BF16,CUSTOM_BF16,8000,CPI,27,5.4645
SPR,BF16,CUSTOM_BF16,8000,CPI,28,6.1614
SPR,BF16,CUSTOM_BF16,8000,CPI,29,2.5375
SPR,BF16,CUSTOM_BF16,8000,CPI,30,2.6183
SPR,BF16,CUSTOM_BF16,8000,CPI,31,2.7458
SPR,BF16,CUSTOM_BF16,8000,CPI,32,2.5129
SPR,BF16,CUSTOM_BF16,8000,CPI,33,2.3333
SPR,BF16,CUSTOM_BF16,8000,CPI,34,2.5178
SPR,BF16,CUSTOM_BF16,8000,CPI,35,2.4887
SPR,BF16,CUSTOM_BF16,8000,CPI,36,2.5218
SPR,BF16,CUSTOM_BF16,8000,CPI,37,2.3252
SPR,BF16,CUSTOM_BF16,8000,CPI,38,2.3732
SPR,BF16,CUSTOM_BF16,8000,CPI,39,2.7219
SPR,BF16,CUSTOM_BF16,8000,CPI,40,5.6187
SPR,BF16,CUSTOM_BF16,8000,CPI,41,5.751
SPR,BF16,CUSTOM_BF16,8000,CPI,42,2.4766
SPR,BF16,CUSTOM_BF16,8000,CPI,43,2.4128
SPR,BF16,CUSTOM_BF16,8000,CPI,44,2.2306
SPR,BF16,CUSTOM_BF16,8000,CPI,45,2.3827
SPR,BF16,CUSTOM_BF16,8000,CPI,46,3.6501
SPR,BF16,CUSTOM_BF16,8000,CPI,47,2.527
SPR,BF16,CUSTOM_BF16,8000,CPI,48,2.2803
SPR,BF16,CUSTOM_BF16,8000,CPI,49,2.1802
SPR,BF16,CUSTOM_BF16,8000,CPI,50,2.5708
SPR,BF16,CUSTOM_BF16,8000,CPI,51,1.0745
SPR,BF16,CUSTOM_BF16,8000,CPI,52,2.931
SPR,BF16,CUSTOM_BF16,8000,CPI,53,7.6367
SPR,BF16,CUSTOM_BF16,8000,CPI,54,5.8422
SPR,BF16,CUSTOM_BF16,8000,CPI,55,2.3785
SPR,BF16,CUSTOM_BF16,8000,CPI,56,2.5329
SPR,BF16,CUSTOM_BF16,8000,CPI,57,2.4884
SPR,BF16,CUSTOM_BF16,8000,CPI,58,2.6591
SPR,BF16,CUSTOM_BF16,8000,CPI,59,2.5257
SPR,BF16,CUSTOM_BF16,8000,CPI,60,2.7085
SPR,BF16,CUSTOM_BF16,8000,CPI,61,2.5168
SPR,BF16,CUSTOM_BF16,8000,CPI,62,2.3422
SPR,BF16,CUSTOM_BF16,8000,CPI,63,2.5378
SPR,BF16,CUSTOM_BF16,8000,CPI,64,1.6572
SPR,BF16,CUSTOM_BF16,8000,CPI,65,2.6179
SPR,BF16,CUSTOM_BF16,8000,CPI,66,5.4159
SPR,BF16,CUSTOM_BF16,8000,CPI,67,5.587
SPR,BF16,CUSTOM_BF16,8000,CPI,68,2.2283
SPR,BF16,CUSTOM_BF16,8000,CPI,69,2.4547
SPR,BF16,CUSTOM_BF16,8000,CPI,70,2.3206
SPR,BF16,CUSTOM_BF16,8000,CPI,71,2.3883
SPR,BF16,CUSTOM_BF16,8000,CPI,72,2.2718
SPR,BF16,CUSTOM_BF16,8000,CPI,73,2.3369
SPR,BF16,CUSTOM_BF16,8000,CPI,74,2.4671
SPR,BF16,CUSTOM_BF16,8000,CPI,75,2.5888
SPR,BF16,CUSTOM_BF16,8000,CPI,76,2.3137
SPR,BF16,CUSTOM_BF16,8000,CPI,77,1.8024
SPR,BF16,CUSTOM_BF16,8000,CPI,78,2.2915
SPR,BF16,CUSTOM_BF16,8000,CPI,79,1.6754
SPR,BF16,CUSTOM_BF16,8000,CPI,80,4.7589
SPR,BF16,CUSTOM_BF16,8000,CPI,81,2.175
SPR,BF16,CUSTOM_BF16,8000,CPI,82,2.1508
SPR,BF16,CUSTOM_BF16,8000,CPI,83,2.2538
SPR,BF16,CUSTOM_BF16,8000,CPI,84,2.0877
SPR,BF16,CUSTOM_BF16,8000,CPI,85,2.2116
SPR,BF16,CUSTOM_BF16,8000,CPI,86,2.1413
SPR,BF16,CUSTOM_BF16,8000,CPI,87,2.0991
SPR,BF16,CUSTOM_BF16,8000,CPI,88,2.0347
SPR,BF16,CUSTOM_BF16,8000,CPI,89,2.1057
SPR,BF16,CUSTOM_BF16,8000,CPI,90,2.0972
SPR,BF16,CUSTOM_BF16,8000,CPI,91,2.0994
SPR,BF16,CUSTOM_BF16,8000,CPI,92,5.6962
SPR,BF16,CUSTOM_BF16,8000,CPI,93,5.5724
SPR,BF16,CUSTOM_BF16,8000,CPI,94,1.9967
SPR,BF16,CUSTOM_BF16,8000,CPI,95,1.9634
SPR,BF16,CUSTOM_BF16,8000,CPI,96,2.0576
SPR,BF16,CUSTOM_BF16,8000,CPI,97,2.0644
SPR,BF16,CUSTOM_BF16,8000,CPI,98,2.1354
SPR,BF16,CUSTOM_BF16,8000,CPI,99,2.141
SPR,BF16,CUSTOM_BF16,8000,CPI,100,2.1387
SPR,BF16,CUSTOM_BF16,8000,CPI,101,2.1573
SPR,BF16,CUSTOM_BF16,8000,CPI,102,1.98
SPR,BF16,CUSTOM_BF16,8000,CPI,103,2.6224
SPR,BF16,CUSTOM_BF16,8000,Energy [J],0,9.8291
SPR,BF16,CUSTOM_BF16,8000,Energy [J],1,0.0
SPR,BF16,CUSTOM_BF16,8000,Energy [J],2,0.0
SPR,BF16,CUSTOM_BF16,8000,Energy [J],3,0.0
SPR,BF16,CUSTOM_BF16,8000,Energy [J],4,0.0
SPR,BF16,CUSTOM_BF16,8000,Energy [J],5,0.0
SPR,BF16,CUSTOM_BF16,8000,Energy [J],6,0.0
SPR,BF16,CUSTOM_BF16,8000,Energy [J],7,0.0
SPR,BF16,CUSTOM_BF16,8000,Energy [J],8,0.0
SPR,BF16,CUSTOM_BF16,8000,Energy [J],9,0.0
SPR,BF16,CUSTOM_BF16,8000,Energy [J],10,0.0
SPR,BF16,CUSTOM_BF16,8000,Energy [J],11,0.0
SPR,BF16,CUSTOM_BF16,8000,Energy [J],12,0.0
SPR,BF16,CUSTOM_BF16,8000,Energy [J],13,0.0
SPR,BF16,CUSTOM_BF16,8000,Energy [J],14,0.0
SPR,BF16,CUSTOM_BF16,8000,Energy [J],15,0.0
SPR,BF16,CUSTOM_BF16,8000,Energy [J],16,0.0
SPR,BF16,CUSTOM_BF16,8000,Energy [J],17,0.0
SPR,BF16,CUSTOM_BF16,8000,Energy [J],18,0.0
SPR,BF16,CUSTOM_BF16,8000,Energy [J],19,0.0
SPR,BF16,CUSTOM_BF16,8000,Energy [J],20,0.0
SPR,BF16,CUSTOM_BF16,8000,Energy [J],21,0.0
SPR,BF16,CUSTOM_BF16,8000,Energy [J],22,0.0
SPR,BF16,CUSTOM_BF16,8000,Energy [J],23,0.0
SPR,BF16,CUSTOM_BF16,8000,Energy [J],24,0.0
SPR,BF16,CUSTOM_BF16,8000,Energy [J],25,0.0
SPR,BF16,CUSTOM_BF16,8000,Energy [J],26,0.0
SPR,BF16,CUSTOM_BF16,8000,Energy [J],27,0.0
SPR,BF16,CUSTOM_BF16,8000,Energy [J],28,0.0
SPR,BF16,CUSTOM_BF16,8000,Energy [J],29,0.0
SPR,BF16,CUSTOM_BF16,8000,Energy [J],30,0.0
SPR,BF16,CUSTOM_BF16,8000,Energy [J],31,0.0
SPR,BF16,CUSTOM_BF16,8000,Energy [J],32,0.0
SPR,BF16,CUSTOM_BF16,8000,Energy [J],33,0.0
SPR,BF16,CUSTOM_BF16,8000,Energy [J],34,0.0
SPR,BF16,CUSTOM_BF16,8000,Energy [J],35,0.0
SPR,BF16,CUSTOM_BF16,8000,Energy [J],36,0.0
SPR,BF16,CUSTOM_BF16,8000,Energy [J],37,0.0
SPR,BF16,CUSTOM_BF16,8000,Energy [J],38,0.0
SPR,BF16,CUSTOM_BF16,8000,Energy [J],39,0.0
SPR,BF16,CUSTOM_BF16,8000,Energy [J],40,0.0
SPR,BF16,CUSTOM_BF16,8000,Energy [J],41,0.0
SPR,BF16,CUSTOM_BF16,8000,Energy [J],42,0.0
SPR,BF16,CUSTOM_BF16,8000,Energy [J],43,0.0
SPR,BF16,CUSTOM_BF16,8000,Energy [J],44,0.0
SPR,BF16,CUSTOM_BF16,8000,Energy [J],45,0.0
SPR,BF16,CUSTOM_BF16,8000,Energy [J],46,0.0
SPR,BF16,CUSTOM_BF16,8000,Energy [J],47,0.0
SPR,BF16,CUSTOM_BF16,8000,Energy [J],48,0.0
SPR,BF16,CUSTOM_BF16,8000,Energy [J],49,0.0
SPR,BF16,CUSTOM_BF16,8000,Energy [J],50,0.0
SPR,BF16,CUSTOM_BF16,8000,Energy [J],51,0.0
SPR,BF16,CUSTOM_BF16,8000,Energy [J],52,9.7856
SPR,BF16,CUSTOM_BF16,8000,Energy [J],53,0.0
SPR,BF16,CUSTOM_BF16,8000,Energy [J],54,0.0
SPR,BF16,CUSTOM_BF16,8000,Energy [J],55,0.0
SPR,BF16,CUSTOM_BF16,8000,Energy [J],56,0.0
SPR,BF16,CUSTOM_BF16,8000,Energy [J],57,0.0
SPR,BF16,CUSTOM_BF16,8000,Energy [J],58,0.0
SPR,BF16,CUSTOM_BF16,8000,Energy [J],59,0.0
SPR,BF16,CUSTOM_BF16,8000,Energy [J],60,0.0
SPR,BF16,CUSTOM_BF16,8000,Energy [J],61,0.0
SPR,BF16,CUSTOM_BF16,8000,Energy [J],62,0.0
SPR,BF16,CUSTOM_BF16,8000,Energy [J],63,0.0
SPR,BF16,CUSTOM_BF16,8000,Energy [J],64,0.0
SPR,BF16,CUSTOM_BF16,8000,Energy [J],65,0.0
SPR,BF16,CUSTOM_BF16,8000,Energy [J],66,0.0
SPR,BF16,CUSTOM_BF16,8000,Energy [J],67,0.0
SPR,BF16,CUSTOM_BF16,8000,Energy [J],68,0.0
SPR,BF16,CUSTOM_BF16,8000,Energy [J],69,0.0
SPR,BF16,CUSTOM_BF16,8000,Energy [J],70,0.0
SPR,BF16,CUSTOM_BF16,8000,Energy [J],71,0.0
SPR,BF16,CUSTOM_BF16,8000,Energy [J],72,0.0
SPR,BF16,CUSTOM_BF16,8000,Energy [J],73,0.0
SPR,BF16,CUSTOM_BF16,8000,Energy [J],74,0.0
SPR,BF16,CUSTOM_BF16,8000,Energy [J],75,0.0
SPR,BF16,CUSTOM_BF16,8000,Energy [J],76,0.0
SPR,BF16,CUSTOM_BF16,8000,Energy [J],77,0.0
SPR,BF16,CUSTOM_BF16,8000,Energy [J],78,0.0
SPR,BF16,CUSTOM_BF16,8000,Energy [J],79,0.0
SPR,BF16,CUSTOM_BF16,8000,Energy [J],80,0.0
SPR,BF16,CUSTOM_BF16,8000,Energy [J],81,0.0
SPR,BF16,CUSTOM_BF16,8000,Energy [J],82,0.0
SPR,BF16,CUSTOM_BF16,8000,Energy [J],83,0.0
SPR,BF16,CUSTOM_BF16,8000,Energy [J],84,0.0
SPR,BF16,CUSTOM_BF16,8000,Energy [J],85,0.0
SPR,BF16,CUSTOM_BF16,8000,Energy [J],86,0.0
SPR,BF16,CUSTOM_BF16,8000,Energy [J],87,0.0
SPR,BF16,CUSTOM_BF16,8000,Energy [J],88,0.0
SPR,BF16,CUSTOM_BF16,8000,Energy [J],89,0.0
SPR,BF16,CUSTOM_BF16,8000,Energy [J],90,0.0
SPR,BF16,CUSTOM_BF16,8000,Energy [J],91,0.0
SPR,BF16,CUSTOM_BF16,8000,Energy [J],92,0.0
SPR,BF16,CUSTOM_BF16,8000,Energy [J],93,0.0
SPR,BF16,CUSTOM_BF16,8000,Energy [J],94,0.0
SPR,BF16,CUSTOM_BF16,8000,Energy [J],95,0.0
SPR,BF16,CUSTOM_BF16,8000,Energy [J],96,0.0
SPR,BF16,CUSTOM_BF16,8000,Energy [J],97,0.0
SPR,BF16,CUSTOM_BF16,8000,Energy [J],98,0.0
SPR,BF16,CUSTOM_BF16,8000,Energy [J],99,0.0
SPR,BF16,CUSTOM_BF16,8000,Energy [J],100,0.0
SPR,BF16,CUSTOM_BF16,8000,Energy [J],101,0.0
SPR,BF16,CUSTOM_BF16,8000,Energy [J],102,0.0
SPR,BF16,CUSTOM_BF16,8000,Energy [J],103,0.0
SPR,BF16,CUSTOM_BF16,8000,Power [W],0,186606.0707
SPR,BF16,CUSTOM_BF16,8000,Power [W],1,0.0
SPR,BF16,CUSTOM_BF16,8000,Power [W],2,0.0
SPR,BF16,CUSTOM_BF16,8000,Power [W],3,0.0
SPR,BF16,CUSTOM_BF16,8000,Power [W],4,0.0
SPR,BF16,CUSTOM_BF16,8000,Power [W],5,0.0
SPR,BF16,CUSTOM_BF16,8000,Power [W],6,0.0
SPR,BF16,CUSTOM_BF16,8000,Power [W],7,0.0
SPR,BF16,CUSTOM_BF16,8000,Power [W],8,0.0
SPR,BF16,CUSTOM_BF16,8000,Power [W],9,0.0
SPR,BF16,CUSTOM_BF16,8000,Power [W],10,0.0
SPR,BF16,CUSTOM_BF16,8000,Power [W],11,0.0
SPR,BF16,CUSTOM_BF16,8000,Power [W],12,0.0
SPR,BF16,CUSTOM_BF16,8000,Power [W],13,0.0
SPR,BF16,CUSTOM_BF16,8000,Power [W],14,0.0
SPR,BF16,CUSTOM_BF16,8000,Power [W],15,0.0
SPR,BF16,CUSTOM_BF16,8000,Power [W],16,0.0
SPR,BF16,CUSTOM_BF16,8000,Power [W],17,0.0
SPR,BF16,CUSTOM_BF16,8000,Power [W],18,0.0
SPR,BF16,CUSTOM_BF16,8000,Power [W],19,0.0
SPR,BF16,CUSTOM_BF16,8000,Power [W],20,0.0
SPR,BF16,CUSTOM_BF16,8000,Power [W],21,0.0
SPR,BF16,CUSTOM_BF16,8000,Power [W],22,0.0
SPR,BF16,CUSTOM_BF16,8000,Power [W],23,0.0
SPR,BF16,CUSTOM_BF16,8000,Power [W],24,0.0
SPR,BF16,CUSTOM_BF16,8000,Power [W],25,0.0
SPR,BF16,CUSTOM_BF16,8000,Power [W],26,0.0
SPR,BF16,CUSTOM_BF16,8000,Power [W],27,0.0
SPR,BF16,CUSTOM_BF16,8000,Power [W],28,0.0
SPR,BF16,CUSTOM_BF16,8000,Power [W],29,0.0
SPR,BF16,CUSTOM_BF16,8000,Power [W],30,0.0
SPR,BF16,CUSTOM_BF16,8000,Power [W],31,0.0
SPR,BF16,CUSTOM_BF16,8000,Power [W],32,0.0
SPR,BF16,CUSTOM_BF16,8000,Power [W],33,0.0
SPR,BF16,CUSTOM_BF16,8000,Power [W],34,0.0
SPR,BF16,CUSTOM_BF16,8000,Power [W],35,0.0
SPR,BF16,CUSTOM_BF16,8000,Power [W],36,0.0
SPR,BF16,CUSTOM_BF16,8000,Power [W],37,0.0
SPR,BF16,CUSTOM_BF16,8000,Power [W],38,0.0
SPR,BF16,CUSTOM_BF16,8000,Power [W],39,0.0
SPR,BF16,CUSTOM_BF16,8000,Power [W],40,0.0
SPR,BF16,CUSTOM_BF16,8000,Power [W],41,0.0
SPR,BF16,CUSTOM_BF16,8000,Power [W],42,0.0
SPR,BF16,CUSTOM_BF16,8000,Power [W],43,0.0
SPR,BF16,CUSTOM_BF16,8000,Power [W],44,0.0
SPR,BF16,CUSTOM_BF16,8000,Power [W],45,0.0
SPR,BF16,CUSTOM_BF16,8000,Power [W],46,0.0
SPR,BF16,CUSTOM_BF16,8000,Power [W],47,0.0
SPR,BF16,CUSTOM_BF16,8000,Power [W],48,0.0
SPR,BF16,CUSTOM_BF16,8000,Power [W],49,0.0
SPR,BF16,CUSTOM_BF16,8000,Power [W],50,0.0
SPR,BF16,CUSTOM_BF16,8000,Power [W],51,0.0
SPR,BF16,CUSTOM_BF16,8000,Power [W],52,185781.0364
SPR,BF16,CUSTOM_BF16,8000,Power [W],53,0.0
SPR,BF16,CUSTOM_BF16,8000,Power [W],54,0.0
SPR,BF16,CUSTOM_BF16,8000,Power [W],55,0.0
SPR,BF16,CUSTOM_BF16,8000,Power [W],56,0.0
SPR,BF16,CUSTOM_BF16,8000,Power [W],57,0.0
SPR,BF16,CUSTOM_BF16,8000,Power [W],58,0.0
SPR,BF16,CUSTOM_BF16,8000,Power [W],59,0.0
SPR,BF16,CUSTOM_BF16,8000,Power [W],60,0.0
SPR,BF16,CUSTOM_BF16,8000,Power [W],61,0.0
SPR,BF16,CUSTOM_BF16,8000,Power [W],62,0.0
SPR,BF16,CUSTOM_BF16,8000,Power [W],63,0.0
SPR,BF16,CUSTOM_BF16,8000,Power [W],64,0.0
SPR,BF16,CUSTOM_BF16,8000,Power [W],65,0.0
SPR,BF16,CUSTOM_BF16,8000,Power [W],66,0.0
SPR,BF16,CUSTOM_BF16,8000,Power [W],67,0.0
SPR,BF16,CUSTOM_BF16,8000,Power [W],68,0.0
SPR,BF16,CUSTOM_BF16,8000,Power [W],69,0.0
SPR,BF16,CUSTOM_BF16,8000,Power [W],70,0.0
SPR,BF16,CUSTOM_BF16,8000,Power [W],71,0.0
SPR,BF16,CUSTOM_BF16,8000,Power [W],72,0.0
SPR,BF16,CUSTOM_BF16,8000,Power [W],73,0.0
SPR,BF16,CUSTOM_BF16,8000,Power [W],74,0.0
SPR,BF16,CUSTOM_BF16,8000,Power [W],75,0.0
SPR,BF16,CUSTOM_BF16,8000,Power [W],76,0.0
SPR,BF16,CUSTOM_BF16,8000,Power [W],77,0.0
SPR,BF16,CUSTOM_BF16,8000,Power [W],78,0.0
SPR,BF16,CUSTOM_BF16,8000,Power [W],79,0.0
SPR,BF16,CUSTOM_BF16,8000,Power [W],80,0.0
SPR,BF16,CUSTOM_BF16,8000,Power [W],81,0.0
SPR,BF16,CUSTOM_BF16,8000,Power [W],82,0.0
SPR,BF16,CUSTOM_BF16,8000,Power [W],83,0.0
SPR,BF16,CUSTOM_BF16,8000,Power [W],84,0.0
SPR,BF16,CUSTOM_BF16,8000,Power [W],85,0.0
SPR,BF16,CUSTOM_BF16,8000,Power [W],86,0.0
SPR,BF16,CUSTOM_BF16,8000,Power [W],87,0.0
SPR,BF16,CUSTOM_BF16,8000,Power [W],88,0.0
SPR,BF16,CUSTOM_BF16,8000,Power [W],89,0.0
SPR,BF16,CUSTOM_BF16,8000,Power [W],90,0.0
SPR,BF16,CUSTOM_BF16,8000,Power [W],91,0.0
SPR,BF16,CUSTOM_BF16,8000,Power [W],92,0.0
SPR,BF16,CUSTOM_BF16,8000,Power [W],93,0.0
SPR,BF16,CUSTOM_BF16,8000,Power [W],94,0.0
SPR,BF16,CUSTOM_BF16,8000,Power [W],95,0.0
SPR,BF16,CUSTOM_BF16,8000,Power [W],96,0.0
SPR,BF16,CUSTOM_BF16,8000,Power [W],97,0.0
SPR,BF16,CUSTOM_BF16,8000,Power [W],98,0.0
SPR,BF16,CUSTOM_BF16,8000,Power [W],99,0.0
SPR,BF16,CUSTOM_BF16,8000,Power [W],100,0.0
SPR,BF16,CUSTOM_BF16,8000,Power [W],101,0.0
SPR,BF16,CUSTOM_BF16,8000,Power [W],102,0.0
SPR,BF16,CUSTOM_BF16,8000,Power [W],103,0.0
SPR,BF16,CUSTOM_BF16,8000,Energy PP0 [J],0,0.0
SPR,BF16,CUSTOM_BF16,8000,Energy PP0 [J],1,0.0
SPR,BF16,CUSTOM_BF16,8000,Energy PP0 [J],2,0.0
SPR,BF16,CUSTOM_BF16,8000,Energy PP0 [J],3,0.0
SPR,BF16,CUSTOM_BF16,8000,Energy PP0 [J],4,0.0
SPR,BF16,CUSTOM_BF16,8000,Energy PP0 [J],5,0.0
SPR,BF16,CUSTOM_BF16,8000,Energy PP0 [J],6,0.0
SPR,BF16,CUSTOM_BF16,8000,Energy PP0 [J],7,0.0
SPR,BF16,CUSTOM_BF16,8000,Energy PP0 [J],8,0.0
SPR,BF16,CUSTOM_BF16,8000,Energy PP0 [J],9,0.0
SPR,BF16,CUSTOM_BF16,8000,Energy PP0 [J],10,0.0
SPR,BF16,CUSTOM_BF16,8000,Energy PP0 [J],11,0.0
SPR,BF16,CUSTOM_BF16,8000,Energy PP0 [J],12,0.0
SPR,BF16,CUSTOM_BF16,8000,Energy PP0 [J],13,0.0
SPR,BF16,CUSTOM_BF16,8000,Energy PP0 [J],14,0.0
SPR,BF16,CUSTOM_BF16,8000,Energy PP0 [J],15,0.0
SPR,BF16,CUSTOM_BF16,8000,Energy PP0 [J],16,0.0
SPR,BF16,CUSTOM_BF16,8000,Energy PP0 [J],17,0.0
SPR,BF16,CUSTOM_BF16,8000,Energy PP0 [J],18,0.0
SPR,BF16,CUSTOM_BF16,8000,Energy PP0 [J],19,0.0
SPR,BF16,CUSTOM_BF16,8000,Energy PP0 [J],20,0.0
SPR,BF16,CUSTOM_BF16,8000,Energy PP0 [J],21,0.0
SPR,BF16,CUSTOM_BF16,8000,Energy PP0 [J],22,0.0
SPR,BF16,CUSTOM_BF16,8000,Energy PP0 [J],23,0.0
SPR,BF16,CUSTOM_BF16,8000,Energy PP0 [J],24,0.0
SPR,BF16,CUSTOM_BF16,8000,Energy PP0 [J],25,0.0
SPR,BF16,CUSTOM_BF16,8000,Energy PP0 [J],26,0.0
SPR,BF16,CUSTOM_BF16,8000,Energy PP0 [J],27,0.0
SPR,BF16,CUSTOM_BF16,8000,Energy PP0 [J],28,0.0
SPR,BF16,CUSTOM_BF16,8000,Energy PP0 [J],29,0.0
SPR,BF16,CUSTOM_BF16,8000,Energy PP0 [J],30,0.0
SPR,BF16,CUSTOM_BF16,8000,Energy PP0 [J],31,0.0
SPR,BF16,CUSTOM_BF16,8000,Energy PP0 [J],32,0.0
SPR,BF16,CUSTOM_BF16,8000,Energy PP0 [J],33,0.0
SPR,BF16,CUSTOM_BF16,8000,Energy PP0 [J],34,0.0
SPR,BF16,CUSTOM_BF16,8000,Energy PP0 [J],35,0.0
SPR,BF16,CUSTOM_BF16,8000,Energy PP0 [J],36,0.0
SPR,BF16,CUSTOM_BF16,8000,Energy PP0 [J],37,0.0
SPR,BF16,CUSTOM_BF16,8000,Energy PP0 [J],38,0.0
SPR,BF16,CUSTOM_BF16,8000,Energy PP0 [J],39,0.0
SPR,BF16,CUSTOM_BF16,8000,Energy PP0 [J],40,0.0
SPR,BF16,CUSTOM_BF16,8000,Energy PP0 [J],41,0.0
SPR,BF16,CUSTOM_BF16,8000,Energy PP0 [J],42,0.0
SPR,BF16,CUSTOM_BF16,8000,Energy PP0 [J],43,0.0
SPR,BF16,CUSTOM_BF16,8000,Energy PP0 [J],44,0.0
SPR,BF16,CUSTOM_BF16,8000,Energy PP0 [J],45,0.0
SPR,BF16,CUSTOM_BF16,8000,Energy PP0 [J],46,0.0
SPR,BF16,CUSTOM_BF16,8000,Energy PP0 [J],47,0.0
SPR,BF16,CUSTOM_BF16,8000,Energy PP0 [J],48,0.0
SPR,BF16,CUSTOM_BF16,8000,Energy PP0 [J],49,0.0
SPR,BF16,CUSTOM_BF16,8000,Energy PP0 [J],50,0.0
SPR,BF16,CUSTOM_BF16,8000,Energy PP0 [J],51,0.0
SPR,BF16,CUSTOM_BF16,8000,Energy PP0 [J],52,0.0
SPR,BF16,CUSTOM_BF16,8000,Energy PP0 [J],53,0.0
SPR,BF16,CUSTOM_BF16,8000,Energy PP0 [J],54,0.0
SPR,BF16,CUSTOM_BF16,8000,Energy PP0 [J],55,0.0
SPR,BF16,CUSTOM_BF16,8000,Energy PP0 [J],56,0.0
SPR,BF16,CUSTOM_BF16,8000,Energy PP0 [J],57,0.0
SPR,BF16,CUSTOM_BF16,8000,Energy PP0 [J],58,0.0
SPR,BF16,CUSTOM_BF16,8000,Energy PP0 [J],59,0.0
SPR,BF16,CUSTOM_BF16,8000,Energy PP0 [J],60,0.0
SPR,BF16,CUSTOM_BF16,8000,Energy PP0 [J],61,0.0
SPR,BF16,CUSTOM_BF16,8000,Energy PP0 [J],62,0.0
SPR,BF16,CUSTOM_BF16,8000,Energy PP0 [J],63,0.0
SPR,BF16,CUSTOM_BF16,8000,Energy PP0 [J],64,0.0
SPR,BF16,CUSTOM_BF16,8000,Energy PP0 [J],65,0.0
SPR,BF16,CUSTOM_BF16,8000,Energy PP0 [J],66,0.0
SPR,BF16,CUSTOM_BF16,8000,Energy PP0 [J],67,0.0
SPR,BF16,CUSTOM_BF16,8000,Energy PP0 [J],68,0.0
SPR,BF16,CUSTOM_BF16,8000,Energy PP0 [J],69,0.0
SPR,BF16,CUSTOM_BF16,8000,Energy PP0 [J],70,0.0
SPR,BF16,CUSTOM_BF16,8000,Energy PP0 [J],71,0.0
SPR,BF16,CUSTOM_BF16,8000,Energy PP0 [J],72,0.0
SPR,BF16,CUSTOM_BF16,8000,Energy PP0 [J],73,0.0
SPR,BF16,CUSTOM_BF16,8000,Energy PP0 [J],74,0.0
SPR,BF16,CUSTOM_BF16,8000,Energy PP0 [J],75,0.0
SPR,BF16,CUSTOM_BF16,8000,Energy PP0 [J],76,0.0
SPR,BF16,CUSTOM_BF16,8000,Energy PP0 [J],77,0.0
SPR,BF16,CUSTOM_BF16,8000,Energy PP0 [J],78,0.0
SPR,BF16,CUSTOM_BF16,8000,Energy PP0 [J],79,0.0
SPR,BF16,CUSTOM_BF16,8000,Energy PP0 [J],80,0.0
SPR,BF16,CUSTOM_BF16,8000,Energy PP0 [J],81,0.0
SPR,BF16,CUSTOM_BF16,8000,Energy PP0 [J],82,0.0
SPR,BF16,CUSTOM_BF16,8000,Energy PP0 [J],83,0.0
SPR,BF16,CUSTOM_BF16,8000,Energy PP0 [J],84,0.0
SPR,BF16,CUSTOM_BF16,8000,Energy PP0 [J],85,0.0
SPR,BF16,CUSTOM_BF16,8000,Energy PP0 [J],86,0.0
SPR,BF16,CUSTOM_BF16,8000,Energy PP0 [J],87,0.0
SPR,BF16,CUSTOM_BF16,8000,Energy PP0 [J],88,0.0
SPR,BF16,CUSTOM_BF16,8000,Energy PP0 [J],89,0.0
SPR,BF16,CUSTOM_BF16,8000,Energy PP0 [J],90,0.0
SPR,BF16,CUSTOM_BF16,8000,Energy PP0 [J],91,0.0
SPR,BF16,CUSTOM_BF16,8000,Energy PP0 [J],92,0.0
SPR,BF16,CUSTOM_BF16,8000,Energy PP0 [J],93,0.0
SPR,BF16,CUSTOM_BF16,8000,Energy PP0 [J],94,0.0
SPR,BF16,CUSTOM_BF16,8000,Energy PP0 [J],95,0.0
SPR,BF16,CUSTOM_BF16,8000,Energy PP0 [J],96,0.0
SPR,BF16,CUSTOM_BF16,8000,Energy PP0 [J],97,0.0
SPR,BF16,CUSTOM_BF16,8000,Energy PP0 [J],98,0.0
SPR,BF16,CUSTOM_BF16,8000,Energy PP0 [J],99,0.0
SPR,BF16,CUSTOM_BF16,8000,Energy PP0 [J],100,0.0
SPR,BF16,CUSTOM_BF16,8000,Energy PP0 [J],101,0.0
SPR,BF16,CUSTOM_BF16,8000,Energy PP0 [J],102,0.0
SPR,BF16,CUSTOM_BF16,8000,Energy PP0 [J],103,0.0
SPR,BF16,CUSTOM_BF16,8000,Power PP0 [W],0,0.0
SPR,BF16,CUSTOM_BF16,8000,Power PP0 [W],1,0.0
SPR,BF16,CUSTOM_BF16,8000,Power PP0 [W],2,0.0
SPR,BF16,CUSTOM_BF16,8000,Power PP0 [W],3,0.0
SPR,BF16,CUSTOM_BF16,8000,Power PP0 [W],4,0.0
SPR,BF16,CUSTOM_BF16,8000,Power PP0 [W],5,0.0
SPR,BF16,CUSTOM_BF16,8000,Power PP0 [W],6,0.0
SPR,BF16,CUSTOM_BF16,8000,Power PP0 [W],7,0.0
SPR,BF16,CUSTOM_BF16,8000,Power PP0 [W],8,0.0
SPR,BF16,CUSTOM_BF16,8000,Power PP0 [W],9,0.0
SPR,BF16,CUSTOM_BF16,8000,Power PP0 [W],10,0.0
SPR,BF16,CUSTOM_BF16,8000,Power PP0 [W],11,0.0
SPR,BF16,CUSTOM_BF16,8000,Power PP0 [W],12,0.0
SPR,BF16,CUSTOM_BF16,8000,Power PP0 [W],13,0.0
SPR,BF16,CUSTOM_BF16,8000,Power PP0 [W],14,0.0
SPR,BF16,CUSTOM_BF16,8000,Power PP0 [W],15,0.0
SPR,BF16,CUSTOM_BF16,8000,Power PP0 [W],16,0.0
SPR,BF16,CUSTOM_BF16,8000,Power PP0 [W],17,0.0
SPR,BF16,CUSTOM_BF16,8000,Power PP0 [W],18,0.0
SPR,BF16,CUSTOM_BF16,8000,Power PP0 [W],19,0.0
SPR,BF16,CUSTOM_BF16,8000,Power PP0 [W],20,0.0
SPR,BF16,CUSTOM_BF16,8000,Power PP0 [W],21,0.0
SPR,BF16,CUSTOM_BF16,8000,Power PP0 [W],22,0.0
SPR,BF16,CUSTOM_BF16,8000,Power PP0 [W],23,0.0
SPR,BF16,CUSTOM_BF16,8000,Power PP0 [W],24,0.0
SPR,BF16,CUSTOM_BF16,8000,Power PP0 [W],25,0.0
SPR,BF16,CUSTOM_BF16,8000,Power PP0 [W],26,0.0
SPR,BF16,CUSTOM_BF16,8000,Power PP0 [W],27,0.0
SPR,BF16,CUSTOM_BF16,8000,Power PP0 [W],28,0.0
SPR,BF16,CUSTOM_BF16,8000,Power PP0 [W],29,0.0
SPR,BF16,CUSTOM_BF16,8000,Power PP0 [W],30,0.0
SPR,BF16,CUSTOM_BF16,8000,Power PP0 [W],31,0.0
SPR,BF16,CUSTOM_BF16,8000,Power PP0 [W],32,0.0
SPR,BF16,CUSTOM_BF16,8000,Power PP0 [W],33,0.0
SPR,BF16,CUSTOM_BF16,8000,Power PP0 [W],34,0.0
SPR,BF16,CUSTOM_BF16,8000,Power PP0 [W],35,0.0
SPR,BF16,CUSTOM_BF16,8000,Power PP0 [W],36,0.0
SPR,BF16,CUSTOM_BF16,8000,Power PP0 [W],37,0.0
SPR,BF16,CUSTOM_BF16,8000,Power PP0 [W],38,0.0
SPR,BF16,CUSTOM_BF16,8000,Power PP0 [W],39,0.0
SPR,BF16,CUSTOM_BF16,8000,Power PP0 [W],40,0.0
SPR,BF16,CUSTOM_BF16,8000,Power PP0 [W],41,0.0
SPR,BF16,CUSTOM_BF16,8000,Power PP0 [W],42,0.0
SPR,BF16,CUSTOM_BF16,8000,Power PP0 [W],43,0.0
SPR,BF16,CUSTOM_BF16,8000,Power PP0 [W],44,0.0
SPR,BF16,CUSTOM_BF16,8000,Power PP0 [W],45,0.0
SPR,BF16,CUSTOM_BF16,8000,Power PP0 [W],46,0.0
SPR,BF16,CUSTOM_BF16,8000,Power PP0 [W],47,0.0
SPR,BF16,CUSTOM_BF16,8000,Power PP0 [W],48,0.0
SPR,BF16,CUSTOM_BF16,8000,Power PP0 [W],49,0.0
SPR,BF16,CUSTOM_BF16,8000,Power PP0 [W],50,0.0
SPR,BF16,CUSTOM_BF16,8000,Power PP0 [W],51,0.0
SPR,BF16,CUSTOM_BF16,8000,Power PP0 [W],52,0.0
SPR,BF16,CUSTOM_BF16,8000,Power PP0 [W],53,0.0
SPR,BF16,CUSTOM_BF16,8000,Power PP0 [W],54,0.0
SPR,BF16,CUSTOM_BF16,8000,Power PP0 [W],55,0.0
SPR,BF16,CUSTOM_BF16,8000,Power PP0 [W],56,0.0
SPR,BF16,CUSTOM_BF16,8000,Power PP0 [W],57,0.0
SPR,BF16,CUSTOM_BF16,8000,Power PP0 [W],58,0.0
SPR,BF16,CUSTOM_BF16,8000,Power PP0 [W],59,0.0
SPR,BF16,CUSTOM_BF16,8000,Power PP0 [W],60,0.0
SPR,BF16,CUSTOM_BF16,8000,Power PP0 [W],61,0.0
SPR,BF16,CUSTOM_BF16,8000,Power PP0 [W],62,0.0
SPR,BF16,CUSTOM_BF16,8000,Power PP0 [W],63,0.0
SPR,BF16,CUSTOM_BF16,8000,Power PP0 [W],64,0.0
SPR,BF16,CUSTOM_BF16,8000,Power PP0 [W],65,0.0
SPR,BF16,CUSTOM_BF16,8000,Power PP0 [W],66,0.0
SPR,BF16,CUSTOM_BF16,8000,Power PP0 [W],67,0.0
SPR,BF16,CUSTOM_BF16,8000,Power PP0 [W],68,0.0
SPR,BF16,CUSTOM_BF16,8000,Power PP0 [W],69,0.0
SPR,BF16,CUSTOM_BF16,8000,Power PP0 [W],70,0.0
SPR,BF16,CUSTOM_BF16,8000,Power PP0 [W],71,0.0
SPR,BF16,CUSTOM_BF16,8000,Power PP0 [W],72,0.0
SPR,BF16,CUSTOM_BF16,8000,Power PP0 [W],73,0.0
SPR,BF16,CUSTOM_BF16,8000,Power PP0 [W],74,0.0
SPR,BF16,CUSTOM_BF16,8000,Power PP0 [W],75,0.0
SPR,BF16,CUSTOM_BF16,8000,Power PP0 [W],76,0.0
SPR,BF16,CUSTOM_BF16,8000,Power PP0 [W],77,0.0
SPR,BF16,CUSTOM_BF16,8000,Power PP0 [W],78,0.0
SPR,BF16,CUSTOM_BF16,8000,Power PP0 [W],79,0.0
SPR,BF16,CUSTOM_BF16,8000,Power PP0 [W],80,0.0
SPR,BF16,CUSTOM_BF16,8000,Power PP0 [W],81,0.0
SPR,BF16,CUSTOM_BF16,8000,Power PP0 [W],82,0.0
SPR,BF16,CUSTOM_BF16,8000,Power PP0 [W],83,0.0
SPR,BF16,CUSTOM_BF16,8000,Power PP0 [W],84,0.0
SPR,BF16,CUSTOM_BF16,8000,Power PP0 [W],85,0.0
SPR,BF16,CUSTOM_BF16,8000,Power PP0 [W],86,0.0
SPR,BF16,CUSTOM_BF16,8000,Power PP0 [W],87,0.0
SPR,BF16,CUSTOM_BF16,8000,Power PP0 [W],88,0.0
SPR,BF16,CUSTOM_BF16,8000,Power PP0 [W],89,0.0
SPR,BF16,CUSTOM_BF16,8000,Power PP0 [W],90,0.0
SPR,BF16,CUSTOM_BF16,8000,Power PP0 [W],91,0.0
SPR,BF16,CUSTOM_BF16,8000,Power PP0 [W],92,0.0
SPR,BF16,CUSTOM_BF16,8000,Power PP0 [W],93,0.0
SPR,BF16,CUSTOM_BF16,8000,Power PP0 [W],94,0.0
SPR,BF16,CUSTOM_BF16,8000,Power PP0 [W],95,0.0
SPR,BF16,CUSTOM_BF16,8000,Power PP0 [W],96,0.0
SPR,BF16,CUSTOM_BF16,8000,Power PP0 [W],97,0.0
SPR,BF16,CUSTOM_BF16,8000,Power PP0 [W],98,0.0
SPR,BF16,CUSTOM_BF16,8000,Power PP0 [W],99,0.0
SPR,BF16,CUSTOM_BF16,8000,Power PP0 [W],100,0.0
SPR,BF16,CUSTOM_BF16,8000,Power PP0 [W],101,0.0
SPR,BF16,CUSTOM_BF16,8000,Power PP0 [W],102,0.0
SPR,BF16,CUSTOM_BF16,8000,Power PP0 [W],103,0.0
SPR,BF16,CUSTOM_BF16,8000,Energy DRAM [J],0,0.5677
SPR,BF16,CUSTOM_BF16,8000,Energy DRAM [J],1,0.0
SPR,BF16,CUSTOM_BF16,8000,Energy DRAM [J],2,0.0
SPR,BF16,CUSTOM_BF16,8000,Energy DRAM [J],3,0.0
SPR,BF16,CUSTOM_BF16,8000,Energy DRAM [J],4,0.0
SPR,BF16,CUSTOM_BF16,8000,Energy DRAM [J],5,0.0
SPR,BF16,CUSTOM_BF16,8000,Energy DRAM [J],6,0.0
SPR,BF16,CUSTOM_BF16,8000,Energy DRAM [J],7,0.0
SPR,BF16,CUSTOM_BF16,8000,Energy DRAM [J],8,0.0
SPR,BF16,CUSTOM_BF16,8000,Energy DRAM [J],9,0.0
SPR,BF16,CUSTOM_BF16,8000,Energy DRAM [J],10,0.0
SPR,BF16,CUSTOM_BF16,8000,Energy DRAM [J],11,0.0
SPR,BF16,CUSTOM_BF16,8000,Energy DRAM [J],12,0.0
SPR,BF16,CUSTOM_BF16,8000,Energy DRAM [J],13,0.0
SPR,BF16,CUSTOM_BF16,8000,Energy DRAM [J],14,0.0
SPR,BF16,CUSTOM_BF16,8000,Energy DRAM [J],15,0.0
SPR,BF16,CUSTOM_BF16,8000,Energy DRAM [J],16,0.0
SPR,BF16,CUSTOM_BF16,8000,Energy DRAM [J],17,0.0
SPR,BF16,CUSTOM_BF16,8000,Energy DRAM [J],18,0.0
SPR,BF16,CUSTOM_BF16,8000,Energy DRAM [J],19,0.0
SPR,BF16,CUSTOM_BF16,8000,Energy DRAM [J],20,0.0
SPR,BF16,CUSTOM_BF16,8000,Energy DRAM [J],21,0.0
SPR,BF16,CUSTOM_BF16,8000,Energy DRAM [J],22,0.0
SPR,BF16,CUSTOM_BF16,8000,Energy DRAM [J],23,0.0
SPR,BF16,CUSTOM_BF16,8000,Energy DRAM [J],24,0.0
SPR,BF16,CUSTOM_BF16,8000,Energy DRAM [J],25,0.0
SPR,BF16,CUSTOM_BF16,8000,Energy DRAM [J],26,0.0
SPR,BF16,CUSTOM_BF16,8000,Energy DRAM [J],27,0.0
SPR,BF16,CUSTOM_BF16,8000,Energy DRAM [J],28,0.0
SPR,BF16,CUSTOM_BF16,8000,Energy DRAM [J],29,0.0
SPR,BF16,CUSTOM_BF16,8000,Energy DRAM [J],30,0.0
SPR,BF16,CUSTOM_BF16,8000,Energy DRAM [J],31,0.0
SPR,BF16,CUSTOM_BF16,8000,Energy DRAM [J],32,0.0
SPR,BF16,CUSTOM_BF16,8000,Energy DRAM [J],33,0.0
SPR,BF16,CUSTOM_BF16,8000,Energy DRAM [J],34,0.0
SPR,BF16,CUSTOM_BF16,8000,Energy DRAM [J],35,0.0
SPR,BF16,CUSTOM_BF16,8000,Energy DRAM [J],36,0.0
SPR,BF16,CUSTOM_BF16,8000,Energy DRAM [J],37,0.0
SPR,BF16,CUSTOM_BF16,8000,Energy DRAM [J],38,0.0
SPR,BF16,CUSTOM_BF16,8000,Energy DRAM [J],39,0.0
SPR,BF16,CUSTOM_BF16,8000,Energy DRAM [J],40,0.0
SPR,BF16,CUSTOM_BF16,8000,Energy DRAM [J],41,0.0
SPR,BF16,CUSTOM_BF16,8000,Energy DRAM [J],42,0.0
SPR,BF16,CUSTOM_BF16,8000,Energy DRAM [J],43,0.0
SPR,BF16,CUSTOM_BF16,8000,Energy DRAM [J],44,0.0
SPR,BF16,CUSTOM_BF16,8000,Energy DRAM [J],45,0.0
SPR,BF16,CUSTOM_BF16,8000,Energy DRAM [J],46,0.0
SPR,BF16,CUSTOM_BF16,8000,Energy DRAM [J],47,0.0
SPR,BF16,CUSTOM_BF16,8000,Energy DRAM [J],48,0.0
SPR,BF16,CUSTOM_BF16,8000,Energy DRAM [J],49,0.0
SPR,BF16,CUSTOM_BF16,8000,Energy DRAM [J],50,0.0
SPR,BF16,CUSTOM_BF16,8000,Energy DRAM [J],51,0.0
SPR,BF16,CUSTOM_BF16,8000,Energy DRAM [J],52,0.4658
SPR,BF16,CUSTOM_BF16,8000,Energy DRAM [J],53,0.0
SPR,BF16,CUSTOM_BF16,8000,Energy DRAM [J],54,0.0
SPR,BF16,CUSTOM_BF16,8000,Energy DRAM [J],55,0.0
SPR,BF16,CUSTOM_BF16,8000,Energy DRAM [J],56,0.0
SPR,BF16,CUSTOM_BF16,8000,Energy DRAM [J],57,0.0
SPR,BF16,CUSTOM_BF16,8000,Energy DRAM [J],58,0.0
SPR,BF16,CUSTOM_BF16,8000,Energy DRAM [J],59,0.0
SPR,BF16,CUSTOM_BF16,8000,Energy DRAM [J],60,0.0
SPR,BF16,CUSTOM_BF16,8000,Energy DRAM [J],61,0.0
SPR,BF16,CUSTOM_BF16,8000,Energy DRAM [J],62,0.0
SPR,BF16,CUSTOM_BF16,8000,Energy DRAM [J],63,0.0
SPR,BF16,CUSTOM_BF16,8000,Energy DRAM [J],64,0.0
SPR,BF16,CUSTOM_BF16,8000,Energy DRAM [J],65,0.0
SPR,BF16,CUSTOM_BF16,8000,Energy DRAM [J],66,0.0
SPR,BF16,CUSTOM_BF16,8000,Energy DRAM [J],67,0.0
SPR,BF16,CUSTOM_BF16,8000,Energy DRAM [J],68,0.0
SPR,BF16,CUSTOM_BF16,8000,Energy DRAM [J],69,0.0
SPR,BF16,CUSTOM_BF16,8000,Energy DRAM [J],70,0.0
SPR,BF16,CUSTOM_BF16,8000,Energy DRAM [J],71,0.0
SPR,BF16,CUSTOM_BF16,8000,Energy DRAM [J],72,0.0
SPR,BF16,CUSTOM_BF16,8000,Energy DRAM [J],73,0.0
SPR,BF16,CUSTOM_BF16,8000,Energy DRAM [J],74,0.0
SPR,BF16,CUSTOM_BF16,8000,Energy DRAM [J],75,0.0
SPR,BF16,CUSTOM_BF16,8000,Energy DRAM [J],76,0.0
SPR,BF16,CUSTOM_BF16,8000,Energy DRAM [J],77,0.0
SPR,BF16,CUSTOM_BF16,8000,Energy DRAM [J],78,0.0
SPR,BF16,CUSTOM_BF16,8000,Energy DRAM [J],79,0.0
SPR,BF16,CUSTOM_BF16,8000,Energy DRAM [J],80,0.0
SPR,BF16,CUSTOM_BF16,8000,Energy DRAM [J],81,0.0
SPR,BF16,CUSTOM_BF16,8000,Energy DRAM [J],82,0.0
SPR,BF16,CUSTOM_BF16,8000,Energy DRAM [J],83,0.0
SPR,BF16,CUSTOM_BF16,8000,Energy DRAM [J],84,0.0
SPR,BF16,CUSTOM_BF16,8000,Energy DRAM [J],85,0.0
SPR,BF16,CUSTOM_BF16,8000,Energy DRAM [J],86,0.0
SPR,BF16,CUSTOM_BF16,8000,Energy DRAM [J],87,0.0
SPR,BF16,CUSTOM_BF16,8000,Energy DRAM [J],88,0.0
SPR,BF16,CUSTOM_BF16,8000,Energy DRAM [J],89,0.0
SPR,BF16,CUSTOM_BF16,8000,Energy DRAM [J],90,0.0
SPR,BF16,CUSTOM_BF16,8000,Energy DRAM [J],91,0.0
SPR,BF16,CUSTOM_BF16,8000,Energy DRAM [J],92,0.0
SPR,BF16,CUSTOM_BF16,8000,Energy DRAM [J],93,0.0
SPR,BF16,CUSTOM_BF16,8000,Energy DRAM [J],94,0.0
SPR,BF16,CUSTOM_BF16,8000,Energy DRAM [J],95,0.0
SPR,BF16,CUSTOM_BF16,8000,Energy DRAM [J],96,0.0
SPR,BF16,CUSTOM_BF16,8000,Energy DRAM [J],97,0.0
SPR,BF16,CUSTOM_BF16,8000,Energy DRAM [J],98,0.0
SPR,BF16,CUSTOM_BF16,8000,Energy DRAM [J],99,0.0
SPR,BF16,CUSTOM_BF16,8000,Energy DRAM [J],100,0.0
SPR,BF16,CUSTOM_BF16,8000,Energy DRAM [J],101,0.0
SPR,BF16,CUSTOM_BF16,8000,Energy DRAM [J],102,0.0
SPR,BF16,CUSTOM_BF16,8000,Energy DRAM [J],103,0.0
SPR,BF16,CUSTOM_BF16,8000,Power DRAM [W],0,10778.3305
SPR,BF16,CUSTOM_BF16,8000,Power DRAM [W],1,0.0
SPR,BF16,CUSTOM_BF16,8000,Power DRAM [W],2,0.0
SPR,BF16,CUSTOM_BF16,8000,Power DRAM [W],3,0.0
SPR,BF16,CUSTOM_BF16,8000,Power DRAM [W],4,0.0
SPR,BF16,CUSTOM_BF16,8000,Power DRAM [W],5,0.0
SPR,BF16,CUSTOM_BF16,8000,Power DRAM [W],6,0.0
SPR,BF16,CUSTOM_BF16,8000,Power DRAM [W],7,0.0
SPR,BF16,CUSTOM_BF16,8000,Power DRAM [W],8,0.0
SPR,BF16,CUSTOM_BF16,8000,Power DRAM [W],9,0.0
SPR,BF16,CUSTOM_BF16,8000,Power DRAM [W],10,0.0
SPR,BF16,CUSTOM_BF16,8000,Power DRAM [W],11,0.0
SPR,BF16,CUSTOM_BF16,8000,Power DRAM [W],12,0.0
SPR,BF16,CUSTOM_BF16,8000,Power DRAM [W],13,0.0
SPR,BF16,CUSTOM_BF16,8000,Power DRAM [W],14,0.0
SPR,BF16,CUSTOM_BF16,8000,Power DRAM [W],15,0.0
SPR,BF16,CUSTOM_BF16,8000,Power DRAM [W],16,0.0
SPR,BF16,CUSTOM_BF16,8000,Power DRAM [W],17,0.0
SPR,BF16,CUSTOM_BF16,8000,Power DRAM [W],18,0.0
SPR,BF16,CUSTOM_BF16,8000,Power DRAM [W],19,0.0
SPR,BF16,CUSTOM_BF16,8000,Power DRAM [W],20,0.0
SPR,BF16,CUSTOM_BF16,8000,Power DRAM [W],21,0.0
SPR,BF16,CUSTOM_BF16,8000,Power DRAM [W],22,0.0
SPR,BF16,CUSTOM_BF16,8000,Power DRAM [W],23,0.0
SPR,BF16,CUSTOM_BF16,8000,Power DRAM [W],24,0.0
SPR,BF16,CUSTOM_BF16,8000,Power DRAM [W],25,0.0
SPR,BF16,CUSTOM_BF16,8000,Power DRAM [W],26,0.0
SPR,BF16,CUSTOM_BF16,8000,Power DRAM [W],27,0.0
SPR,BF16,CUSTOM_BF16,8000,Power DRAM [W],28,0.0
SPR,BF16,CUSTOM_BF16,8000,Power DRAM [W],29,0.0
SPR,BF16,CUSTOM_BF16,8000,Power DRAM [W],30,0.0
SPR,BF16,CUSTOM_BF16,8000,Power DRAM [W],31,0.0
SPR,BF16,CUSTOM_BF16,8000,Power DRAM [W],32,0.0
SPR,BF16,CUSTOM_BF16,8000,Power DRAM [W],33,0.0
SPR,BF16,CUSTOM_BF16,8000,Power DRAM [W],34,0.0
SPR,BF16,CUSTOM_BF16,8000,Power DRAM [W],35,0.0
SPR,BF16,CUSTOM_BF16,8000,Power DRAM [W],36,0.0
SPR,BF16,CUSTOM_BF16,8000,Power DRAM [W],37,0.0
SPR,BF16,CUSTOM_BF16,8000,Power DRAM [W],38,0.0
SPR,BF16,CUSTOM_BF16,8000,Power DRAM [W],39,0.0
SPR,BF16,CUSTOM_BF16,8000,Power DRAM [W],40,0.0
SPR,BF16,CUSTOM_BF16,8000,Power DRAM [W],41,0.0
SPR,BF16,CUSTOM_BF16,8000,Power DRAM [W],42,0.0
SPR,BF16,CUSTOM_BF16,8000,Power DRAM [W],43,0.0
SPR,BF16,CUSTOM_BF16,8000,Power DRAM [W],44,0.0
SPR,BF16,CUSTOM_BF16,8000,Power DRAM [W],45,0.0
SPR,BF16,CUSTOM_BF16,8000,Power DRAM [W],46,0.0
SPR,BF16,CUSTOM_BF16,8000,Power DRAM [W],47,0.0
SPR,BF16,CUSTOM_BF16,8000,Power DRAM [W],48,0.0
SPR,BF16,CUSTOM_BF16,8000,Power DRAM [W],49,0.0
SPR,BF16,CUSTOM_BF16,8000,Power DRAM [W],50,0.0
SPR,BF16,CUSTOM_BF16,8000,Power DRAM [W],51,0.0
SPR,BF16,CUSTOM_BF16,8000,Power DRAM [W],52,8843.1644
SPR,BF16,CUSTOM_BF16,8000,Power DRAM [W],53,0.0
SPR,BF16,CUSTOM_BF16,8000,Power DRAM [W],54,0.0
SPR,BF16,CUSTOM_BF16,8000,Power DRAM [W],55,0.0
SPR,BF16,CUSTOM_BF16,8000,Power DRAM [W],56,0.0
SPR,BF16,CUSTOM_BF16,8000,Power DRAM [W],57,0.0
SPR,BF16,CUSTOM_BF16,8000,Power DRAM [W],58,0.0
SPR,BF16,CUSTOM_BF16,8000,Power DRAM [W],59,0.0
SPR,BF16,CUSTOM_BF16,8000,Power DRAM [W],60,0.0
SPR,BF16,CUSTOM_BF16,8000,Power DRAM [W],61,0.0
SPR,BF16,CUSTOM_BF16,8000,Power DRAM [W],62,0.0
SPR,BF16,CUSTOM_BF16,8000,Power DRAM [W],63,0.0
SPR,BF16,CUSTOM_BF16,8000,Power DRAM [W],64,0.0
SPR,BF16,CUSTOM_BF16,8000,Power DRAM [W],65,0.0
SPR,BF16,CUSTOM_BF16,8000,Power DRAM [W],66,0.0
SPR,BF16,CUSTOM_BF16,8000,Power DRAM [W],67,0.0
SPR,BF16,CUSTOM_BF16,8000,Power DRAM [W],68,0.0
SPR,BF16,CUSTOM_BF16,8000,Power DRAM [W],69,0.0
SPR,BF16,CUSTOM_BF16,8000,Power DRAM [W],70,0.0
SPR,BF16,CUSTOM_BF16,8000,Power DRAM [W],71,0.0
SPR,BF16,CUSTOM_BF16,8000,Power DRAM [W],72,0.0
SPR,BF16,CUSTOM_BF16,8000,Power DRAM [W],73,0.0
SPR,BF16,CUSTOM_BF16,8000,Power DRAM [W],74,0.0
SPR,BF16,CUSTOM_BF16,8000,Power DRAM [W],75,0.0
SPR,BF16,CUSTOM_BF16,8000,Power DRAM [W],76,0.0
SPR,BF16,CUSTOM_BF16,8000,Power DRAM [W],77,0.0
SPR,BF16,CUSTOM_BF16,8000,Power DRAM [W],78,0.0
SPR,BF16,CUSTOM_BF16,8000,Power DRAM [W],79,0.0
SPR,BF16,CUSTOM_BF16,8000,Power DRAM [W],80,0.0
SPR,BF16,CUSTOM_BF16,8000,Power DRAM [W],81,0.0
SPR,BF16,CUSTOM_BF16,8000,Power DRAM [W],82,0.0
SPR,BF16,CUSTOM_BF16,8000,Power DRAM [W],83,0.0
SPR,BF16,CUSTOM_BF16,8000,Power DRAM [W],84,0.0
SPR,BF16,CUSTOM_BF16,8000,Power DRAM [W],85,0.0
SPR,BF16,CUSTOM_BF16,8000,Power DRAM [W],86,0.0
SPR,BF16,CUSTOM_BF16,8000,Power DRAM [W],87,0.0
SPR,BF16,CUSTOM_BF16,8000,Power DRAM [W],88,0.0
SPR,BF16,CUSTOM_BF16,8000,Power DRAM [W],89,0.0
SPR,BF16,CUSTOM_BF16,8000,Power DRAM [W],90,0.0
SPR,BF16,CUSTOM_BF16,8000,Power DRAM [W],91,0.0
SPR,BF16,CUSTOM_BF16,8000,Power DRAM [W],92,0.0
SPR,BF16,CUSTOM_BF16,8000,Power DRAM [W],93,0.0
SPR,BF16,CUSTOM_BF16,8000,Power DRAM [W],94,0.0
SPR,BF16,CUSTOM_BF16,8000,Power DRAM [W],95,0.0
SPR,BF16,CUSTOM_BF16,8000,Power DRAM [W],96,0.0
SPR,BF16,CUSTOM_BF16,8000,Power DRAM [W],97,0.0
SPR,BF16,CUSTOM_BF16,8000,Power DRAM [W],98,0.0
SPR,BF16,CUSTOM_BF16,8000,Power DRAM [W],99,0.0
SPR,BF16,CUSTOM_BF16,8000,Power DRAM [W],100,0.0
SPR,BF16,CUSTOM_BF16,8000,Power DRAM [W],101,0.0
SPR,BF16,CUSTOM_BF16,8000,Power DRAM [W],102,0.0
SPR,BF16,CUSTOM_BF16,8000,Power DRAM [W],103,0.0
SPR,BF16,CUSTOM_BF16,8000,Energy PLATFORM [J],0,0.0017
SPR,BF16,CUSTOM_BF16,8000,Energy PLATFORM [J],1,0.0
SPR,BF16,CUSTOM_BF16,8000,Energy PLATFORM [J],2,0.0
SPR,BF16,CUSTOM_BF16,8000,Energy PLATFORM [J],3,0.0
SPR,BF16,CUSTOM_BF16,8000,Energy PLATFORM [J],4,0.0
SPR,BF16,CUSTOM_BF16,8000,Energy PLATFORM [J],5,0.0
SPR,BF16,CUSTOM_BF16,8000,Energy PLATFORM [J],6,0.0
SPR,BF16,CUSTOM_BF16,8000,Energy PLATFORM [J],7,0.0
SPR,BF16,CUSTOM_BF16,8000,Energy PLATFORM [J],8,0.0
SPR,BF16,CUSTOM_BF16,8000,Energy PLATFORM [J],9,0.0
SPR,BF16,CUSTOM_BF16,8000,Energy PLATFORM [J],10,0.0
SPR,BF16,CUSTOM_BF16,8000,Energy PLATFORM [J],11,0.0
SPR,BF16,CUSTOM_BF16,8000,Energy PLATFORM [J],12,0.0
SPR,BF16,CUSTOM_BF16,8000,Energy PLATFORM [J],13,0.0
SPR,BF16,CUSTOM_BF16,8000,Energy PLATFORM [J],14,0.0
SPR,BF16,CUSTOM_BF16,8000,Energy PLATFORM [J],15,0.0
SPR,BF16,CUSTOM_BF16,8000,Energy PLATFORM [J],16,0.0
SPR,BF16,CUSTOM_BF16,8000,Energy PLATFORM [J],17,0.0
SPR,BF16,CUSTOM_BF16,8000,Energy PLATFORM [J],18,0.0
SPR,BF16,CUSTOM_BF16,8000,Energy PLATFORM [J],19,0.0
SPR,BF16,CUSTOM_BF16,8000,Energy PLATFORM [J],20,0.0
SPR,BF16,CUSTOM_BF16,8000,Energy PLATFORM [J],21,0.0
SPR,BF16,CUSTOM_BF16,8000,Energy PLATFORM [J],22,0.0
SPR,BF16,CUSTOM_BF16,8000,Energy PLATFORM [J],23,0.0
SPR,BF16,CUSTOM_BF16,8000,Energy PLATFORM [J],24,0.0
SPR,BF16,CUSTOM_BF16,8000,Energy PLATFORM [J],25,0.0
SPR,BF16,CUSTOM_BF16,8000,Energy PLATFORM [J],26,0.0
SPR,BF16,CUSTOM_BF16,8000,Energy PLATFORM [J],27,0.0
SPR,BF16,CUSTOM_BF16,8000,Energy PLATFORM [J],28,0.0
SPR,BF16,CUSTOM_BF16,8000,Energy PLATFORM [J],29,0.0
SPR,BF16,CUSTOM_BF16,8000,Energy PLATFORM [J],30,0.0
SPR,BF16,CUSTOM_BF16,8000,Energy PLATFORM [J],31,0.0
SPR,BF16,CUSTOM_BF16,8000,Energy PLATFORM [J],32,0.0
SPR,BF16,CUSTOM_BF16,8000,Energy PLATFORM [J],33,0.0
SPR,BF16,CUSTOM_BF16,8000,Energy PLATFORM [J],34,0.0
SPR,BF16,CUSTOM_BF16,8000,Energy PLATFORM [J],35,0.0
SPR,BF16,CUSTOM_BF16,8000,Energy PLATFORM [J],36,0.0
SPR,BF16,CUSTOM_BF16,8000,Energy PLATFORM [J],37,0.0
SPR,BF16,CUSTOM_BF16,8000,Energy PLATFORM [J],38,0.0
SPR,BF16,CUSTOM_BF16,8000,Energy PLATFORM [J],39,0.0
SPR,BF16,CUSTOM_BF16,8000,Energy PLATFORM [J],40,0.0
SPR,BF16,CUSTOM_BF16,8000,Energy PLATFORM [J],41,0.0
SPR,BF16,CUSTOM_BF16,8000,Energy PLATFORM [J],42,0.0
SPR,BF16,CUSTOM_BF16,8000,Energy PLATFORM [J],43,0.0
SPR,BF16,CUSTOM_BF16,8000,Energy PLATFORM [J],44,0.0
SPR,BF16,CUSTOM_BF16,8000,Energy PLATFORM [J],45,0.0
SPR,BF16,CUSTOM_BF16,8000,Energy PLATFORM [J],46,0.0
SPR,BF16,CUSTOM_BF16,8000,Energy PLATFORM [J],47,0.0
SPR,BF16,CUSTOM_BF16,8000,Energy PLATFORM [J],48,0.0
SPR,BF16,CUSTOM_BF16,8000,Energy PLATFORM [J],49,0.0
SPR,BF16,CUSTOM_BF16,8000,Energy PLATFORM [J],50,0.0
SPR,BF16,CUSTOM_BF16,8000,Energy PLATFORM [J],51,0.0
SPR,BF16,CUSTOM_BF16,8000,Energy PLATFORM [J],52,0.0
SPR,BF16,CUSTOM_BF16,8000,Energy PLATFORM [J],53,0.0
SPR,BF16,CUSTOM_BF16,8000,Energy PLATFORM [J],54,0.0
SPR,BF16,CUSTOM_BF16,8000,Energy PLATFORM [J],55,0.0
SPR,BF16,CUSTOM_BF16,8000,Energy PLATFORM [J],56,0.0
SPR,BF16,CUSTOM_BF16,8000,Energy PLATFORM [J],57,0.0
SPR,BF16,CUSTOM_BF16,8000,Energy PLATFORM [J],58,0.0
SPR,BF16,CUSTOM_BF16,8000,Energy PLATFORM [J],59,0.0
SPR,BF16,CUSTOM_BF16,8000,Energy PLATFORM [J],60,0.0
SPR,BF16,CUSTOM_BF16,8000,Energy PLATFORM [J],61,0.0
SPR,BF16,CUSTOM_BF16,8000,Energy PLATFORM [J],62,0.0
SPR,BF16,CUSTOM_BF16,8000,Energy PLATFORM [J],63,0.0
SPR,BF16,CUSTOM_BF16,8000,Energy PLATFORM [J],64,0.0
SPR,BF16,CUSTOM_BF16,8000,Energy PLATFORM [J],65,0.0
SPR,BF16,CUSTOM_BF16,8000,Energy PLATFORM [J],66,0.0
SPR,BF16,CUSTOM_BF16,8000,Energy PLATFORM [J],67,0.0
SPR,BF16,CUSTOM_BF16,8000,Energy PLATFORM [J],68,0.0
SPR,BF16,CUSTOM_BF16,8000,Energy PLATFORM [J],69,0.0
SPR,BF16,CUSTOM_BF16,8000,Energy PLATFORM [J],70,0.0
SPR,BF16,CUSTOM_BF16,8000,Energy PLATFORM [J],71,0.0
SPR,BF16,CUSTOM_BF16,8000,Energy PLATFORM [J],72,0.0
SPR,BF16,CUSTOM_BF16,8000,Energy PLATFORM [J],73,0.0
SPR,BF16,CUSTOM_BF16,8000,Energy PLATFORM [J],74,0.0
SPR,BF16,CUSTOM_BF16,8000,Energy PLATFORM [J],75,0.0
SPR,BF16,CUSTOM_BF16,8000,Energy PLATFORM [J],76,0.0
SPR,BF16,CUSTOM_BF16,8000,Energy PLATFORM [J],77,0.0
SPR,BF16,CUSTOM_BF16,8000,Energy PLATFORM [J],78,0.0
SPR,BF16,CUSTOM_BF16,8000,Energy PLATFORM [J],79,0.0
SPR,BF16,CUSTOM_BF16,8000,Energy PLATFORM [J],80,0.0
SPR,BF16,CUSTOM_BF16,8000,Energy PLATFORM [J],81,0.0
SPR,BF16,CUSTOM_BF16,8000,Energy PLATFORM [J],82,0.0
SPR,BF16,CUSTOM_BF16,8000,Energy PLATFORM [J],83,0.0
SPR,BF16,CUSTOM_BF16,8000,Energy PLATFORM [J],84,0.0
SPR,BF16,CUSTOM_BF16,8000,Energy PLATFORM [J],85,0.0
SPR,BF16,CUSTOM_BF16,8000,Energy PLATFORM [J],86,0.0
SPR,BF16,CUSTOM_BF16,8000,Energy PLATFORM [J],87,0.0
SPR,BF16,CUSTOM_BF16,8000,Energy PLATFORM [J],88,0.0
SPR,BF16,CUSTOM_BF16,8000,Energy PLATFORM [J],89,0.0
SPR,BF16,CUSTOM_BF16,8000,Energy PLATFORM [J],90,0.0
SPR,BF16,CUSTOM_BF16,8000,Energy PLATFORM [J],91,0.0
SPR,BF16,CUSTOM_BF16,8000,Energy PLATFORM [J],92,0.0
SPR,BF16,CUSTOM_BF16,8000,Energy PLATFORM [J],93,0.0
SPR,BF16,CUSTOM_BF16,8000,Energy PLATFORM [J],94,0.0
SPR,BF16,CUSTOM_BF16,8000,Energy PLATFORM [J],95,0.0
SPR,BF16,CUSTOM_BF16,8000,Energy PLATFORM [J],96,0.0
SPR,BF16,CUSTOM_BF16,8000,Energy PLATFORM [J],97,0.0
SPR,BF16,CUSTOM_BF16,8000,Energy PLATFORM [J],98,0.0
SPR,BF16,CUSTOM_BF16,8000,Energy PLATFORM [J],99,0.0
SPR,BF16,CUSTOM_BF16,8000,Energy PLATFORM [J],100,0.0
SPR,BF16,CUSTOM_BF16,8000,Energy PLATFORM [J],101,0.0
SPR,BF16,CUSTOM_BF16,8000,Energy PLATFORM [J],102,0.0
SPR,BF16,CUSTOM_BF16,8000,Energy PLATFORM [J],103,0.0
SPR,BF16,CUSTOM_BF16,8000,Power PLATFORM [W],0,32.4452
SPR,BF16,CUSTOM_BF16,8000,Power PLATFORM [W],1,0.0
SPR,BF16,CUSTOM_BF16,8000,Power PLATFORM [W],2,0.0
SPR,BF16,CUSTOM_BF16,8000,Power PLATFORM [W],3,0.0
SPR,BF16,CUSTOM_BF16,8000,Power PLATFORM [W],4,0.0
SPR,BF16,CUSTOM_BF16,8000,Power PLATFORM [W],5,0.0
SPR,BF16,CUSTOM_BF16,8000,Power PLATFORM [W],6,0.0
SPR,BF16,CUSTOM_BF16,8000,Power PLATFORM [W],7,0.0
SPR,BF16,CUSTOM_BF16,8000,Power PLATFORM [W],8,0.0
SPR,BF16,CUSTOM_BF16,8000,Power PLATFORM [W],9,0.0
SPR,BF16,CUSTOM_BF16,8000,Power PLATFORM [W],10,0.0
SPR,BF16,CUSTOM_BF16,8000,Power PLATFORM [W],11,0.0
SPR,BF16,CUSTOM_BF16,8000,Power PLATFORM [W],12,0.0
SPR,BF16,CUSTOM_BF16,8000,Power PLATFORM [W],13,0.0
SPR,BF16,CUSTOM_BF16,8000,Power PLATFORM [W],14,0.0
SPR,BF16,CUSTOM_BF16,8000,Power PLATFORM [W],15,0.0
SPR,BF16,CUSTOM_BF16,8000,Power PLATFORM [W],16,0.0
SPR,BF16,CUSTOM_BF16,8000,Power PLATFORM [W],17,0.0
SPR,BF16,CUSTOM_BF16,8000,Power PLATFORM [W],18,0.0
SPR,BF16,CUSTOM_BF16,8000,Power PLATFORM [W],19,0.0
SPR,BF16,CUSTOM_BF16,8000,Power PLATFORM [W],20,0.0
SPR,BF16,CUSTOM_BF16,8000,Power PLATFORM [W],21,0.0
SPR,BF16,CUSTOM_BF16,8000,Power PLATFORM [W],22,0.0
SPR,BF16,CUSTOM_BF16,8000,Power PLATFORM [W],23,0.0
SPR,BF16,CUSTOM_BF16,8000,Power PLATFORM [W],24,0.0
SPR,BF16,CUSTOM_BF16,8000,Power PLATFORM [W],25,0.0
SPR,BF16,CUSTOM_BF16,8000,Power PLATFORM [W],26,0.0
SPR,BF16,CUSTOM_BF16,8000,Power PLATFORM [W],27,0.0
SPR,BF16,CUSTOM_BF16,8000,Power PLATFORM [W],28,0.0
SPR,BF16,CUSTOM_BF16,8000,Power PLATFORM [W],29,0.0
SPR,BF16,CUSTOM_BF16,8000,Power PLATFORM [W],30,0.0
SPR,BF16,CUSTOM_BF16,8000,Power PLATFORM [W],31,0.0
SPR,BF16,CUSTOM_BF16,8000,Power PLATFORM [W],32,0.0
SPR,BF16,CUSTOM_BF16,8000,Power PLATFORM [W],33,0.0
SPR,BF16,CUSTOM_BF16,8000,Power PLATFORM [W],34,0.0
SPR,BF16,CUSTOM_BF16,8000,Power PLATFORM [W],35,0.0
SPR,BF16,CUSTOM_BF16,8000,Power PLATFORM [W],36,0.0
SPR,BF16,CUSTOM_BF16,8000,Power PLATFORM [W],37,0.0
SPR,BF16,CUSTOM_BF16,8000,Power PLATFORM [W],38,0.0
SPR,BF16,CUSTOM_BF16,8000,Power PLATFORM [W],39,0.0
SPR,BF16,CUSTOM_BF16,8000,Power PLATFORM [W],40,0.0
SPR,BF16,CUSTOM_BF16,8000,Power PLATFORM [W],41,0.0
SPR,BF16,CUSTOM_BF16,8000,Power PLATFORM [W],42,0.0
SPR,BF16,CUSTOM_BF16,8000,Power PLATFORM [W],43,0.0
SPR,BF16,CUSTOM_BF16,8000,Power PLATFORM [W],44,0.0
SPR,BF16,CUSTOM_BF16,8000,Power PLATFORM [W],45,0.0
SPR,BF16,CUSTOM_BF16,8000,Power PLATFORM [W],46,0.0
SPR,BF16,CUSTOM_BF16,8000,Power PLATFORM [W],47,0.0
SPR,BF16,CUSTOM_BF16,8000,Power PLATFORM [W],48,0.0
SPR,BF16,CUSTOM_BF16,8000,Power PLATFORM [W],49,0.0
SPR,BF16,CUSTOM_BF16,8000,Power PLATFORM [W],50,0.0
SPR,BF16,CUSTOM_BF16,8000,Power PLATFORM [W],51,0.0
SPR,BF16,CUSTOM_BF16,8000,Power PLATFORM [W],52,0.0
SPR,BF16,CUSTOM_BF16,8000,Power PLATFORM [W],53,0.0
SPR,BF16,CUSTOM_BF16,8000,Power PLATFORM [W],54,0.0
SPR,BF16,CUSTOM_BF16,8000,Power PLATFORM [W],55,0.0
SPR,BF16,CUSTOM_BF16,8000,Power PLATFORM [W],56,0.0
SPR,BF16,CUSTOM_BF16,8000,Power PLATFORM [W],57,0.0
SPR,BF16,CUSTOM_BF16,8000,Power PLATFORM [W],58,0.0
SPR,BF16,CUSTOM_BF16,8000,Power PLATFORM [W],59,0.0
SPR,BF16,CUSTOM_BF16,8000,Power PLATFORM [W],60,0.0
SPR,BF16,CUSTOM_BF16,8000,Power PLATFORM [W],61,0.0
SPR,BF16,CUSTOM_BF16,8000,Power PLATFORM [W],62,0.0
SPR,BF16,CUSTOM_BF16,8000,Power PLATFORM [W],63,0.0
SPR,BF16,CUSTOM_BF16,8000,Power PLATFORM [W],64,0.0
SPR,BF16,CUSTOM_BF16,8000,Power PLATFORM [W],65,0.0
SPR,BF16,CUSTOM_BF16,8000,Power PLATFORM [W],66,0.0
SPR,BF16,CUSTOM_BF16,8000,Power PLATFORM [W],67,0.0
SPR,BF16,CUSTOM_BF16,8000,Power PLATFORM [W],68,0.0
SPR,BF16,CUSTOM_BF16,8000,Power PLATFORM [W],69,0.0
SPR,BF16,CUSTOM_BF16,8000,Power PLATFORM [W],70,0.0
SPR,BF16,CUSTOM_BF16,8000,Power PLATFORM [W],71,0.0
SPR,BF16,CUSTOM_BF16,8000,Power PLATFORM [W],72,0.0
SPR,BF16,CUSTOM_BF16,8000,Power PLATFORM [W],73,0.0
SPR,BF16,CUSTOM_BF16,8000,Power PLATFORM [W],74,0.0
SPR,BF16,CUSTOM_BF16,8000,Power PLATFORM [W],75,0.0
SPR,BF16,CUSTOM_BF16,8000,Power PLATFORM [W],76,0.0
SPR,BF16,CUSTOM_BF16,8000,Power PLATFORM [W],77,0.0
SPR,BF16,CUSTOM_BF16,8000,Power PLATFORM [W],78,0.0
SPR,BF16,CUSTOM_BF16,8000,Power PLATFORM [W],79,0.0
SPR,BF16,CUSTOM_BF16,8000,Power PLATFORM [W],80,0.0
SPR,BF16,CUSTOM_BF16,8000,Power PLATFORM [W],81,0.0
SPR,BF16,CUSTOM_BF16,8000,Power PLATFORM [W],82,0.0
SPR,BF16,CUSTOM_BF16,8000,Power PLATFORM [W],83,0.0
SPR,BF16,CUSTOM_BF16,8000,Power PLATFORM [W],84,0.0
SPR,BF16,CUSTOM_BF16,8000,Power PLATFORM [W],85,0.0
SPR,BF16,CUSTOM_BF16,8000,Power PLATFORM [W],86,0.0
SPR,BF16,CUSTOM_BF16,8000,Power PLATFORM [W],87,0.0
SPR,BF16,CUSTOM_BF16,8000,Power PLATFORM [W],88,0.0
SPR,BF16,CUSTOM_BF16,8000,Power PLATFORM [W],89,0.0
SPR,BF16,CUSTOM_BF16,8000,Power PLATFORM [W],90,0.0
SPR,BF16,CUSTOM_BF16,8000,Power PLATFORM [W],91,0.0
SPR,BF16,CUSTOM_BF16,8000,Power PLATFORM [W],92,0.0
SPR,BF16,CUSTOM_BF16,8000,Power PLATFORM [W],93,0.0
SPR,BF16,CUSTOM_BF16,8000,Power PLATFORM [W],94,0.0
SPR,BF16,CUSTOM_BF16,8000,Power PLATFORM [W],95,0.0
SPR,BF16,CUSTOM_BF16,8000,Power PLATFORM [W],96,0.0
SPR,BF16,CUSTOM_BF16,8000,Power PLATFORM [W],97,0.0
SPR,BF16,CUSTOM_BF16,8000,Power PLATFORM [W],98,0.0
SPR,BF16,CUSTOM_BF16,8000,Power PLATFORM [W],99,0.0
SPR,BF16,CUSTOM_BF16,8000,Power PLATFORM [W],100,0.0
SPR,BF16,CUSTOM_BF16,8000,Power PLATFORM [W],101,0.0
SPR,BF16,CUSTOM_BF16,8000,Power PLATFORM [W],102,0.0
SPR,BF16,CUSTOM_BF16,8000,Power PLATFORM [W],103,0.0
SPR,BF16,CUSTOM_BF16,8000,Memory read bandwidth [MBytes/s],0,59644.0681
SPR,BF16,CUSTOM_BF16,8000,Memory read bandwidth [MBytes/s],1,0.0
SPR,BF16,CUSTOM_BF16,8000,Memory read bandwidth [MBytes/s],2,0.0
SPR,BF16,CUSTOM_BF16,8000,Memory read bandwidth [MBytes/s],3,0.0
SPR,BF16,CUSTOM_BF16,8000,Memory read bandwidth [MBytes/s],4,0.0
SPR,BF16,CUSTOM_BF16,8000,Memory read bandwidth [MBytes/s],5,0.0
SPR,BF16,CUSTOM_BF16,8000,Memory read bandwidth [MBytes/s],6,0.0
SPR,BF16,CUSTOM_BF16,8000,Memory read bandwidth [MBytes/s],7,0.0
SPR,BF16,CUSTOM_BF16,8000,Memory read bandwidth [MBytes/s],8,0.0
SPR,BF16,CUSTOM_BF16,8000,Memory read bandwidth [MBytes/s],9,0.0
SPR,BF16,CUSTOM_BF16,8000,Memory read bandwidth [MBytes/s],10,0.0
SPR,BF16,CUSTOM_BF16,8000,Memory read bandwidth [MBytes/s],11,0.0
SPR,BF16,CUSTOM_BF16,8000,Memory read bandwidth [MBytes/s],12,0.0
SPR,BF16,CUSTOM_BF16,8000,Memory read bandwidth [MBytes/s],13,0.0
SPR,BF16,CUSTOM_BF16,8000,Memory read bandwidth [MBytes/s],14,0.0
SPR,BF16,CUSTOM_BF16,8000,Memory read bandwidth [MBytes/s],15,0.0
SPR,BF16,CUSTOM_BF16,8000,Memory read bandwidth [MBytes/s],16,0.0
SPR,BF16,CUSTOM_BF16,8000,Memory read bandwidth [MBytes/s],17,0.0
SPR,BF16,CUSTOM_BF16,8000,Memory read bandwidth [MBytes/s],18,0.0
SPR,BF16,CUSTOM_BF16,8000,Memory read bandwidth [MBytes/s],19,0.0
SPR,BF16,CUSTOM_BF16,8000,Memory read bandwidth [MBytes/s],20,0.0
SPR,BF16,CUSTOM_BF16,8000,Memory read bandwidth [MBytes/s],21,0.0
SPR,BF16,CUSTOM_BF16,8000,Memory read bandwidth [MBytes/s],22,0.0
SPR,BF16,CUSTOM_BF16,8000,Memory read bandwidth [MBytes/s],23,0.0
SPR,BF16,CUSTOM_BF16,8000,Memory read bandwidth [MBytes/s],24,0.0
SPR,BF16,CUSTOM_BF16,8000,Memory read bandwidth [MBytes/s],25,0.0
SPR,BF16,CUSTOM_BF16,8000,Memory read bandwidth [MBytes/s],26,0.0
SPR,BF16,CUSTOM_BF16,8000,Memory read bandwidth [MBytes/s],27,0.0
SPR,BF16,CUSTOM_BF16,8000,Memory read bandwidth [MBytes/s],28,0.0
SPR,BF16,CUSTOM_BF16,8000,Memory read bandwidth [MBytes/s],29,0.0
SPR,BF16,CUSTOM_BF16,8000,Memory read bandwidth [MBytes/s],30,0.0
SPR,BF16,CUSTOM_BF16,8000,Memory read bandwidth [MBytes/s],31,0.0
SPR,BF16,CUSTOM_BF16,8000,Memory read bandwidth [MBytes/s],32,0.0
SPR,BF16,CUSTOM_BF16,8000,Memory read bandwidth [MBytes/s],33,0.0
SPR,BF16,CUSTOM_BF16,8000,Memory read bandwidth [MBytes/s],34,0.0
SPR,BF16,CUSTOM_BF16,8000,Memory read bandwidth [MBytes/s],35,0.0
SPR,BF16,CUSTOM_BF16,8000,Memory read bandwidth [MBytes/s],36,0.0
SPR,BF16,CUSTOM_BF16,8000,Memory read bandwidth [MBytes/s],37,0.0
SPR,BF16,CUSTOM_BF16,8000,Memory read bandwidth [MBytes/s],38,0.0
SPR,BF16,CUSTOM_BF16,8000,Memory read bandwidth [MBytes/s],39,0.0
SPR,BF16,CUSTOM_BF16,8000,Memory read bandwidth [MBytes/s],40,0.0
SPR,BF16,CUSTOM_BF16,8000,Memory read bandwidth [MBytes/s],41,0.0
SPR,BF16,CUSTOM_BF16,8000,Memory read bandwidth [MBytes/s],42,0.0
SPR,BF16,CUSTOM_BF16,8000,Memory read bandwidth [MBytes/s],43,0.0
SPR,BF16,CUSTOM_BF16,8000,Memory read bandwidth [MBytes/s],44,0.0
SPR,BF16,CUSTOM_BF16,8000,Memory read bandwidth [MBytes/s],45,0.0
SPR,BF16,CUSTOM_BF16,8000,Memory read bandwidth [MBytes/s],46,0.0
SPR,BF16,CUSTOM_BF16,8000,Memory read bandwidth [MBytes/s],47,0.0
SPR,BF16,CUSTOM_BF16,8000,Memory read bandwidth [MBytes/s],48,0.0
SPR,BF16,CUSTOM_BF16,8000,Memory read bandwidth [MBytes/s],49,0.0
SPR,BF16,CUSTOM_BF16,8000,Memory read bandwidth [MBytes/s],50,0.0
SPR,BF16,CUSTOM_BF16,8000,Memory read bandwidth [MBytes/s],51,0.0
SPR,BF16,CUSTOM_BF16,8000,Memory read bandwidth [MBytes/s],52,87709.1489
SPR,BF16,CUSTOM_BF16,8000,Memory read bandwidth [MBytes/s],53,0.0
SPR,BF16,CUSTOM_BF16,8000,Memory read bandwidth [MBytes/s],54,0.0
SPR,BF16,CUSTOM_BF16,8000,Memory read bandwidth [MBytes/s],55,0.0
SPR,BF16,CUSTOM_BF16,8000,Memory read bandwidth [MBytes/s],56,0.0
SPR,BF16,CUSTOM_BF16,8000,Memory read bandwidth [MBytes/s],57,0.0
SPR,BF16,CUSTOM_BF16,8000,Memory read bandwidth [MBytes/s],58,0.0
SPR,BF16,CUSTOM_BF16,8000,Memory read bandwidth [MBytes/s],59,0.0
SPR,BF16,CUSTOM_BF16,8000,Memory read bandwidth [MBytes/s],60,0.0
SPR,BF16,CUSTOM_BF16,8000,Memory read bandwidth [MBytes/s],61,0.0
SPR,BF16,CUSTOM_BF16,8000,Memory read bandwidth [MBytes/s],62,0.0
SPR,BF16,CUSTOM_BF16,8000,Memory read bandwidth [MBytes/s],63,0.0
SPR,BF16,CUSTOM_BF16,8000,Memory read bandwidth [MBytes/s],64,0.0
SPR,BF16,CUSTOM_BF16,8000,Memory read bandwidth [MBytes/s],65,0.0
SPR,BF16,CUSTOM_BF16,8000,Memory read bandwidth [MBytes/s],66,0.0
SPR,BF16,CUSTOM_BF16,8000,Memory read bandwidth [MBytes/s],67,0.0
SPR,BF16,CUSTOM_BF16,8000,Memory read bandwidth [MBytes/s],68,0.0
SPR,BF16,CUSTOM_BF16,8000,Memory read bandwidth [MBytes/s],69,0.0
SPR,BF16,CUSTOM_BF16,8000,Memory read bandwidth [MBytes/s],70,0.0
SPR,BF16,CUSTOM_BF16,8000,Memory read bandwidth [MBytes/s],71,0.0
SPR,BF16,CUSTOM_BF16,8000,Memory read bandwidth [MBytes/s],72,0.0
SPR,BF16,CUSTOM_BF16,8000,Memory read bandwidth [MBytes/s],73,0.0
SPR,BF16,CUSTOM_BF16,8000,Memory read bandwidth [MBytes/s],74,0.0
SPR,BF16,CUSTOM_BF16,8000,Memory read bandwidth [MBytes/s],75,0.0
SPR,BF16,CUSTOM_BF16,8000,Memory read bandwidth [MBytes/s],76,0.0
SPR,BF16,CUSTOM_BF16,8000,Memory read bandwidth [MBytes/s],77,0.0
SPR,BF16,CUSTOM_BF16,8000,Memory read bandwidth [MBytes/s],78,0.0
SPR,BF16,CUSTOM_BF16,8000,Memory read bandwidth [MBytes/s],79,0.0
SPR,BF16,CUSTOM_BF16,8000,Memory read bandwidth [MBytes/s],80,0.0
SPR,BF16,CUSTOM_BF16,8000,Memory read bandwidth [MBytes/s],81,0.0
SPR,BF16,CUSTOM_BF16,8000,Memory read bandwidth [MBytes/s],82,0.0
SPR,BF16,CUSTOM_BF16,8000,Memory read bandwidth [MBytes/s],83,0.0
SPR,BF16,CUSTOM_BF16,8000,Memory read bandwidth [MBytes/s],84,0.0
SPR,BF16,CUSTOM_BF16,8000,Memory read bandwidth [MBytes/s],85,0.0
SPR,BF16,CUSTOM_BF16,8000,Memory read bandwidth [MBytes/s],86,0.0
SPR,BF16,CUSTOM_BF16,8000,Memory read bandwidth [MBytes/s],87,0.0
SPR,BF16,CUSTOM_BF16,8000,Memory read bandwidth [MBytes/s],88,0.0
SPR,BF16,CUSTOM_BF16,8000,Memory read bandwidth [MBytes/s],89,0.0
SPR,BF16,CUSTOM_BF16,8000,Memory read bandwidth [MBytes/s],90,0.0
SPR,BF16,CUSTOM_BF16,8000,Memory read bandwidth [MBytes/s],91,0.0
SPR,BF16,CUSTOM_BF16,8000,Memory read bandwidth [MBytes/s],92,0.0
SPR,BF16,CUSTOM_BF16,8000,Memory read bandwidth [MBytes/s],93,0.0
SPR,BF16,CUSTOM_BF16,8000,Memory read bandwidth [MBytes/s],94,0.0
SPR,BF16,CUSTOM_BF16,8000,Memory read bandwidth [MBytes/s],95,0.0
SPR,BF16,CUSTOM_BF16,8000,Memory read bandwidth [MBytes/s],96,0.0
SPR,BF16,CUSTOM_BF16,8000,Memory read bandwidth [MBytes/s],97,0.0
SPR,BF16,CUSTOM_BF16,8000,Memory read bandwidth [MBytes/s],98,0.0
SPR,BF16,CUSTOM_BF16,8000,Memory read bandwidth [MBytes/s],99,0.0
SPR,BF16,CUSTOM_BF16,8000,Memory read bandwidth [MBytes/s],100,0.0
SPR,BF16,CUSTOM_BF16,8000,Memory read bandwidth [MBytes/s],101,0.0
SPR,BF16,CUSTOM_BF16,8000,Memory read bandwidth [MBytes/s],102,0.0
SPR,BF16,CUSTOM_BF16,8000,Memory read bandwidth [MBytes/s],103,0.0
SPR,BF16,CUSTOM_BF16,8000,Memory read data volume [GBytes],0,0.0031
SPR,BF16,CUSTOM_BF16,8000,Memory read data volume [GBytes],1,0.0
SPR,BF16,CUSTOM_BF16,8000,Memory read data volume [GBytes],2,0.0
SPR,BF16,CUSTOM_BF16,8000,Memory read data volume [GBytes],3,0.0
SPR,BF16,CUSTOM_BF16,8000,Memory read data volume [GBytes],4,0.0
SPR,BF16,CUSTOM_BF16,8000,Memory read data volume [GBytes],5,0.0
SPR,BF16,CUSTOM_BF16,8000,Memory read data volume [GBytes],6,0.0
SPR,BF16,CUSTOM_BF16,8000,Memory read data volume [GBytes],7,0.0
SPR,BF16,CUSTOM_BF16,8000,Memory read data volume [GBytes],8,0.0
SPR,BF16,CUSTOM_BF16,8000,Memory read data volume [GBytes],9,0.0
SPR,BF16,CUSTOM_BF16,8000,Memory read data volume [GBytes],10,0.0
SPR,BF16,CUSTOM_BF16,8000,Memory read data volume [GBytes],11,0.0
SPR,BF16,CUSTOM_BF16,8000,Memory read data volume [GBytes],12,0.0
SPR,BF16,CUSTOM_BF16,8000,Memory read data volume [GBytes],13,0.0
SPR,BF16,CUSTOM_BF16,8000,Memory read data volume [GBytes],14,0.0
SPR,BF16,CUSTOM_BF16,8000,Memory read data volume [GBytes],15,0.0
SPR,BF16,CUSTOM_BF16,8000,Memory read data volume [GBytes],16,0.0
SPR,BF16,CUSTOM_BF16,8000,Memory read data volume [GBytes],17,0.0
SPR,BF16,CUSTOM_BF16,8000,Memory read data volume [GBytes],18,0.0
SPR,BF16,CUSTOM_BF16,8000,Memory read data volume [GBytes],19,0.0
SPR,BF16,CUSTOM_BF16,8000,Memory read data volume [GBytes],20,0.0
SPR,BF16,CUSTOM_BF16,8000,Memory read data volume [GBytes],21,0.0
SPR,BF16,CUSTOM_BF16,8000,Memory read data volume [GBytes],22,0.0
SPR,BF16,CUSTOM_BF16,8000,Memory read data volume [GBytes],23,0.0
SPR,BF16,CUSTOM_BF16,8000,Memory read data volume [GBytes],24,0.0
SPR,BF16,CUSTOM_BF16,8000,Memory read data volume [GBytes],25,0.0
SPR,BF16,CUSTOM_BF16,8000,Memory read data volume [GBytes],26,0.0
SPR,BF16,CUSTOM_BF16,8000,Memory read data volume [GBytes],27,0.0
SPR,BF16,CUSTOM_BF16,8000,Memory read data volume [GBytes],28,0.0
SPR,BF16,CUSTOM_BF16,8000,Memory read data volume [GBytes],29,0.0
SPR,BF16,CUSTOM_BF16,8000,Memory read data volume [GBytes],30,0.0
SPR,BF16,CUSTOM_BF16,8000,Memory read data volume [GBytes],31,0.0
SPR,BF16,CUSTOM_BF16,8000,Memory read data volume [GBytes],32,0.0
SPR,BF16,CUSTOM_BF16,8000,Memory read data volume [GBytes],33,0.0
SPR,BF16,CUSTOM_BF16,8000,Memory read data volume [GBytes],34,0.0
SPR,BF16,CUSTOM_BF16,8000,Memory read data volume [GBytes],35,0.0
SPR,BF16,CUSTOM_BF16,8000,Memory read data volume [GBytes],36,0.0
SPR,BF16,CUSTOM_BF16,8000,Memory read data volume [GBytes],37,0.0
SPR,BF16,CUSTOM_BF16,8000,Memory read data volume [GBytes],38,0.0
SPR,BF16,CUSTOM_BF16,8000,Memory read data volume [GBytes],39,0.0
SPR,BF16,CUSTOM_BF16,8000,Memory read data volume [GBytes],40,0.0
SPR,BF16,CUSTOM_BF16,8000,Memory read data volume [GBytes],41,0.0
SPR,BF16,CUSTOM_BF16,8000,Memory read data volume [GBytes],42,0.0
SPR,BF16,CUSTOM_BF16,8000,Memory read data volume [GBytes],43,0.0
SPR,BF16,CUSTOM_BF16,8000,Memory read data volume [GBytes],44,0.0
SPR,BF16,CUSTOM_BF16,8000,Memory read data volume [GBytes],45,0.0
SPR,BF16,CUSTOM_BF16,8000,Memory read data volume [GBytes],46,0.0
SPR,BF16,CUSTOM_BF16,8000,Memory read data volume [GBytes],47,0.0
SPR,BF16,CUSTOM_BF16,8000,Memory read data volume [GBytes],48,0.0
SPR,BF16,CUSTOM_BF16,8000,Memory read data volume [GBytes],49,0.0
SPR,BF16,CUSTOM_BF16,8000,Memory read data volume [GBytes],50,0.0
SPR,BF16,CUSTOM_BF16,8000,Memory read data volume [GBytes],51,0.0
SPR,BF16,CUSTOM_BF16,8000,Memory read data volume [GBytes],52,0.0046
SPR,BF16,CUSTOM_BF16,8000,Memory read data volume [GBytes],53,0.0
SPR,BF16,CUSTOM_BF16,8000,Memory read data volume [GBytes],54,0.0
SPR,BF16,CUSTOM_BF16,8000,Memory read data volume [GBytes],55,0.0
SPR,BF16,CUSTOM_BF16,8000,Memory read data volume [GBytes],56,0.0
SPR,BF16,CUSTOM_BF16,8000,Memory read data volume [GBytes],57,0.0
SPR,BF16,CUSTOM_BF16,8000,Memory read data volume [GBytes],58,0.0
SPR,BF16,CUSTOM_BF16,8000,Memory read data volume [GBytes],59,0.0
SPR,BF16,CUSTOM_BF16,8000,Memory read data volume [GBytes],60,0.0
SPR,BF16,CUSTOM_BF16,8000,Memory read data volume [GBytes],61,0.0
SPR,BF16,CUSTOM_BF16,8000,Memory read data volume [GBytes],62,0.0
SPR,BF16,CUSTOM_BF16,8000,Memory read data volume [GBytes],63,0.0
SPR,BF16,CUSTOM_BF16,8000,Memory read data volume [GBytes],64,0.0
SPR,BF16,CUSTOM_BF16,8000,Memory read data volume [GBytes],65,0.0
SPR,BF16,CUSTOM_BF16,8000,Memory read data volume [GBytes],66,0.0
SPR,BF16,CUSTOM_BF16,8000,Memory read data volume [GBytes],67,0.0
SPR,BF16,CUSTOM_BF16,8000,Memory read data volume [GBytes],68,0.0
SPR,BF16,CUSTOM_BF16,8000,Memory read data volume [GBytes],69,0.0
SPR,BF16,CUSTOM_BF16,8000,Memory read data volume [GBytes],70,0.0
SPR,BF16,CUSTOM_BF16,8000,Memory read data volume [GBytes],71,0.0
SPR,BF16,CUSTOM_BF16,8000,Memory read data volume [GBytes],72,0.0
SPR,BF16,CUSTOM_BF16,8000,Memory read data volume [GBytes],73,0.0
SPR,BF16,CUSTOM_BF16,8000,Memory read data volume [GBytes],74,0.0
SPR,BF16,CUSTOM_BF16,8000,Memory read data volume [GBytes],75,0.0
SPR,BF16,CUSTOM_BF16,8000,Memory read data volume [GBytes],76,0.0
SPR,BF16,CUSTOM_BF16,8000,Memory read data volume [GBytes],77,0.0
SPR,BF16,CUSTOM_BF16,8000,Memory read data volume [GBytes],78,0.0
SPR,BF16,CUSTOM_BF16,8000,Memory read data volume [GBytes],79,0.0
SPR,BF16,CUSTOM_BF16,8000,Memory read data volume [GBytes],80,0.0
SPR,BF16,CUSTOM_BF16,8000,Memory read data volume [GBytes],81,0.0
SPR,BF16,CUSTOM_BF16,8000,Memory read data volume [GBytes],82,0.0
SPR,BF16,CUSTOM_BF16,8000,Memory read data volume [GBytes],83,0.0
SPR,BF16,CUSTOM_BF16,8000,Memory read data volume [GBytes],84,0.0
SPR,BF16,CUSTOM_BF16,8000,Memory read data volume [GBytes],85,0.0
SPR,BF16,CUSTOM_BF16,8000,Memory read data volume [GBytes],86,0.0
SPR,BF16,CUSTOM_BF16,8000,Memory read data volume [GBytes],87,0.0
SPR,BF16,CUSTOM_BF16,8000,Memory read data volume [GBytes],88,0.0
SPR,BF16,CUSTOM_BF16,8000,Memory read data volume [GBytes],89,0.0
SPR,BF16,CUSTOM_BF16,8000,Memory read data volume [GBytes],90,0.0
SPR,BF16,CUSTOM_BF16,8000,Memory read data volume [GBytes],91,0.0
SPR,BF16,CUSTOM_BF16,8000,Memory read data volume [GBytes],92,0.0
SPR,BF16,CUSTOM_BF16,8000,Memory read data volume [GBytes],93,0.0
SPR,BF16,CUSTOM_BF16,8000,Memory read data volume [GBytes],94,0.0
SPR,BF16,CUSTOM_BF16,8000,Memory read data volume [GBytes],95,0.0
SPR,BF16,CUSTOM_BF16,8000,Memory read data volume [GBytes],96,0.0
SPR,BF16,CUSTOM_BF16,8000,Memory read data volume [GBytes],97,0.0
SPR,BF16,CUSTOM_BF16,8000,Memory read data volume [GBytes],98,0.0
SPR,BF16,CUSTOM_BF16,8000,Memory read data volume [GBytes],99,0.0
SPR,BF16,CUSTOM_BF16,8000,Memory read data volume [GBytes],100,0.0
SPR,BF16,CUSTOM_BF16,8000,Memory read data volume [GBytes],101,0.0
SPR,BF16,CUSTOM_BF16,8000,Memory read data volume [GBytes],102,0.0
SPR,BF16,CUSTOM_BF16,8000,Memory read data volume [GBytes],103,0.0
SPR,BF16,CUSTOM_BF16,8000,Memory write bandwidth [MBytes/s],0,57392.592
SPR,BF16,CUSTOM_BF16,8000,Memory write bandwidth [MBytes/s],1,0.0
SPR,BF16,CUSTOM_BF16,8000,Memory write bandwidth [MBytes/s],2,0.0
SPR,BF16,CUSTOM_BF16,8000,Memory write bandwidth [MBytes/s],3,0.0
SPR,BF16,CUSTOM_BF16,8000,Memory write bandwidth [MBytes/s],4,0.0
SPR,BF16,CUSTOM_BF16,8000,Memory write bandwidth [MBytes/s],5,0.0
SPR,BF16,CUSTOM_BF16,8000,Memory write bandwidth [MBytes/s],6,0.0
SPR,BF16,CUSTOM_BF16,8000,Memory write bandwidth [MBytes/s],7,0.0
SPR,BF16,CUSTOM_BF16,8000,Memory write bandwidth [MBytes/s],8,0.0
SPR,BF16,CUSTOM_BF16,8000,Memory write bandwidth [MBytes/s],9,0.0
SPR,BF16,CUSTOM_BF16,8000,Memory write bandwidth [MBytes/s],10,0.0
SPR,BF16,CUSTOM_BF16,8000,Memory write bandwidth [MBytes/s],11,0.0
SPR,BF16,CUSTOM_BF16,8000,Memory write bandwidth [MBytes/s],12,0.0
SPR,BF16,CUSTOM_BF16,8000,Memory write bandwidth [MBytes/s],13,0.0
SPR,BF16,CUSTOM_BF16,8000,Memory write bandwidth [MBytes/s],14,0.0
SPR,BF16,CUSTOM_BF16,8000,Memory write bandwidth [MBytes/s],15,0.0
SPR,BF16,CUSTOM_BF16,8000,Memory write bandwidth [MBytes/s],16,0.0
SPR,BF16,CUSTOM_BF16,8000,Memory write bandwidth [MBytes/s],17,0.0
SPR,BF16,CUSTOM_BF16,8000,Memory write bandwidth [MBytes/s],18,0.0
SPR,BF16,CUSTOM_BF16,8000,Memory write bandwidth [MBytes/s],19,0.0
SPR,BF16,CUSTOM_BF16,8000,Memory write bandwidth [MBytes/s],20,0.0
SPR,BF16,CUSTOM_BF16,8000,Memory write bandwidth [MBytes/s],21,0.0
SPR,BF16,CUSTOM_BF16,8000,Memory write bandwidth [MBytes/s],22,0.0
SPR,BF16,CUSTOM_BF16,8000,Memory write bandwidth [MBytes/s],23,0.0
SPR,BF16,CUSTOM_BF16,8000,Memory write bandwidth [MBytes/s],24,0.0
SPR,BF16,CUSTOM_BF16,8000,Memory write bandwidth [MBytes/s],25,0.0
SPR,BF16,CUSTOM_BF16,8000,Memory write bandwidth [MBytes/s],26,0.0
SPR,BF16,CUSTOM_BF16,8000,Memory write bandwidth [MBytes/s],27,0.0
SPR,BF16,CUSTOM_BF16,8000,Memory write bandwidth [MBytes/s],28,0.0
SPR,BF16,CUSTOM_BF16,8000,Memory write bandwidth [MBytes/s],29,0.0
SPR,BF16,CUSTOM_BF16,8000,Memory write bandwidth [MBytes/s],30,0.0
SPR,BF16,CUSTOM_BF16,8000,Memory write bandwidth [MBytes/s],31,0.0
SPR,BF16,CUSTOM_BF16,8000,Memory write bandwidth [MBytes/s],32,0.0
SPR,BF16,CUSTOM_BF16,8000,Memory write bandwidth [MBytes/s],33,0.0
SPR,BF16,CUSTOM_BF16,8000,Memory write bandwidth [MBytes/s],34,0.0
SPR,BF16,CUSTOM_BF16,8000,Memory write bandwidth [MBytes/s],35,0.0
SPR,BF16,CUSTOM_BF16,8000,Memory write bandwidth [MBytes/s],36,0.0
SPR,BF16,CUSTOM_BF16,8000,Memory write bandwidth [MBytes/s],37,0.0
SPR,BF16,CUSTOM_BF16,8000,Memory write bandwidth [MBytes/s],38,0.0
SPR,BF16,CUSTOM_BF16,8000,Memory write bandwidth [MBytes/s],39,0.0
SPR,BF16,CUSTOM_BF16,8000,Memory write bandwidth [MBytes/s],40,0.0
SPR,BF16,CUSTOM_BF16,8000,Memory write bandwidth [MBytes/s],41,0.0
SPR,BF16,CUSTOM_BF16,8000,Memory write bandwidth [MBytes/s],42,0.0
SPR,BF16,CUSTOM_BF16,8000,Memory write bandwidth [MBytes/s],43,0.0
SPR,BF16,CUSTOM_BF16,8000,Memory write bandwidth [MBytes/s],44,0.0
SPR,BF16,CUSTOM_BF16,8000,Memory write bandwidth [MBytes/s],45,0.0
SPR,BF16,CUSTOM_BF16,8000,Memory write bandwidth [MBytes/s],46,0.0
SPR,BF16,CUSTOM_BF16,8000,Memory write bandwidth [MBytes/s],47,0.0
SPR,BF16,CUSTOM_BF16,8000,Memory write bandwidth [MBytes/s],48,0.0
SPR,BF16,CUSTOM_BF16,8000,Memory write bandwidth [MBytes/s],49,0.0
SPR,BF16,CUSTOM_BF16,8000,Memory write bandwidth [MBytes/s],50,0.0
SPR,BF16,CUSTOM_BF16,8000,Memory write bandwidth [MBytes/s],51,0.0
SPR,BF16,CUSTOM_BF16,8000,Memory write bandwidth [MBytes/s],52,82948.6074
SPR,BF16,CUSTOM_BF16,8000,Memory write bandwidth [MBytes/s],53,0.0
SPR,BF16,CUSTOM_BF16,8000,Memory write bandwidth [MBytes/s],54,0.0
SPR,BF16,CUSTOM_BF16,8000,Memory write bandwidth [MBytes/s],55,0.0
SPR,BF16,CUSTOM_BF16,8000,Memory write bandwidth [MBytes/s],56,0.0
SPR,BF16,CUSTOM_BF16,8000,Memory write bandwidth [MBytes/s],57,0.0
SPR,BF16,CUSTOM_BF16,8000,Memory write bandwidth [MBytes/s],58,0.0
SPR,BF16,CUSTOM_BF16,8000,Memory write bandwidth [MBytes/s],59,0.0
SPR,BF16,CUSTOM_BF16,8000,Memory write bandwidth [MBytes/s],60,0.0
SPR,BF16,CUSTOM_BF16,8000,Memory write bandwidth [MBytes/s],61,0.0
SPR,BF16,CUSTOM_BF16,8000,Memory write bandwidth [MBytes/s],62,0.0
SPR,BF16,CUSTOM_BF16,8000,Memory write bandwidth [MBytes/s],63,0.0
SPR,BF16,CUSTOM_BF16,8000,Memory write bandwidth [MBytes/s],64,0.0
SPR,BF16,CUSTOM_BF16,8000,Memory write bandwidth [MBytes/s],65,0.0
SPR,BF16,CUSTOM_BF16,8000,Memory write bandwidth [MBytes/s],66,0.0
SPR,BF16,CUSTOM_BF16,8000,Memory write bandwidth [MBytes/s],67,0.0
SPR,BF16,CUSTOM_BF16,8000,Memory write bandwidth [MBytes/s],68,0.0
SPR,BF16,CUSTOM_BF16,8000,Memory write bandwidth [MBytes/s],69,0.0
SPR,BF16,CUSTOM_BF16,8000,Memory write bandwidth [MBytes/s],70,0.0
SPR,BF16,CUSTOM_BF16,8000,Memory write bandwidth [MBytes/s],71,0.0
SPR,BF16,CUSTOM_BF16,8000,Memory write bandwidth [MBytes/s],72,0.0
SPR,BF16,CUSTOM_BF16,8000,Memory write bandwidth [MBytes/s],73,0.0
SPR,BF16,CUSTOM_BF16,8000,Memory write bandwidth [MBytes/s],74,0.0
SPR,BF16,CUSTOM_BF16,8000,Memory write bandwidth [MBytes/s],75,0.0
SPR,BF16,CUSTOM_BF16,8000,Memory write bandwidth [MBytes/s],76,0.0
SPR,BF16,CUSTOM_BF16,8000,Memory write bandwidth [MBytes/s],77,0.0
SPR,BF16,CUSTOM_BF16,8000,Memory write bandwidth [MBytes/s],78,0.0
SPR,BF16,CUSTOM_BF16,8000,Memory write bandwidth [MBytes/s],79,0.0
SPR,BF16,CUSTOM_BF16,8000,Memory write bandwidth [MBytes/s],80,0.0
SPR,BF16,CUSTOM_BF16,8000,Memory write bandwidth [MBytes/s],81,0.0
SPR,BF16,CUSTOM_BF16,8000,Memory write bandwidth [MBytes/s],82,0.0
SPR,BF16,CUSTOM_BF16,8000,Memory write bandwidth [MBytes/s],83,0.0
SPR,BF16,CUSTOM_BF16,8000,Memory write bandwidth [MBytes/s],84,0.0
SPR,BF16,CUSTOM_BF16,8000,Memory write bandwidth [MBytes/s],85,0.0
SPR,BF16,CUSTOM_BF16,8000,Memory write bandwidth [MBytes/s],86,0.0
SPR,BF16,CUSTOM_BF16,8000,Memory write bandwidth [MBytes/s],87,0.0
SPR,BF16,CUSTOM_BF16,8000,Memory write bandwidth [MBytes/s],88,0.0
SPR,BF16,CUSTOM_BF16,8000,Memory write bandwidth [MBytes/s],89,0.0
SPR,BF16,CUSTOM_BF16,8000,Memory write bandwidth [MBytes/s],90,0.0
SPR,BF16,CUSTOM_BF16,8000,Memory write bandwidth [MBytes/s],91,0.0
SPR,BF16,CUSTOM_BF16,8000,Memory write bandwidth [MBytes/s],92,0.0
SPR,BF16,CUSTOM_BF16,8000,Memory write bandwidth [MBytes/s],93,0.0
SPR,BF16,CUSTOM_BF16,8000,Memory write bandwidth [MBytes/s],94,0.0
SPR,BF16,CUSTOM_BF16,8000,Memory write bandwidth [MBytes/s],95,0.0
SPR,BF16,CUSTOM_BF16,8000,Memory write bandwidth [MBytes/s],96,0.0
SPR,BF16,CUSTOM_BF16,8000,Memory write bandwidth [MBytes/s],97,0.0
SPR,BF16,CUSTOM_BF16,8000,Memory write bandwidth [MBytes/s],98,0.0
SPR,BF16,CUSTOM_BF16,8000,Memory write bandwidth [MBytes/s],99,0.0
SPR,BF16,CUSTOM_BF16,8000,Memory write bandwidth [MBytes/s],100,0.0
SPR,BF16,CUSTOM_BF16,8000,Memory write bandwidth [MBytes/s],101,0.0
SPR,BF16,CUSTOM_BF16,8000,Memory write bandwidth [MBytes/s],102,0.0
SPR,BF16,CUSTOM_BF16,8000,Memory write bandwidth [MBytes/s],103,0.0
SPR,BF16,CUSTOM_BF16,8000,Memory write data volume [GBytes],0,0.003
SPR,BF16,CUSTOM_BF16,8000,Memory write data volume [GBytes],1,0.0
SPR,BF16,CUSTOM_BF16,8000,Memory write data volume [GBytes],2,0.0
SPR,BF16,CUSTOM_BF16,8000,Memory write data volume [GBytes],3,0.0
SPR,BF16,CUSTOM_BF16,8000,Memory write data volume [GBytes],4,0.0
SPR,BF16,CUSTOM_BF16,8000,Memory write data volume [GBytes],5,0.0
SPR,BF16,CUSTOM_BF16,8000,Memory write data volume [GBytes],6,0.0
SPR,BF16,CUSTOM_BF16,8000,Memory write data volume [GBytes],7,0.0
SPR,BF16,CUSTOM_BF16,8000,Memory write data volume [GBytes],8,0.0
SPR,BF16,CUSTOM_BF16,8000,Memory write data volume [GBytes],9,0.0
SPR,BF16,CUSTOM_BF16,8000,Memory write data volume [GBytes],10,0.0
SPR,BF16,CUSTOM_BF16,8000,Memory write data volume [GBytes],11,0.0
SPR,BF16,CUSTOM_BF16,8000,Memory write data volume [GBytes],12,0.0
SPR,BF16,CUSTOM_BF16,8000,Memory write data volume [GBytes],13,0.0
SPR,BF16,CUSTOM_BF16,8000,Memory write data volume [GBytes],14,0.0
SPR,BF16,CUSTOM_BF16,8000,Memory write data volume [GBytes],15,0.0
SPR,BF16,CUSTOM_BF16,8000,Memory write data volume [GBytes],16,0.0
SPR,BF16,CUSTOM_BF16,8000,Memory write data volume [GBytes],17,0.0
SPR,BF16,CUSTOM_BF16,8000,Memory write data volume [GBytes],18,0.0
SPR,BF16,CUSTOM_BF16,8000,Memory write data volume [GBytes],19,0.0
SPR,BF16,CUSTOM_BF16,8000,Memory write data volume [GBytes],20,0.0
SPR,BF16,CUSTOM_BF16,8000,Memory write data volume [GBytes],21,0.0
SPR,BF16,CUSTOM_BF16,8000,Memory write data volume [GBytes],22,0.0
SPR,BF16,CUSTOM_BF16,8000,Memory write data volume [GBytes],23,0.0
SPR,BF16,CUSTOM_BF16,8000,Memory write data volume [GBytes],24,0.0
SPR,BF16,CUSTOM_BF16,8000,Memory write data volume [GBytes],25,0.0
SPR,BF16,CUSTOM_BF16,8000,Memory write data volume [GBytes],26,0.0
SPR,BF16,CUSTOM_BF16,8000,Memory write data volume [GBytes],27,0.0
SPR,BF16,CUSTOM_BF16,8000,Memory write data volume [GBytes],28,0.0
SPR,BF16,CUSTOM_BF16,8000,Memory write data volume [GBytes],29,0.0
SPR,BF16,CUSTOM_BF16,8000,Memory write data volume [GBytes],30,0.0
SPR,BF16,CUSTOM_BF16,8000,Memory write data volume [GBytes],31,0.0
SPR,BF16,CUSTOM_BF16,8000,Memory write data volume [GBytes],32,0.0
SPR,BF16,CUSTOM_BF16,8000,Memory write data volume [GBytes],33,0.0
SPR,BF16,CUSTOM_BF16,8000,Memory write data volume [GBytes],34,0.0
SPR,BF16,CUSTOM_BF16,8000,Memory write data volume [GBytes],35,0.0
SPR,BF16,CUSTOM_BF16,8000,Memory write data volume [GBytes],36,0.0
SPR,BF16,CUSTOM_BF16,8000,Memory write data volume [GBytes],37,0.0
SPR,BF16,CUSTOM_BF16,8000,Memory write data volume [GBytes],38,0.0
SPR,BF16,CUSTOM_BF16,8000,Memory write data volume [GBytes],39,0.0
SPR,BF16,CUSTOM_BF16,8000,Memory write data volume [GBytes],40,0.0
SPR,BF16,CUSTOM_BF16,8000,Memory write data volume [GBytes],41,0.0
SPR,BF16,CUSTOM_BF16,8000,Memory write data volume [GBytes],42,0.0
SPR,BF16,CUSTOM_BF16,8000,Memory write data volume [GBytes],43,0.0
SPR,BF16,CUSTOM_BF16,8000,Memory write data volume [GBytes],44,0.0
SPR,BF16,CUSTOM_BF16,8000,Memory write data volume [GBytes],45,0.0
SPR,BF16,CUSTOM_BF16,8000,Memory write data volume [GBytes],46,0.0
SPR,BF16,CUSTOM_BF16,8000,Memory write data volume [GBytes],47,0.0
SPR,BF16,CUSTOM_BF16,8000,Memory write data volume [GBytes],48,0.0
SPR,BF16,CUSTOM_BF16,8000,Memory write data volume [GBytes],49,0.0
SPR,BF16,CUSTOM_BF16,8000,Memory write data volume [GBytes],50,0.0
SPR,BF16,CUSTOM_BF16,8000,Memory write data volume [GBytes],51,0.0
SPR,BF16,CUSTOM_BF16,8000,Memory write data volume [GBytes],52,0.0044
SPR,BF16,CUSTOM_BF16,8000,Memory write data volume [GBytes],53,0.0
SPR,BF16,CUSTOM_BF16,8000,Memory write data volume [GBytes],54,0.0
SPR,BF16,CUSTOM_BF16,8000,Memory write data volume [GBytes],55,0.0
SPR,BF16,CUSTOM_BF16,8000,Memory write data volume [GBytes],56,0.0
SPR,BF16,CUSTOM_BF16,8000,Memory write data volume [GBytes],57,0.0
SPR,BF16,CUSTOM_BF16,8000,Memory write data volume [GBytes],58,0.0
SPR,BF16,CUSTOM_BF16,8000,Memory write data volume [GBytes],59,0.0
SPR,BF16,CUSTOM_BF16,8000,Memory write data volume [GBytes],60,0.0
SPR,BF16,CUSTOM_BF16,8000,Memory write data volume [GBytes],61,0.0
SPR,BF16,CUSTOM_BF16,8000,Memory write data volume [GBytes],62,0.0
SPR,BF16,CUSTOM_BF16,8000,Memory write data volume [GBytes],63,0.0
SPR,BF16,CUSTOM_BF16,8000,Memory write data volume [GBytes],64,0.0
SPR,BF16,CUSTOM_BF16,8000,Memory write data volume [GBytes],65,0.0
SPR,BF16,CUSTOM_BF16,8000,Memory write data volume [GBytes],66,0.0
SPR,BF16,CUSTOM_BF16,8000,Memory write data volume [GBytes],67,0.0
SPR,BF16,CUSTOM_BF16,8000,Memory write data volume [GBytes],68,0.0
SPR,BF16,CUSTOM_BF16,8000,Memory write data volume [GBytes],69,0.0
SPR,BF16,CUSTOM_BF16,8000,Memory write data volume [GBytes],70,0.0
SPR,BF16,CUSTOM_BF16,8000,Memory write data volume [GBytes],71,0.0
SPR,BF16,CUSTOM_BF16,8000,Memory write data volume [GBytes],72,0.0
SPR,BF16,CUSTOM_BF16,8000,Memory write data volume [GBytes],73,0.0
SPR,BF16,CUSTOM_BF16,8000,Memory write data volume [GBytes],74,0.0
SPR,BF16,CUSTOM_BF16,8000,Memory write data volume [GBytes],75,0.0
SPR,BF16,CUSTOM_BF16,8000,Memory write data volume [GBytes],76,0.0
SPR,BF16,CUSTOM_BF16,8000,Memory write data volume [GBytes],77,0.0
SPR,BF16,CUSTOM_BF16,8000,Memory write data volume [GBytes],78,0.0
SPR,BF16,CUSTOM_BF16,8000,Memory write data volume [GBytes],79,0.0
SPR,BF16,CUSTOM_BF16,8000,Memory write data volume [GBytes],80,0.0
SPR,BF16,CUSTOM_BF16,8000,Memory write data volume [GBytes],81,0.0
SPR,BF16,CUSTOM_BF16,8000,Memory write data volume [GBytes],82,0.0
SPR,BF16,CUSTOM_BF16,8000,Memory write data volume [GBytes],83,0.0
SPR,BF16,CUSTOM_BF16,8000,Memory write data volume [GBytes],84,0.0
SPR,BF16,CUSTOM_BF16,8000,Memory write data volume [GBytes],85,0.0
SPR,BF16,CUSTOM_BF16,8000,Memory write data volume [GBytes],86,0.0
SPR,BF16,CUSTOM_BF16,8000,Memory write data volume [GBytes],87,0.0
SPR,BF16,CUSTOM_BF16,8000,Memory write data volume [GBytes],88,0.0
SPR,BF16,CUSTOM_BF16,8000,Memory write data volume [GBytes],89,0.0
SPR,BF16,CUSTOM_BF16,8000,Memory write data volume [GBytes],90,0.0
SPR,BF16,CUSTOM_BF16,8000,Memory write data volume [GBytes],91,0.0
SPR,BF16,CUSTOM_BF16,8000,Memory write data volume [GBytes],92,0.0
SPR,BF16,CUSTOM_BF16,8000,Memory write data volume [GBytes],93,0.0
SPR,BF16,CUSTOM_BF16,8000,Memory write data volume [GBytes],94,0.0
SPR,BF16,CUSTOM_BF16,8000,Memory write data volume [GBytes],95,0.0
SPR,BF16,CUSTOM_BF16,8000,Memory write data volume [GBytes],96,0.0
SPR,BF16,CUSTOM_BF16,8000,Memory write data volume [GBytes],97,0.0
SPR,BF16,CUSTOM_BF16,8000,Memory write data volume [GBytes],98,0.0
SPR,BF16,CUSTOM_BF16,8000,Memory write data volume [GBytes],99,0.0
SPR,BF16,CUSTOM_BF16,8000,Memory write data volume [GBytes],100,0.0
SPR,BF16,CUSTOM_BF16,8000,Memory write data volume [GBytes],101,0.0
SPR,BF16,CUSTOM_BF16,8000,Memory write data volume [GBytes],102,0.0
SPR,BF16,CUSTOM_BF16,8000,Memory write data volume [GBytes],103,0.0
SPR,BF16,CUSTOM_BF16,8000,Memory bandwidth [MBytes/s],0,117036.6601
SPR,BF16,CUSTOM_BF16,8000,Memory bandwidth [MBytes/s],1,0.0
SPR,BF16,CUSTOM_BF16,8000,Memory bandwidth [MBytes/s],2,0.0
SPR,BF16,CUSTOM_BF16,8000,Memory bandwidth [MBytes/s],3,0.0
SPR,BF16,CUSTOM_BF16,8000,Memory bandwidth [MBytes/s],4,0.0
SPR,BF16,CUSTOM_BF16,8000,Memory bandwidth [MBytes/s],5,0.0
SPR,BF16,CUSTOM_BF16,8000,Memory bandwidth [MBytes/s],6,0.0
SPR,BF16,CUSTOM_BF16,8000,Memory bandwidth [MBytes/s],7,0.0
SPR,BF16,CUSTOM_BF16,8000,Memory bandwidth [MBytes/s],8,0.0
SPR,BF16,CUSTOM_BF16,8000,Memory bandwidth [MBytes/s],9,0.0
SPR,BF16,CUSTOM_BF16,8000,Memory bandwidth [MBytes/s],10,0.0
SPR,BF16,CUSTOM_BF16,8000,Memory bandwidth [MBytes/s],11,0.0
SPR,BF16,CUSTOM_BF16,8000,Memory bandwidth [MBytes/s],12,0.0
SPR,BF16,CUSTOM_BF16,8000,Memory bandwidth [MBytes/s],13,0.0
SPR,BF16,CUSTOM_BF16,8000,Memory bandwidth [MBytes/s],14,0.0
SPR,BF16,CUSTOM_BF16,8000,Memory bandwidth [MBytes/s],15,0.0
SPR,BF16,CUSTOM_BF16,8000,Memory bandwidth [MBytes/s],16,0.0
SPR,BF16,CUSTOM_BF16,8000,Memory bandwidth [MBytes/s],17,0.0
SPR,BF16,CUSTOM_BF16,8000,Memory bandwidth [MBytes/s],18,0.0
SPR,BF16,CUSTOM_BF16,8000,Memory bandwidth [MBytes/s],19,0.0
SPR,BF16,CUSTOM_BF16,8000,Memory bandwidth [MBytes/s],20,0.0
SPR,BF16,CUSTOM_BF16,8000,Memory bandwidth [MBytes/s],21,0.0
SPR,BF16,CUSTOM_BF16,8000,Memory bandwidth [MBytes/s],22,0.0
SPR,BF16,CUSTOM_BF16,8000,Memory bandwidth [MBytes/s],23,0.0
SPR,BF16,CUSTOM_BF16,8000,Memory bandwidth [MBytes/s],24,0.0
SPR,BF16,CUSTOM_BF16,8000,Memory bandwidth [MBytes/s],25,0.0
SPR,BF16,CUSTOM_BF16,8000,Memory bandwidth [MBytes/s],26,0.0
SPR,BF16,CUSTOM_BF16,8000,Memory bandwidth [MBytes/s],27,0.0
SPR,BF16,CUSTOM_BF16,8000,Memory bandwidth [MBytes/s],28,0.0
SPR,BF16,CUSTOM_BF16,8000,Memory bandwidth [MBytes/s],29,0.0
SPR,BF16,CUSTOM_BF16,8000,Memory bandwidth [MBytes/s],30,0.0
SPR,BF16,CUSTOM_BF16,8000,Memory bandwidth [MBytes/s],31,0.0
SPR,BF16,CUSTOM_BF16,8000,Memory bandwidth [MBytes/s],32,0.0
SPR,BF16,CUSTOM_BF16,8000,Memory bandwidth [MBytes/s],33,0.0
SPR,BF16,CUSTOM_BF16,8000,Memory bandwidth [MBytes/s],34,0.0
SPR,BF16,CUSTOM_BF16,8000,Memory bandwidth [MBytes/s],35,0.0
SPR,BF16,CUSTOM_BF16,8000,Memory bandwidth [MBytes/s],36,0.0
SPR,BF16,CUSTOM_BF16,8000,Memory bandwidth [MBytes/s],37,0.0
SPR,BF16,CUSTOM_BF16,8000,Memory bandwidth [MBytes/s],38,0.0
SPR,BF16,CUSTOM_BF16,8000,Memory bandwidth [MBytes/s],39,0.0
SPR,BF16,CUSTOM_BF16,8000,Memory bandwidth [MBytes/s],40,0.0
SPR,BF16,CUSTOM_BF16,8000,Memory bandwidth [MBytes/s],41,0.0
SPR,BF16,CUSTOM_BF16,8000,Memory bandwidth [MBytes/s],42,0.0
SPR,BF16,CUSTOM_BF16,8000,Memory bandwidth [MBytes/s],43,0.0
SPR,BF16,CUSTOM_BF16,8000,Memory bandwidth [MBytes/s],44,0.0
SPR,BF16,CUSTOM_BF16,8000,Memory bandwidth [MBytes/s],45,0.0
SPR,BF16,CUSTOM_BF16,8000,Memory bandwidth [MBytes/s],46,0.0
SPR,BF16,CUSTOM_BF16,8000,Memory bandwidth [MBytes/s],47,0.0
SPR,BF16,CUSTOM_BF16,8000,Memory bandwidth [MBytes/s],48,0.0
SPR,BF16,CUSTOM_BF16,8000,Memory bandwidth [MBytes/s],49,0.0
SPR,BF16,CUSTOM_BF16,8000,Memory bandwidth [MBytes/s],50,0.0
SPR,BF16,CUSTOM_BF16,8000,Memory bandwidth [MBytes/s],51,0.0
SPR,BF16,CUSTOM_BF16,8000,Memory bandwidth [MBytes/s],52,170657.7563
SPR,BF16,CUSTOM_BF16,8000,Memory bandwidth [MBytes/s],53,0.0
SPR,BF16,CUSTOM_BF16,8000,Memory bandwidth [MBytes/s],54,0.0
SPR,BF16,CUSTOM_BF16,8000,Memory bandwidth [MBytes/s],55,0.0
SPR,BF16,CUSTOM_BF16,8000,Memory bandwidth [MBytes/s],56,0.0
SPR,BF16,CUSTOM_BF16,8000,Memory bandwidth [MBytes/s],57,0.0
SPR,BF16,CUSTOM_BF16,8000,Memory bandwidth [MBytes/s],58,0.0
SPR,BF16,CUSTOM_BF16,8000,Memory bandwidth [MBytes/s],59,0.0
SPR,BF16,CUSTOM_BF16,8000,Memory bandwidth [MBytes/s],60,0.0
SPR,BF16,CUSTOM_BF16,8000,Memory bandwidth [MBytes/s],61,0.0
SPR,BF16,CUSTOM_BF16,8000,Memory bandwidth [MBytes/s],62,0.0
SPR,BF16,CUSTOM_BF16,8000,Memory bandwidth [MBytes/s],63,0.0
SPR,BF16,CUSTOM_BF16,8000,Memory bandwidth [MBytes/s],64,0.0
SPR,BF16,CUSTOM_BF16,8000,Memory bandwidth [MBytes/s],65,0.0
SPR,BF16,CUSTOM_BF16,8000,Memory bandwidth [MBytes/s],66,0.0
SPR,BF16,CUSTOM_BF16,8000,Memory bandwidth [MBytes/s],67,0.0
SPR,BF16,CUSTOM_BF16,8000,Memory bandwidth [MBytes/s],68,0.0
SPR,BF16,CUSTOM_BF16,8000,Memory bandwidth [MBytes/s],69,0.0
SPR,BF16,CUSTOM_BF16,8000,Memory bandwidth [MBytes/s],70,0.0
SPR,BF16,CUSTOM_BF16,8000,Memory bandwidth [MBytes/s],71,0.0
SPR,BF16,CUSTOM_BF16,8000,Memory bandwidth [MBytes/s],72,0.0
SPR,BF16,CUSTOM_BF16,8000,Memory bandwidth [MBytes/s],73,0.0
SPR,BF16,CUSTOM_BF16,8000,Memory bandwidth [MBytes/s],74,0.0
SPR,BF16,CUSTOM_BF16,8000,Memory bandwidth [MBytes/s],75,0.0
SPR,BF16,CUSTOM_BF16,8000,Memory bandwidth [MBytes/s],76,0.0
SPR,BF16,CUSTOM_BF16,8000,Memory bandwidth [MBytes/s],77,0.0
SPR,BF16,CUSTOM_BF16,8000,Memory bandwidth [MBytes/s],78,0.0
SPR,BF16,CUSTOM_BF16,8000,Memory bandwidth [MBytes/s],79,0.0
SPR,BF16,CUSTOM_BF16,8000,Memory bandwidth [MBytes/s],80,0.0
SPR,BF16,CUSTOM_BF16,8000,Memory bandwidth [MBytes/s],81,0.0
SPR,BF16,CUSTOM_BF16,8000,Memory bandwidth [MBytes/s],82,0.0
SPR,BF16,CUSTOM_BF16,8000,Memory bandwidth [MBytes/s],83,0.0
SPR,BF16,CUSTOM_BF16,8000,Memory bandwidth [MBytes/s],84,0.0
SPR,BF16,CUSTOM_BF16,8000,Memory bandwidth [MBytes/s],85,0.0
SPR,BF16,CUSTOM_BF16,8000,Memory bandwidth [MBytes/s],86,0.0
SPR,BF16,CUSTOM_BF16,8000,Memory bandwidth [MBytes/s],87,0.0
SPR,BF16,CUSTOM_BF16,8000,Memory bandwidth [MBytes/s],88,0.0
SPR,BF16,CUSTOM_BF16,8000,Memory bandwidth [MBytes/s],89,0.0
SPR,BF16,CUSTOM_BF16,8000,Memory bandwidth [MBytes/s],90,0.0
SPR,BF16,CUSTOM_BF16,8000,Memory bandwidth [MBytes/s],91,0.0
SPR,BF16,CUSTOM_BF16,8000,Memory bandwidth [MBytes/s],92,0.0
SPR,BF16,CUSTOM_BF16,8000,Memory bandwidth [MBytes/s],93,0.0
SPR,BF16,CUSTOM_BF16,8000,Memory bandwidth [MBytes/s],94,0.0
SPR,BF16,CUSTOM_BF16,8000,Memory bandwidth [MBytes/s],95,0.0
SPR,BF16,CUSTOM_BF16,8000,Memory bandwidth [MBytes/s],96,0.0
SPR,BF16,CUSTOM_BF16,8000,Memory bandwidth [MBytes/s],97,0.0
SPR,BF16,CUSTOM_BF16,8000,Memory bandwidth [MBytes/s],98,0.0
SPR,BF16,CUSTOM_BF16,8000,Memory bandwidth [MBytes/s],99,0.0
SPR,BF16,CUSTOM_BF16,8000,Memory bandwidth [MBytes/s],100,0.0
SPR,BF16,CUSTOM_BF16,8000,Memory bandwidth [MBytes/s],101,0.0
SPR,BF16,CUSTOM_BF16,8000,Memory bandwidth [MBytes/s],102,0.0
SPR,BF16,CUSTOM_BF16,8000,Memory bandwidth [MBytes/s],103,0.0
SPR,BF16,CUSTOM_BF16,8000,Memory data volume [GBytes],0,0.0062
SPR,BF16,CUSTOM_BF16,8000,Memory data volume [GBytes],1,0.0
SPR,BF16,CUSTOM_BF16,8000,Memory data volume [GBytes],2,0.0
SPR,BF16,CUSTOM_BF16,8000,Memory data volume [GBytes],3,0.0
SPR,BF16,CUSTOM_BF16,8000,Memory data volume [GBytes],4,0.0
SPR,BF16,CUSTOM_BF16,8000,Memory data volume [GBytes],5,0.0
SPR,BF16,CUSTOM_BF16,8000,Memory data volume [GBytes],6,0.0
SPR,BF16,CUSTOM_BF16,8000,Memory data volume [GBytes],7,0.0
SPR,BF16,CUSTOM_BF16,8000,Memory data volume [GBytes],8,0.0
SPR,BF16,CUSTOM_BF16,8000,Memory data volume [GBytes],9,0.0
SPR,BF16,CUSTOM_BF16,8000,Memory data volume [GBytes],10,0.0
SPR,BF16,CUSTOM_BF16,8000,Memory data volume [GBytes],11,0.0
SPR,BF16,CUSTOM_BF16,8000,Memory data volume [GBytes],12,0.0
SPR,BF16,CUSTOM_BF16,8000,Memory data volume [GBytes],13,0.0
SPR,BF16,CUSTOM_BF16,8000,Memory data volume [GBytes],14,0.0
SPR,BF16,CUSTOM_BF16,8000,Memory data volume [GBytes],15,0.0
SPR,BF16,CUSTOM_BF16,8000,Memory data volume [GBytes],16,0.0
SPR,BF16,CUSTOM_BF16,8000,Memory data volume [GBytes],17,0.0
SPR,BF16,CUSTOM_BF16,8000,Memory data volume [GBytes],18,0.0
SPR,BF16,CUSTOM_BF16,8000,Memory data volume [GBytes],19,0.0
SPR,BF16,CUSTOM_BF16,8000,Memory data volume [GBytes],20,0.0
SPR,BF16,CUSTOM_BF16,8000,Memory data volume [GBytes],21,0.0
SPR,BF16,CUSTOM_BF16,8000,Memory data volume [GBytes],22,0.0
SPR,BF16,CUSTOM_BF16,8000,Memory data volume [GBytes],23,0.0
SPR,BF16,CUSTOM_BF16,8000,Memory data volume [GBytes],24,0.0
SPR,BF16,CUSTOM_BF16,8000,Memory data volume [GBytes],25,0.0
SPR,BF16,CUSTOM_BF16,8000,Memory data volume [GBytes],26,0.0
SPR,BF16,CUSTOM_BF16,8000,Memory data volume [GBytes],27,0.0
SPR,BF16,CUSTOM_BF16,8000,Memory data volume [GBytes],28,0.0
SPR,BF16,CUSTOM_BF16,8000,Memory data volume [GBytes],29,0.0
SPR,BF16,CUSTOM_BF16,8000,Memory data volume [GBytes],30,0.0
SPR,BF16,CUSTOM_BF16,8000,Memory data volume [GBytes],31,0.0
SPR,BF16,CUSTOM_BF16,8000,Memory data volume [GBytes],32,0.0
SPR,BF16,CUSTOM_BF16,8000,Memory data volume [GBytes],33,0.0
SPR,BF16,CUSTOM_BF16,8000,Memory data volume [GBytes],34,0.0
SPR,BF16,CUSTOM_BF16,8000,Memory data volume [GBytes],35,0.0
SPR,BF16,CUSTOM_BF16,8000,Memory data volume [GBytes],36,0.0
SPR,BF16,CUSTOM_BF16,8000,Memory data volume [GBytes],37,0.0
SPR,BF16,CUSTOM_BF16,8000,Memory data volume [GBytes],38,0.0
SPR,BF16,CUSTOM_BF16,8000,Memory data volume [GBytes],39,0.0
SPR,BF16,CUSTOM_BF16,8000,Memory data volume [GBytes],40,0.0
SPR,BF16,CUSTOM_BF16,8000,Memory data volume [GBytes],41,0.0
SPR,BF16,CUSTOM_BF16,8000,Memory data volume [GBytes],42,0.0
SPR,BF16,CUSTOM_BF16,8000,Memory data volume [GBytes],43,0.0
SPR,BF16,CUSTOM_BF16,8000,Memory data volume [GBytes],44,0.0
SPR,BF16,CUSTOM_BF16,8000,Memory data volume [GBytes],45,0.0
SPR,BF16,CUSTOM_BF16,8000,Memory data volume [GBytes],46,0.0
SPR,BF16,CUSTOM_BF16,8000,Memory data volume [GBytes],47,0.0
SPR,BF16,CUSTOM_BF16,8000,Memory data volume [GBytes],48,0.0
SPR,BF16,CUSTOM_BF16,8000,Memory data volume [GBytes],49,0.0
SPR,BF16,CUSTOM_BF16,8000,Memory data volume [GBytes],50,0.0
SPR,BF16,CUSTOM_BF16,8000,Memory data volume [GBytes],51,0.0
SPR,BF16,CUSTOM_BF16,8000,Memory data volume [GBytes],52,0.009
SPR,BF16,CUSTOM_BF16,8000,Memory data volume [GBytes],53,0.0
SPR,BF16,CUSTOM_BF16,8000,Memory data volume [GBytes],54,0.0
SPR,BF16,CUSTOM_BF16,8000,Memory data volume [GBytes],55,0.0
SPR,BF16,CUSTOM_BF16,8000,Memory data volume [GBytes],56,0.0
SPR,BF16,CUSTOM_BF16,8000,Memory data volume [GBytes],57,0.0
SPR,BF16,CUSTOM_BF16,8000,Memory data volume [GBytes],58,0.0
SPR,BF16,CUSTOM_BF16,8000,Memory data volume [GBytes],59,0.0
SPR,BF16,CUSTOM_BF16,8000,Memory data volume [GBytes],60,0.0
SPR,BF16,CUSTOM_BF16,8000,Memory data volume [GBytes],61,0.0
SPR,BF16,CUSTOM_BF16,8000,Memory data volume [GBytes],62,0.0
SPR,BF16,CUSTOM_BF16,8000,Memory data volume [GBytes],63,0.0
SPR,BF16,CUSTOM_BF16,8000,Memory data volume [GBytes],64,0.0
SPR,BF16,CUSTOM_BF16,8000,Memory data volume [GBytes],65,0.0
SPR,BF16,CUSTOM_BF16,8000,Memory data volume [GBytes],66,0.0
SPR,BF16,CUSTOM_BF16,8000,Memory data volume [GBytes],67,0.0
SPR,BF16,CUSTOM_BF16,8000,Memory data volume [GBytes],68,0.0
SPR,BF16,CUSTOM_BF16,8000,Memory data volume [GBytes],69,0.0
SPR,BF16,CUSTOM_BF16,8000,Memory data volume [GBytes],70,0.0
SPR,BF16,CUSTOM_BF16,8000,Memory data volume [GBytes],71,0.0
SPR,BF16,CUSTOM_BF16,8000,Memory data volume [GBytes],72,0.0
SPR,BF16,CUSTOM_BF16,8000,Memory data volume [GBytes],73,0.0
SPR,BF16,CUSTOM_BF16,8000,Memory data volume [GBytes],74,0.0
SPR,BF16,CUSTOM_BF16,8000,Memory data volume [GBytes],75,0.0
SPR,BF16,CUSTOM_BF16,8000,Memory data volume [GBytes],76,0.0
SPR,BF16,CUSTOM_BF16,8000,Memory data volume [GBytes],77,0.0
SPR,BF16,CUSTOM_BF16,8000,Memory data volume [GBytes],78,0.0
SPR,BF16,CUSTOM_BF16,8000,Memory data volume [GBytes],79,0.0
SPR,BF16,CUSTOM_BF16,8000,Memory data volume [GBytes],80,0.0
SPR,BF16,CUSTOM_BF16,8000,Memory data volume [GBytes],81,0.0
SPR,BF16,CUSTOM_BF16,8000,Memory data volume [GBytes],82,0.0
SPR,BF16,CUSTOM_BF16,8000,Memory data volume [GBytes],83,0.0
SPR,BF16,CUSTOM_BF16,8000,Memory data volume [GBytes],84,0.0
SPR,BF16,CUSTOM_BF16,8000,Memory data volume [GBytes],85,0.0
SPR,BF16,CUSTOM_BF16,8000,Memory data volume [GBytes],86,0.0
SPR,BF16,CUSTOM_BF16,8000,Memory data volume [GBytes],87,0.0
SPR,BF16,CUSTOM_BF16,8000,Memory data volume [GBytes],88,0.0
SPR,BF16,CUSTOM_BF16,8000,Memory data volume [GBytes],89,0.0
SPR,BF16,CUSTOM_BF16,8000,Memory data volume [GBytes],90,0.0
SPR,BF16,CUSTOM_BF16,8000,Memory data volume [GBytes],91,0.0
SPR,BF16,CUSTOM_BF16,8000,Memory data volume [GBytes],92,0.0
SPR,BF16,CUSTOM_BF16,8000,Memory data volume [GBytes],93,0.0
SPR,BF16,CUSTOM_BF16,8000,Memory data volume [GBytes],94,0.0
SPR,BF16,CUSTOM_BF16,8000,Memory data volume [GBytes],95,0.0
SPR,BF16,CUSTOM_BF16,8000,Memory data volume [GBytes],96,0.0
SPR,BF16,CUSTOM_BF16,8000,Memory data volume [GBytes],97,0.0
SPR,BF16,CUSTOM_BF16,8000,Memory data volume [GBytes],98,0.0
SPR,BF16,CUSTOM_BF16,8000,Memory data volume [GBytes],99,0.0
SPR,BF16,CUSTOM_BF16,8000,Memory data volume [GBytes],100,0.0
SPR,BF16,CUSTOM_BF16,8000,Memory data volume [GBytes],101,0.0
SPR,BF16,CUSTOM_BF16,8000,Memory data volume [GBytes],102,0.0
SPR,BF16,CUSTOM_BF16,8000,Memory data volume [GBytes],103,0.0
SPR,FP32,CUSTOM,8000,Runtime (RDTSC) [s],0,1694.6185
SPR,FP32,CUSTOM,8000,Runtime (RDTSC) [s],1,1694.6185
SPR,FP32,CUSTOM,8000,Runtime (RDTSC) [s],2,1694.6185
SPR,FP32,CUSTOM,8000,Runtime (RDTSC) [s],3,1694.6185
SPR,FP32,CUSTOM,8000,Runtime (RDTSC) [s],4,1694.6185
SPR,FP32,CUSTOM,8000,Runtime (RDTSC) [s],5,1694.6185
SPR,FP32,CUSTOM,8000,Runtime (RDTSC) [s],6,1694.6185
SPR,FP32,CUSTOM,8000,Runtime (RDTSC) [s],7,1694.6185
SPR,FP32,CUSTOM,8000,Runtime (RDTSC) [s],8,1694.6185
SPR,FP32,CUSTOM,8000,Runtime (RDTSC) [s],9,1694.6185
SPR,FP32,CUSTOM,8000,Runtime (RDTSC) [s],10,1694.6185
SPR,FP32,CUSTOM,8000,Runtime (RDTSC) [s],11,1694.6185
SPR,FP32,CUSTOM,8000,Runtime (RDTSC) [s],12,1694.6185
SPR,FP32,CUSTOM,8000,Runtime (RDTSC) [s],13,1694.6185
SPR,FP32,CUSTOM,8000,Runtime (RDTSC) [s],14,1694.6185
SPR,FP32,CUSTOM,8000,Runtime (RDTSC) [s],15,1694.6185
SPR,FP32,CUSTOM,8000,Runtime (RDTSC) [s],16,1694.6185
SPR,FP32,CUSTOM,8000,Runtime (RDTSC) [s],17,1694.6185
SPR,FP32,CUSTOM,8000,Runtime (RDTSC) [s],18,1694.6185
SPR,FP32,CUSTOM,8000,Runtime (RDTSC) [s],19,1694.6185
SPR,FP32,CUSTOM,8000,Runtime (RDTSC) [s],20,1694.6185
SPR,FP32,CUSTOM,8000,Runtime (RDTSC) [s],21,1694.6185
SPR,FP32,CUSTOM,8000,Runtime (RDTSC) [s],22,1694.6185
SPR,FP32,CUSTOM,8000,Runtime (RDTSC) [s],23,1694.6185
SPR,FP32,CUSTOM,8000,Runtime (RDTSC) [s],24,1694.6185
SPR,FP32,CUSTOM,8000,Runtime (RDTSC) [s],25,1694.6185
SPR,FP32,CUSTOM,8000,Runtime (RDTSC) [s],26,1694.6185
SPR,FP32,CUSTOM,8000,Runtime (RDTSC) [s],27,1694.6185
SPR,FP32,CUSTOM,8000,Runtime (RDTSC) [s],28,1694.6185
SPR,FP32,CUSTOM,8000,Runtime (RDTSC) [s],29,1694.6185
SPR,FP32,CUSTOM,8000,Runtime (RDTSC) [s],30,1694.6185
SPR,FP32,CUSTOM,8000,Runtime (RDTSC) [s],31,1694.6185
SPR,FP32,CUSTOM,8000,Runtime (RDTSC) [s],32,1694.6185
SPR,FP32,CUSTOM,8000,Runtime (RDTSC) [s],33,1694.6185
SPR,FP32,CUSTOM,8000,Runtime (RDTSC) [s],34,1694.6185
SPR,FP32,CUSTOM,8000,Runtime (RDTSC) [s],35,1694.6185
SPR,FP32,CUSTOM,8000,Runtime (RDTSC) [s],36,1694.6185
SPR,FP32,CUSTOM,8000,Runtime (RDTSC) [s],37,1694.6185
SPR,FP32,CUSTOM,8000,Runtime (RDTSC) [s],38,1694.6185
SPR,FP32,CUSTOM,8000,Runtime (RDTSC) [s],39,1694.6185
SPR,FP32,CUSTOM,8000,Runtime (RDTSC) [s],40,1694.6185
SPR,FP32,CUSTOM,8000,Runtime (RDTSC) [s],41,1694.6185
SPR,FP32,CUSTOM,8000,Runtime (RDTSC) [s],42,1694.6185
SPR,FP32,CUSTOM,8000,Runtime (RDTSC) [s],43,1694.6185
SPR,FP32,CUSTOM,8000,Runtime (RDTSC) [s],44,1694.6185
SPR,FP32,CUSTOM,8000,Runtime (RDTSC) [s],45,1694.6185
SPR,FP32,CUSTOM,8000,Runtime (RDTSC) [s],46,1694.6185
SPR,FP32,CUSTOM,8000,Runtime (RDTSC) [s],47,1694.6185
SPR,FP32,CUSTOM,8000,Runtime (RDTSC) [s],48,1694.6185
SPR,FP32,CUSTOM,8000,Runtime (RDTSC) [s],49,1694.6185
SPR,FP32,CUSTOM,8000,Runtime (RDTSC) [s],50,1694.6185
SPR,FP32,CUSTOM,8000,Runtime (RDTSC) [s],51,1694.6185
SPR,FP32,CUSTOM,8000,Runtime (RDTSC) [s],52,1694.6185
SPR,FP32,CUSTOM,8000,Runtime (RDTSC) [s],53,1694.6185
SPR,FP32,CUSTOM,8000,Runtime (RDTSC) [s],54,1694.6185
SPR,FP32,CUSTOM,8000,Runtime (RDTSC) [s],55,1694.6185
SPR,FP32,CUSTOM,8000,Runtime (RDTSC) [s],56,1694.6185
SPR,FP32,CUSTOM,8000,Runtime (RDTSC) [s],57,1694.6185
SPR,FP32,CUSTOM,8000,Runtime (RDTSC) [s],58,1694.6185
SPR,FP32,CUSTOM,8000,Runtime (RDTSC) [s],59,1694.6185
SPR,FP32,CUSTOM,8000,Runtime (RDTSC) [s],60,1694.6185
SPR,FP32,CUSTOM,8000,Runtime (RDTSC) [s],61,1694.6185
SPR,FP32,CUSTOM,8000,Runtime (RDTSC) [s],62,1694.6185
SPR,FP32,CUSTOM,8000,Runtime (RDTSC) [s],63,1694.6185
SPR,FP32,CUSTOM,8000,Runtime (RDTSC) [s],64,1694.6185
SPR,FP32,CUSTOM,8000,Runtime (RDTSC) [s],65,1694.6185
SPR,FP32,CUSTOM,8000,Runtime (RDTSC) [s],66,1694.6185
SPR,FP32,CUSTOM,8000,Runtime (RDTSC) [s],67,1694.6185
SPR,FP32,CUSTOM,8000,Runtime (RDTSC) [s],68,1694.6185
SPR,FP32,CUSTOM,8000,Runtime (RDTSC) [s],69,1694.6185
SPR,FP32,CUSTOM,8000,Runtime (RDTSC) [s],70,1694.6185
SPR,FP32,CUSTOM,8000,Runtime (RDTSC) [s],71,1694.6185
SPR,FP32,CUSTOM,8000,Runtime (RDTSC) [s],72,1694.6185
SPR,FP32,CUSTOM,8000,Runtime (RDTSC) [s],73,1694.6185
SPR,FP32,CUSTOM,8000,Runtime (RDTSC) [s],74,1694.6185
SPR,FP32,CUSTOM,8000,Runtime (RDTSC) [s],75,1694.6185
SPR,FP32,CUSTOM,8000,Runtime (RDTSC) [s],76,1694.6185
SPR,FP32,CUSTOM,8000,Runtime (RDTSC) [s],77,1694.6185
SPR,FP32,CUSTOM,8000,Runtime (RDTSC) [s],78,1694.6185
SPR,FP32,CUSTOM,8000,Runtime (RDTSC) [s],79,1694.6185
SPR,FP32,CUSTOM,8000,Runtime (RDTSC) [s],80,1694.6185
SPR,FP32,CUSTOM,8000,Runtime (RDTSC) [s],81,1694.6185
SPR,FP32,CUSTOM,8000,Runtime (RDTSC) [s],82,1694.6185
SPR,FP32,CUSTOM,8000,Runtime (RDTSC) [s],83,1694.6185
SPR,FP32,CUSTOM,8000,Runtime (RDTSC) [s],84,1694.6185
SPR,FP32,CUSTOM,8000,Runtime (RDTSC) [s],85,1694.6185
SPR,FP32,CUSTOM,8000,Runtime (RDTSC) [s],86,1694.6185
SPR,FP32,CUSTOM,8000,Runtime (RDTSC) [s],87,1694.6185
SPR,FP32,CUSTOM,8000,Runtime (RDTSC) [s],88,1694.6185
SPR,FP32,CUSTOM,8000,Runtime (RDTSC) [s],89,1694.6185
SPR,FP32,CUSTOM,8000,Runtime (RDTSC) [s],90,1694.6185
SPR,FP32,CUSTOM,8000,Runtime (RDTSC) [s],91,1694.6185
SPR,FP32,CUSTOM,8000,Runtime (RDTSC) [s],92,1694.6185
SPR,FP32,CUSTOM,8000,Runtime (RDTSC) [s],93,1694.6185
SPR,FP32,CUSTOM,8000,Runtime (RDTSC) [s],94,1694.6185
SPR,FP32,CUSTOM,8000,Runtime (RDTSC) [s],95,1694.6185
SPR,FP32,CUSTOM,8000,Runtime (RDTSC) [s],96,1694.6185
SPR,FP32,CUSTOM,8000,Runtime (RDTSC) [s],97,1694.6185
SPR,FP32,CUSTOM,8000,Runtime (RDTSC) [s],98,1694.6185
SPR,FP32,CUSTOM,8000,Runtime (RDTSC) [s],99,1694.6185
SPR,FP32,CUSTOM,8000,Runtime (RDTSC) [s],100,1694.6185
SPR,FP32,CUSTOM,8000,Runtime (RDTSC) [s],101,1694.6185
SPR,FP32,CUSTOM,8000,Runtime (RDTSC) [s],102,1694.6185
SPR,FP32,CUSTOM,8000,Runtime (RDTSC) [s],103,1694.6185
SPR,FP32,CUSTOM,8000,Runtime unhalted [s],0,2445.4747
SPR,FP32,CUSTOM,8000,Runtime unhalted [s],1,2446.3137
SPR,FP32,CUSTOM,8000,Runtime unhalted [s],2,2446.2297
SPR,FP32,CUSTOM,8000,Runtime unhalted [s],3,2449.9945
SPR,FP32,CUSTOM,8000,Runtime unhalted [s],4,2440.5786
SPR,FP32,CUSTOM,8000,Runtime unhalted [s],5,2443.1193
SPR,FP32,CUSTOM,8000,Runtime unhalted [s],6,2443.9373
SPR,FP32,CUSTOM,8000,Runtime unhalted [s],7,2442.7535
SPR,FP32,CUSTOM,8000,Runtime unhalted [s],8,2449.3109
SPR,FP32,CUSTOM,8000,Runtime unhalted [s],9,2445.5401
SPR,FP32,CUSTOM,8000,Runtime unhalted [s],10,2442.4216
SPR,FP32,CUSTOM,8000,Runtime unhalted [s],11,2452.7093
SPR,FP32,CUSTOM,8000,Runtime unhalted [s],12,2456.6728
SPR,FP32,CUSTOM,8000,Runtime unhalted [s],13,2445.4525
SPR,FP32,CUSTOM,8000,Runtime unhalted [s],14,2448.5813
SPR,FP32,CUSTOM,8000,Runtime unhalted [s],15,2453.0708
SPR,FP32,CUSTOM,8000,Runtime unhalted [s],16,2453.8058
SPR,FP32,CUSTOM,8000,Runtime unhalted [s],17,2456.1003
SPR,FP32,CUSTOM,8000,Runtime unhalted [s],18,2456.5944
SPR,FP32,CUSTOM,8000,Runtime unhalted [s],19,2447.5961
SPR,FP32,CUSTOM,8000,Runtime unhalted [s],20,2454.1029
SPR,FP32,CUSTOM,8000,Runtime unhalted [s],21,2455.9073
SPR,FP32,CUSTOM,8000,Runtime unhalted [s],22,2443.0858
SPR,FP32,CUSTOM,8000,Runtime unhalted [s],23,2444.5917
SPR,FP32,CUSTOM,8000,Runtime unhalted [s],24,2448.0874
SPR,FP32,CUSTOM,8000,Runtime unhalted [s],25,2454.4266
SPR,FP32,CUSTOM,8000,Runtime unhalted [s],26,2446.4541
SPR,FP32,CUSTOM,8000,Runtime unhalted [s],27,2440.0341
SPR,FP32,CUSTOM,8000,Runtime unhalted [s],28,2454.5551
SPR,FP32,CUSTOM,8000,Runtime unhalted [s],29,2449.013
SPR,FP32,CUSTOM,8000,Runtime unhalted [s],30,2447.6196
SPR,FP32,CUSTOM,8000,Runtime unhalted [s],31,2455.6339
SPR,FP32,CUSTOM,8000,Runtime unhalted [s],32,2456.305
SPR,FP32,CUSTOM,8000,Runtime unhalted [s],33,2447.5646
SPR,FP32,CUSTOM,8000,Runtime unhalted [s],34,2444.6795
SPR,FP32,CUSTOM,8000,Runtime unhalted [s],35,2454.2224
SPR,FP32,CUSTOM,8000,Runtime unhalted [s],36,2451.7264
SPR,FP32,CUSTOM,8000,Runtime unhalted [s],37,2447.9458
SPR,FP32,CUSTOM,8000,Runtime unhalted [s],38,2442.1866
SPR,FP32,CUSTOM,8000,Runtime unhalted [s],39,2452.4008
SPR,FP32,CUSTOM,8000,Runtime unhalted [s],40,2447.2802
SPR,FP32,CUSTOM,8000,Runtime unhalted [s],41,2451.151
SPR,FP32,CUSTOM,8000,Runtime unhalted [s],42,2446.5664
SPR,FP32,CUSTOM,8000,Runtime unhalted [s],43,2452.4474
SPR,FP32,CUSTOM,8000,Runtime unhalted [s],44,2450.2835
SPR,FP32,CUSTOM,8000,Runtime unhalted [s],45,2449.4244
SPR,FP32,CUSTOM,8000,Runtime unhalted [s],46,2448.0063
SPR,FP32,CUSTOM,8000,Runtime unhalted [s],47,2452.845
SPR,FP32,CUSTOM,8000,Runtime unhalted [s],48,2448.0633
SPR,FP32,CUSTOM,8000,Runtime unhalted [s],49,2453.3062
SPR,FP32,CUSTOM,8000,Runtime unhalted [s],50,2458.2793
SPR,FP32,CUSTOM,8000,Runtime unhalted [s],51,2450.04
SPR,FP32,CUSTOM,8000,Runtime unhalted [s],52,2444.2593
SPR,FP32,CUSTOM,8000,Runtime unhalted [s],53,2447.7631
SPR,FP32,CUSTOM,8000,Runtime unhalted [s],54,2447.0434
SPR,FP32,CUSTOM,8000,Runtime unhalted [s],55,2451.4019
SPR,FP32,CUSTOM,8000,Runtime unhalted [s],56,2452.3682
SPR,FP32,CUSTOM,8000,Runtime unhalted [s],57,2454.8473
SPR,FP32,CUSTOM,8000,Runtime unhalted [s],58,2430.8064
SPR,FP32,CUSTOM,8000,Runtime unhalted [s],59,2445.9682
SPR,FP32,CUSTOM,8000,Runtime unhalted [s],60,2450.7004
SPR,FP32,CUSTOM,8000,Runtime unhalted [s],61,2433.5462
SPR,FP32,CUSTOM,8000,Runtime unhalted [s],62,2440.9357
SPR,FP32,CUSTOM,8000,Runtime unhalted [s],63,2443.3398
SPR,FP32,CUSTOM,8000,Runtime unhalted [s],64,2452.2853
SPR,FP32,CUSTOM,8000,Runtime unhalted [s],65,2433.4211
SPR,FP32,CUSTOM,8000,Runtime unhalted [s],66,2442.0645
SPR,FP32,CUSTOM,8000,Runtime unhalted [s],67,2445.2867
SPR,FP32,CUSTOM,8000,Runtime unhalted [s],68,2449.7447
SPR,FP32,CUSTOM,8000,Runtime unhalted [s],69,2436.2508
SPR,FP32,CUSTOM,8000,Runtime unhalted [s],70,2441.5784
SPR,FP32,CUSTOM,8000,Runtime unhalted [s],71,2448.584
SPR,FP32,CUSTOM,8000,Runtime unhalted [s],72,2446.2338
SPR,FP32,CUSTOM,8000,Runtime unhalted [s],73,2442.3355
SPR,FP32,CUSTOM,8000,Runtime unhalted [s],74,2444.0126
SPR,FP32,CUSTOM,8000,Runtime unhalted [s],75,2432.3993
SPR,FP32,CUSTOM,8000,Runtime unhalted [s],76,2440.769
SPR,FP32,CUSTOM,8000,Runtime unhalted [s],77,2444.1365
SPR,FP32,CUSTOM,8000,Runtime unhalted [s],78,2441.2841
SPR,FP32,CUSTOM,8000,Runtime unhalted [s],79,2437.8909
SPR,FP32,CUSTOM,8000,Runtime unhalted [s],80,2433.0501
SPR,FP32,CUSTOM,8000,Runtime unhalted [s],81,2437.3298
SPR,FP32,CUSTOM,8000,Runtime unhalted [s],82,2450.6478
SPR,FP32,CUSTOM,8000,Runtime unhalted [s],83,2435.765
SPR,FP32,CUSTOM,8000,Runtime unhalted [s],84,2425.8204
SPR,FP32,CUSTOM,8000,Runtime unhalted [s],85,2438.9091
SPR,FP32,CUSTOM,8000,Runtime unhalted [s],86,2432.9317
SPR,FP32,CUSTOM,8000,Runtime unhalted [s],87,2426.1197
SPR,FP32,CUSTOM,8000,Runtime unhalted [s],88,2434.7261
SPR,FP32,CUSTOM,8000,Runtime unhalted [s],89,2437.3558
SPR,FP32,CUSTOM,8000,Runtime unhalted [s],90,2412.1436
SPR,FP32,CUSTOM,8000,Runtime unhalted [s],91,2429.2666
SPR,FP32,CUSTOM,8000,Runtime unhalted [s],92,2424.9462
SPR,FP32,CUSTOM,8000,Runtime unhalted [s],93,2421.9887
SPR,FP32,CUSTOM,8000,Runtime unhalted [s],94,2427.4013
SPR,FP32,CUSTOM,8000,Runtime unhalted [s],95,2435.5731
SPR,FP32,CUSTOM,8000,Runtime unhalted [s],96,2423.7401
SPR,FP32,CUSTOM,8000,Runtime unhalted [s],97,2419.0395
SPR,FP32,CUSTOM,8000,Runtime unhalted [s],98,2427.2362
SPR,FP32,CUSTOM,8000,Runtime unhalted [s],99,2427.6442
SPR,FP32,CUSTOM,8000,Runtime unhalted [s],100,2422.8179
SPR,FP32,CUSTOM,8000,Runtime unhalted [s],101,2426.1032
SPR,FP32,CUSTOM,8000,Runtime unhalted [s],102,2423.0911
SPR,FP32,CUSTOM,8000,Runtime unhalted [s],103,2423.0259
SPR,FP32,CUSTOM,8000,Clock [MHz],0,2949.7625
SPR,FP32,CUSTOM,8000,Clock [MHz],1,2949.418
SPR,FP32,CUSTOM,8000,Clock [MHz],2,2949.2005
SPR,FP32,CUSTOM,8000,Clock [MHz],3,2949.2735
SPR,FP32,CUSTOM,8000,Clock [MHz],4,2948.98
SPR,FP32,CUSTOM,8000,Clock [MHz],5,2949.4272
SPR,FP32,CUSTOM,8000,Clock [MHz],6,2948.7543
SPR,FP32,CUSTOM,8000,Clock [MHz],7,2948.8503
SPR,FP32,CUSTOM,8000,Clock [MHz],8,2949.4454
SPR,FP32,CUSTOM,8000,Clock [MHz],9,2949.1757
SPR,FP32,CUSTOM,8000,Clock [MHz],10,2948.7893
SPR,FP32,CUSTOM,8000,Clock [MHz],11,2950.7907
SPR,FP32,CUSTOM,8000,Clock [MHz],12,2950.5144
SPR,FP32,CUSTOM,8000,Clock [MHz],13,2949.3855
SPR,FP32,CUSTOM,8000,Clock [MHz],14,2949.7185
SPR,FP32,CUSTOM,8000,Clock [MHz],15,2950.9825
SPR,FP32,CUSTOM,8000,Clock [MHz],16,2950.1664
SPR,FP32,CUSTOM,8000,Clock [MHz],17,2951.4076
SPR,FP32,CUSTOM,8000,Clock [MHz],18,2951.058
SPR,FP32,CUSTOM,8000,Clock [MHz],19,2949.6785
SPR,FP32,CUSTOM,8000,Clock [MHz],20,2950.8478
SPR,FP32,CUSTOM,8000,Clock [MHz],21,2950.4059
SPR,FP32,CUSTOM,8000,Clock [MHz],22,2949.3357
SPR,FP32,CUSTOM,8000,Clock [MHz],23,2949.6137
SPR,FP32,CUSTOM,8000,Clock [MHz],24,2949.6742
SPR,FP32,CUSTOM,8000,Clock [MHz],25,2950.0459
SPR,FP32,CUSTOM,8000,Clock [MHz],26,2949.9744
SPR,FP32,CUSTOM,8000,Clock [MHz],27,2949.1404
SPR,FP32,CUSTOM,8000,Clock [MHz],28,2950.8716
SPR,FP32,CUSTOM,8000,Clock [MHz],29,2950.1847
SPR,FP32,CUSTOM,8000,Clock [MHz],30,2949.8276
SPR,FP32,CUSTOM,8000,Clock [MHz],31,2950.996
SPR,FP32,CUSTOM,8000,Clock [MHz],32,2951.1249
SPR,FP32,CUSTOM,8000,Clock [MHz],33,2949.7863
SPR,FP32,CUSTOM,8000,Clock [MHz],34,2949.6275
SPR,FP32,CUSTOM,8000,Clock [MHz],35,2950.3132
SPR,FP32,CUSTOM,8000,Clock [MHz],36,2950.5287
SPR,FP32,CUSTOM,8000,Clock [MHz],37,2949.7077
SPR,FP32,CUSTOM,8000,Clock [MHz],38,2949.3257
SPR,FP32,CUSTOM,8000,Clock [MHz],39,2950.9709
SPR,FP32,CUSTOM,8000,Clock [MHz],40,2951.2012
SPR,FP32,CUSTOM,8000,Clock [MHz],41,2950.1355
SPR,FP32,CUSTOM,8000,Clock [MHz],42,2949.5367
SPR,FP32,CUSTOM,8000,Clock [MHz],43,2950.9986
SPR,FP32,CUSTOM,8000,Clock [MHz],44,2950.919
SPR,FP32,CUSTOM,8000,Clock [MHz],45,2950.3015
SPR,FP32,CUSTOM,8000,Clock [MHz],46,2949.9701
SPR,FP32,CUSTOM,8000,Clock [MHz],47,2951.2183
SPR,FP32,CUSTOM,8000,Clock [MHz],48,2950.049
SPR,FP32,CUSTOM,8000,Clock [MHz],49,2951.1558
SPR,FP32,CUSTOM,8000,Clock [MHz],50,2951.448
SPR,FP32,CUSTOM,8000,Clock [MHz],51,2949.3346
SPR,FP32,CUSTOM,8000,Clock [MHz],52,2965.3433
SPR,FP32,CUSTOM,8000,Clock [MHz],53,2965.3646
SPR,FP32,CUSTOM,8000,Clock [MHz],54,2965.8175
SPR,FP32,CUSTOM,8000,Clock [MHz],55,2966.1877
SPR,FP32,CUSTOM,8000,Clock [MHz],56,2966.4768
SPR,FP32,CUSTOM,8000,Clock [MHz],57,2967.5748
SPR,FP32,CUSTOM,8000,Clock [MHz],58,2961.9726
SPR,FP32,CUSTOM,8000,Clock [MHz],59,2965.1717
SPR,FP32,CUSTOM,8000,Clock [MHz],60,2965.8386
SPR,FP32,CUSTOM,8000,Clock [MHz],61,2962.3475
SPR,FP32,CUSTOM,8000,Clock [MHz],62,2963.8304
SPR,FP32,CUSTOM,8000,Clock [MHz],63,2965.5017
SPR,FP32,CUSTOM,8000,Clock [MHz],64,2966.374
SPR,FP32,CUSTOM,8000,Clock [MHz],65,2963.0376
SPR,FP32,CUSTOM,8000,Clock [MHz],66,2964.0812
SPR,FP32,CUSTOM,8000,Clock [MHz],67,2965.0424
SPR,FP32,CUSTOM,8000,Clock [MHz],68,2965.8539
SPR,FP32,CUSTOM,8000,Clock [MHz],69,2963.8137
SPR,FP32,CUSTOM,8000,Clock [MHz],70,2964.3243
SPR,FP32,CUSTOM,8000,Clock [MHz],71,2965.4768
SPR,FP32,CUSTOM,8000,Clock [MHz],72,2965.1137
SPR,FP32,CUSTOM,8000,Clock [MHz],73,2964.4705
SPR,FP32,CUSTOM,8000,Clock [MHz],74,2964.8814
SPR,FP32,CUSTOM,8000,Clock [MHz],75,2962.6099
SPR,FP32,CUSTOM,8000,Clock [MHz],76,2964.1434
SPR,FP32,CUSTOM,8000,Clock [MHz],77,2964.3686
SPR,FP32,CUSTOM,8000,Clock [MHz],78,2963.813
SPR,FP32,CUSTOM,8000,Clock [MHz],79,2963.6111
SPR,FP32,CUSTOM,8000,Clock [MHz],80,2962.7514
SPR,FP32,CUSTOM,8000,Clock [MHz],81,2963.6112
SPR,FP32,CUSTOM,8000,Clock [MHz],82,2966.2414
SPR,FP32,CUSTOM,8000,Clock [MHz],83,2963.6626
SPR,FP32,CUSTOM,8000,Clock [MHz],84,2961.8477
SPR,FP32,CUSTOM,8000,Clock [MHz],85,2963.5361
SPR,FP32,CUSTOM,8000,Clock [MHz],86,2963.1436
SPR,FP32,CUSTOM,8000,Clock [MHz],87,2961.343
SPR,FP32,CUSTOM,8000,Clock [MHz],88,2963.1853
SPR,FP32,CUSTOM,8000,Clock [MHz],89,2963.6196
SPR,FP32,CUSTOM,8000,Clock [MHz],90,2963.7848
SPR,FP32,CUSTOM,8000,Clock [MHz],91,2961.0148
SPR,FP32,CUSTOM,8000,Clock [MHz],92,2961.5971
SPR,FP32,CUSTOM,8000,Clock [MHz],93,2960.7211
SPR,FP32,CUSTOM,8000,Clock [MHz],94,2961.4422
SPR,FP32,CUSTOM,8000,Clock [MHz],95,2961.9285
SPR,FP32,CUSTOM,8000,Clock [MHz],96,2960.1202
SPR,FP32,CUSTOM,8000,Clock [MHz],97,2960.958
SPR,FP32,CUSTOM,8000,Clock [MHz],98,2961.7362
SPR,FP32,CUSTOM,8000,Clock [MHz],99,2961.7797
SPR,FP32,CUSTOM,8000,Clock [MHz],100,2961.127
SPR,FP32,CUSTOM,8000,Clock [MHz],101,2961.1325
SPR,FP32,CUSTOM,8000,Clock [MHz],102,2961.281
SPR,FP32,CUSTOM,8000,Clock [MHz],103,2961.1224
SPR,FP32,CUSTOM,8000,CPI,0,1.2382
SPR,FP32,CUSTOM,8000,CPI,1,1.2151
SPR,FP32,CUSTOM,8000,CPI,2,1.211
SPR,FP32,CUSTOM,8000,CPI,3,1.2176
SPR,FP32,CUSTOM,8000,CPI,4,1.215
SPR,FP32,CUSTOM,8000,CPI,5,1.2199
SPR,FP32,CUSTOM,8000,CPI,6,1.2139
SPR,FP32,CUSTOM,8000,CPI,7,1.2127
SPR,FP32,CUSTOM,8000,CPI,8,1.2106
SPR,FP32,CUSTOM,8000,CPI,9,1.2161
SPR,FP32,CUSTOM,8000,CPI,10,1.215
SPR,FP32,CUSTOM,8000,CPI,11,1.223
SPR,FP32,CUSTOM,8000,CPI,12,1.2427
SPR,FP32,CUSTOM,8000,CPI,13,1.2367
SPR,FP32,CUSTOM,8000,CPI,14,1.2366
SPR,FP32,CUSTOM,8000,CPI,15,1.2467
SPR,FP32,CUSTOM,8000,CPI,16,1.2347
SPR,FP32,CUSTOM,8000,CPI,17,1.2491
SPR,FP32,CUSTOM,8000,CPI,18,1.2433
SPR,FP32,CUSTOM,8000,CPI,19,1.2354
SPR,FP32,CUSTOM,8000,CPI,20,1.247
SPR,FP32,CUSTOM,8000,CPI,21,1.2413
SPR,FP32,CUSTOM,8000,CPI,22,1.232
SPR,FP32,CUSTOM,8000,CPI,23,1.2427
SPR,FP32,CUSTOM,8000,CPI,24,1.2383
SPR,FP32,CUSTOM,8000,CPI,25,1.2384
SPR,FP32,CUSTOM,8000,CPI,26,1.2333
SPR,FP32,CUSTOM,8000,CPI,27,1.2353
SPR,FP32,CUSTOM,8000,CPI,28,1.2452
SPR,FP32,CUSTOM,8000,CPI,29,1.2376
SPR,FP32,CUSTOM,8000,CPI,30,1.2379
SPR,FP32,CUSTOM,8000,CPI,31,1.2412
SPR,FP32,CUSTOM,8000,CPI,32,1.2377
SPR,FP32,CUSTOM,8000,CPI,33,1.2352
SPR,FP32,CUSTOM,8000,CPI,34,1.2429
SPR,FP32,CUSTOM,8000,CPI,35,1.2399
SPR,FP32,CUSTOM,8000,CPI,36,1.2377
SPR,FP32,CUSTOM,8000,CPI,37,1.2369
SPR,FP32,CUSTOM,8000,CPI,38,1.2384
SPR,FP32,CUSTOM,8000,CPI,39,1.238
SPR,FP32,CUSTOM,8000,CPI,40,1.2483
SPR,FP32,CUSTOM,8000,CPI,41,1.2393
SPR,FP32,CUSTOM,8000,CPI,42,1.2345
SPR,FP32,CUSTOM,8000,CPI,43,1.2416
SPR,FP32,CUSTOM,8000,CPI,44,1.2384
SPR,FP32,CUSTOM,8000,CPI,45,1.2388
SPR,FP32,CUSTOM,8000,CPI,46,1.2455
SPR,FP32,CUSTOM,8000,CPI,47,1.2386
SPR,FP32,CUSTOM,8000,CPI,48,1.239
SPR,FP32,CUSTOM,8000,CPI,49,1.2447
SPR,FP32,CUSTOM,8000,CPI,50,1.2394
SPR,FP32,CUSTOM,8000,CPI,51,1.2411
SPR,FP32,CUSTOM,8000,CPI,52,1.2448
SPR,FP32,CUSTOM,8000,CPI,53,1.2327
SPR,FP32,CUSTOM,8000,CPI,54,1.2388
SPR,FP32,CUSTOM,8000,CPI,55,1.2395
SPR,FP32,CUSTOM,8000,CPI,56,1.2338
SPR,FP32,CUSTOM,8000,CPI,57,1.2456
SPR,FP32,CUSTOM,8000,CPI,58,1.2317
SPR,FP32,CUSTOM,8000,CPI,59,1.2352
SPR,FP32,CUSTOM,8000,CPI,60,1.2397
SPR,FP32,CUSTOM,8000,CPI,61,1.227
SPR,FP32,CUSTOM,8000,CPI,62,1.2332
SPR,FP32,CUSTOM,8000,CPI,63,1.2471
SPR,FP32,CUSTOM,8000,CPI,64,1.2398
SPR,FP32,CUSTOM,8000,CPI,65,1.2364
SPR,FP32,CUSTOM,8000,CPI,66,1.2368
SPR,FP32,CUSTOM,8000,CPI,67,1.2383
SPR,FP32,CUSTOM,8000,CPI,68,1.2412
SPR,FP32,CUSTOM,8000,CPI,69,1.2423
SPR,FP32,CUSTOM,8000,CPI,70,1.2357
SPR,FP32,CUSTOM,8000,CPI,71,1.2391
SPR,FP32,CUSTOM,8000,CPI,72,1.2387
SPR,FP32,CUSTOM,8000,CPI,73,1.239
SPR,FP32,CUSTOM,8000,CPI,74,1.2393
SPR,FP32,CUSTOM,8000,CPI,75,1.2379
SPR,FP32,CUSTOM,8000,CPI,76,1.2396
SPR,FP32,CUSTOM,8000,CPI,77,1.2366
SPR,FP32,CUSTOM,8000,CPI,78,1.2349
SPR,FP32,CUSTOM,8000,CPI,79,1.2387
SPR,FP32,CUSTOM,8000,CPI,80,1.2391
SPR,FP32,CUSTOM,8000,CPI,81,1.2329
SPR,FP32,CUSTOM,8000,CPI,82,1.2431
SPR,FP32,CUSTOM,8000,CPI,83,1.2437
SPR,FP32,CUSTOM,8000,CPI,84,1.23
SPR,FP32,CUSTOM,8000,CPI,85,1.2401
SPR,FP32,CUSTOM,8000,CPI,86,1.244
SPR,FP32,CUSTOM,8000,CPI,87,1.2284
SPR,FP32,CUSTOM,8000,CPI,88,1.2425
SPR,FP32,CUSTOM,8000,CPI,89,1.2376
SPR,FP32,CUSTOM,8000,CPI,90,1.2429
SPR,FP32,CUSTOM,8000,CPI,91,1.2138
SPR,FP32,CUSTOM,8000,CPI,92,1.2124
SPR,FP32,CUSTOM,8000,CPI,93,1.2103
SPR,FP32,CUSTOM,8000,CPI,94,1.2119
SPR,FP32,CUSTOM,8000,CPI,95,1.2094
SPR,FP32,CUSTOM,8000,CPI,96,1.2059
SPR,FP32,CUSTOM,8000,CPI,97,1.2052
SPR,FP32,CUSTOM,8000,CPI,98,1.2152
SPR,FP32,CUSTOM,8000,CPI,99,1.2111
SPR,FP32,CUSTOM,8000,CPI,100,1.2069
SPR,FP32,CUSTOM,8000,CPI,101,1.2037
SPR,FP32,CUSTOM,8000,CPI,102,1.2063
SPR,FP32,CUSTOM,8000,CPI,103,1.2097
SPR,FP32,CUSTOM,8000,SP [MFLOP/s],0,2988.677
SPR,FP32,CUSTOM,8000,SP [MFLOP/s],1,2667.4692
SPR,FP32,CUSTOM,8000,SP [MFLOP/s],2,2667.0338
SPR,FP32,CUSTOM,8000,SP [MFLOP/s],3,2659.6018
SPR,FP32,CUSTOM,8000,SP [MFLOP/s],4,2657.7985
SPR,FP32,CUSTOM,8000,SP [MFLOP/s],5,2651.1255
SPR,FP32,CUSTOM,8000,SP [MFLOP/s],6,2653.5548
SPR,FP32,CUSTOM,8000,SP [MFLOP/s],7,2655.0146
SPR,FP32,CUSTOM,8000,SP [MFLOP/s],8,2659.0922
SPR,FP32,CUSTOM,8000,SP [MFLOP/s],9,2651.6686
SPR,FP32,CUSTOM,8000,SP [MFLOP/s],10,2651.5451
SPR,FP32,CUSTOM,8000,SP [MFLOP/s],11,2641.0533
SPR,FP32,CUSTOM,8000,SP [MFLOP/s],12,2666.9637
SPR,FP32,CUSTOM,8000,SP [MFLOP/s],13,2663.3016
SPR,FP32,CUSTOM,8000,SP [MFLOP/s],14,2667.1407
SPR,FP32,CUSTOM,8000,SP [MFLOP/s],15,2655.4614
SPR,FP32,CUSTOM,8000,SP [MFLOP/s],16,2664.8199
SPR,FP32,CUSTOM,8000,SP [MFLOP/s],17,2656.3852
SPR,FP32,CUSTOM,8000,SP [MFLOP/s],18,2654.7929
SPR,FP32,CUSTOM,8000,SP [MFLOP/s],19,2655.5468
SPR,FP32,CUSTOM,8000,SP [MFLOP/s],20,2650.461
SPR,FP32,CUSTOM,8000,SP [MFLOP/s],21,2654.8573
SPR,FP32,CUSTOM,8000,SP [MFLOP/s],22,2657.0987
SPR,FP32,CUSTOM,8000,SP [MFLOP/s],23,2648.2647
SPR,FP32,CUSTOM,8000,SP [MFLOP/s],24,2645.1215
SPR,FP32,CUSTOM,8000,SP [MFLOP/s],25,2669.8398
SPR,FP32,CUSTOM,8000,SP [MFLOP/s],26,2666.7679
SPR,FP32,CUSTOM,8000,SP [MFLOP/s],27,2662.5105
SPR,FP32,CUSTOM,8000,SP [MFLOP/s],28,2662.1299
SPR,FP32,CUSTOM,8000,SP [MFLOP/s],29,2657.5581
SPR,FP32,CUSTOM,8000,SP [MFLOP/s],30,2661.5032
SPR,FP32,CUSTOM,8000,SP [MFLOP/s],31,2651.5824
SPR,FP32,CUSTOM,8000,SP [MFLOP/s],32,2656.721
SPR,FP32,CUSTOM,8000,SP [MFLOP/s],33,2656.1911
SPR,FP32,CUSTOM,8000,SP [MFLOP/s],34,2647.7581
SPR,FP32,CUSTOM,8000,SP [MFLOP/s],35,2653.7476
SPR,FP32,CUSTOM,8000,SP [MFLOP/s],36,2655.4519
SPR,FP32,CUSTOM,8000,SP [MFLOP/s],37,2647.0901
SPR,FP32,CUSTOM,8000,SP [MFLOP/s],38,2663.6441
SPR,FP32,CUSTOM,8000,SP [MFLOP/s],39,2665.186
SPR,FP32,CUSTOM,8000,SP [MFLOP/s],40,2655.7115
SPR,FP32,CUSTOM,8000,SP [MFLOP/s],41,2665.8349
SPR,FP32,CUSTOM,8000,SP [MFLOP/s],42,2661.1379
SPR,FP32,CUSTOM,8000,SP [MFLOP/s],43,2659.2481
SPR,FP32,CUSTOM,8000,SP [MFLOP/s],44,2658.0625
SPR,FP32,CUSTOM,8000,SP [MFLOP/s],45,2652.8283
SPR,FP32,CUSTOM,8000,SP [MFLOP/s],46,2649.9647
SPR,FP32,CUSTOM,8000,SP [MFLOP/s],47,2651.88
SPR,FP32,CUSTOM,8000,SP [MFLOP/s],48,2652.9118
SPR,FP32,CUSTOM,8000,SP [MFLOP/s],49,2650.5595
SPR,FP32,CUSTOM,8000,SP [MFLOP/s],50,2649.6376
SPR,FP32,CUSTOM,8000,SP [MFLOP/s],51,2665.703
SPR,FP32,CUSTOM,8000,SP [MFLOP/s],52,2657.0274
SPR,FP32,CUSTOM,8000,SP [MFLOP/s],53,2667.8442
SPR,FP32,CUSTOM,8000,SP [MFLOP/s],54,2661.2183
SPR,FP32,CUSTOM,8000,SP [MFLOP/s],55,2657.7
SPR,FP32,CUSTOM,8000,SP [MFLOP/s],56,2662.5602
SPR,FP32,CUSTOM,8000,SP [MFLOP/s],57,2651.8668
SPR,FP32,CUSTOM,8000,SP [MFLOP/s],58,2648.186
SPR,FP32,CUSTOM,8000,SP [MFLOP/s],59,2652.7833
SPR,FP32,CUSTOM,8000,SP [MFLOP/s],60,2652.6621
SPR,FP32,CUSTOM,8000,SP [MFLOP/s],61,2653.1902
SPR,FP32,CUSTOM,8000,SP [MFLOP/s],62,2653.1876
SPR,FP32,CUSTOM,8000,SP [MFLOP/s],63,2630.7717
SPR,FP32,CUSTOM,8000,SP [MFLOP/s],64,2665.892
SPR,FP32,CUSTOM,8000,SP [MFLOP/s],65,2659.7814
SPR,FP32,CUSTOM,8000,SP [MFLOP/s],66,2663.0531
SPR,FP32,CUSTOM,8000,SP [MFLOP/s],67,2662.1458
SPR,FP32,CUSTOM,8000,SP [MFLOP/s],68,2658.5139
SPR,FP32,CUSTOM,8000,SP [MFLOP/s],69,2651.1497
SPR,FP32,CUSTOM,8000,SP [MFLOP/s],70,2655.526
SPR,FP32,CUSTOM,8000,SP [MFLOP/s],71,2652.9748
SPR,FP32,CUSTOM,8000,SP [MFLOP/s],72,2651.6501
SPR,FP32,CUSTOM,8000,SP [MFLOP/s],73,2652.7927
SPR,FP32,CUSTOM,8000,SP [MFLOP/s],74,2648.8498
SPR,FP32,CUSTOM,8000,SP [MFLOP/s],75,2647.3529
SPR,FP32,CUSTOM,8000,SP [MFLOP/s],76,2642.9192
SPR,FP32,CUSTOM,8000,SP [MFLOP/s],77,2665.6112
SPR,FP32,CUSTOM,8000,SP [MFLOP/s],78,2665.5191
SPR,FP32,CUSTOM,8000,SP [MFLOP/s],79,2655.8051
SPR,FP32,CUSTOM,8000,SP [MFLOP/s],80,2657.2003
SPR,FP32,CUSTOM,8000,SP [MFLOP/s],81,2660.1934
SPR,FP32,CUSTOM,8000,SP [MFLOP/s],82,2657.9457
SPR,FP32,CUSTOM,8000,SP [MFLOP/s],83,2646.7166
SPR,FP32,CUSTOM,8000,SP [MFLOP/s],84,2652.6924
SPR,FP32,CUSTOM,8000,SP [MFLOP/s],85,2648.6303
SPR,FP32,CUSTOM,8000,SP [MFLOP/s],86,2645.4724
SPR,FP32,CUSTOM,8000,SP [MFLOP/s],87,2652.7801
SPR,FP32,CUSTOM,8000,SP [MFLOP/s],88,2644.579
SPR,FP32,CUSTOM,8000,SP [MFLOP/s],89,2643.9989
SPR,FP32,CUSTOM,8000,SP [MFLOP/s],90,2325.5088
SPR,FP32,CUSTOM,8000,SP [MFLOP/s],91,2660.0132
SPR,FP32,CUSTOM,8000,SP [MFLOP/s],92,2656.5039
SPR,FP32,CUSTOM,8000,SP [MFLOP/s],93,2658.0457
SPR,FP32,CUSTOM,8000,SP [MFLOP/s],94,2653.4489
SPR,FP32,CUSTOM,8000,SP [MFLOP/s],95,2656.1974
SPR,FP32,CUSTOM,8000,SP [MFLOP/s],96,2648.0708
SPR,FP32,CUSTOM,8000,SP [MFLOP/s],97,2643.5021
SPR,FP32,CUSTOM,8000,SP [MFLOP/s],98,2639.1635
SPR,FP32,CUSTOM,8000,SP [MFLOP/s],99,2640.3624
SPR,FP32,CUSTOM,8000,SP [MFLOP/s],100,2620.2963
SPR,FP32,CUSTOM,8000,SP [MFLOP/s],101,2621.6611
SPR,FP32,CUSTOM,8000,SP [MFLOP/s],102,2614.039
SPR,FP32,CUSTOM,8000,SP [MFLOP/s],103,2635.8624
SPR,FP32,CUSTOM,8000,AVX512 SP [MFLOP/s],0,1001.9953
SPR,FP32,CUSTOM,8000,AVX512 SP [MFLOP/s],1,667.1369
SPR,FP32,CUSTOM,8000,AVX512 SP [MFLOP/s],2,666.4977
SPR,FP32,CUSTOM,8000,AVX512 SP [MFLOP/s],3,661.1593
SPR,FP32,CUSTOM,8000,AVX512 SP [MFLOP/s],4,662.542
SPR,FP32,CUSTOM,8000,AVX512 SP [MFLOP/s],5,658.4705
SPR,FP32,CUSTOM,8000,AVX512 SP [MFLOP/s],6,656.5643
SPR,FP32,CUSTOM,8000,AVX512 SP [MFLOP/s],7,655.1816
SPR,FP32,CUSTOM,8000,AVX512 SP [MFLOP/s],8,656.5643
SPR,FP32,CUSTOM,8000,AVX512 SP [MFLOP/s],9,656.5643
SPR,FP32,CUSTOM,8000,AVX512 SP [MFLOP/s],10,655.8133
SPR,FP32,CUSTOM,8000,AVX512 SP [MFLOP/s],11,646.1014
SPR,FP32,CUSTOM,8000,AVX512 SP [MFLOP/s],12,667.8649
SPR,FP32,CUSTOM,8000,AVX512 SP [MFLOP/s],13,666.9464
SPR,FP32,CUSTOM,8000,AVX512 SP [MFLOP/s],14,666.9464
SPR,FP32,CUSTOM,8000,AVX512 SP [MFLOP/s],15,661.377
SPR,FP32,CUSTOM,8000,AVX512 SP [MFLOP/s],16,662.3559
SPR,FP32,CUSTOM,8000,AVX512 SP [MFLOP/s],17,662.3559
SPR,FP32,CUSTOM,8000,AVX512 SP [MFLOP/s],18,658.2844
SPR,FP32,CUSTOM,8000,AVX512 SP [MFLOP/s],19,654.9954
SPR,FP32,CUSTOM,8000,AVX512 SP [MFLOP/s],20,656.3782
SPR,FP32,CUSTOM,8000,AVX512 SP [MFLOP/s],21,656.3782
SPR,FP32,CUSTOM,8000,AVX512 SP [MFLOP/s],22,656.3782
SPR,FP32,CUSTOM,8000,AVX512 SP [MFLOP/s],23,654.2445
SPR,FP32,CUSTOM,8000,AVX512 SP [MFLOP/s],24,647.3044
SPR,FP32,CUSTOM,8000,AVX512 SP [MFLOP/s],25,667.7572
SPR,FP32,CUSTOM,8000,AVX512 SP [MFLOP/s],26,666.8387
SPR,FP32,CUSTOM,8000,AVX512 SP [MFLOP/s],27,665.4559
SPR,FP32,CUSTOM,8000,AVX512 SP [MFLOP/s],28,666.1995
SPR,FP32,CUSTOM,8000,AVX512 SP [MFLOP/s],29,662.2482
SPR,FP32,CUSTOM,8000,AVX512 SP [MFLOP/s],30,662.2482
SPR,FP32,CUSTOM,8000,AVX512 SP [MFLOP/s],31,653.2499
SPR,FP32,CUSTOM,8000,AVX512 SP [MFLOP/s],32,656.274
SPR,FP32,CUSTOM,8000,AVX512 SP [MFLOP/s],33,656.274
SPR,FP32,CUSTOM,8000,AVX512 SP [MFLOP/s],34,656.274
SPR,FP32,CUSTOM,8000,AVX512 SP [MFLOP/s],35,654.8913
SPR,FP32,CUSTOM,8000,AVX512 SP [MFLOP/s],36,655.5231
SPR,FP32,CUSTOM,8000,AVX512 SP [MFLOP/s],37,647.2038
SPR,FP32,CUSTOM,8000,AVX512 SP [MFLOP/s],38,667.7572
SPR,FP32,CUSTOM,8000,AVX512 SP [MFLOP/s],39,665.4559
SPR,FP32,CUSTOM,8000,AVX512 SP [MFLOP/s],40,666.8387
SPR,FP32,CUSTOM,8000,AVX512 SP [MFLOP/s],41,666.1995
SPR,FP32,CUSTOM,8000,AVX512 SP [MFLOP/s],42,662.2482
SPR,FP32,CUSTOM,8000,AVX512 SP [MFLOP/s],43,660.8654
SPR,FP32,CUSTOM,8000,AVX512 SP [MFLOP/s],44,658.1802
SPR,FP32,CUSTOM,8000,AVX512 SP [MFLOP/s],45,656.274
SPR,FP32,CUSTOM,8000,AVX512 SP [MFLOP/s],46,656.274
SPR,FP32,CUSTOM,8000,AVX512 SP [MFLOP/s],47,651.3437
SPR,FP32,CUSTOM,8000,AVX512 SP [MFLOP/s],48,656.274
SPR,FP32,CUSTOM,8000,AVX512 SP [MFLOP/s],49,655.5231
SPR,FP32,CUSTOM,8000,AVX512 SP [MFLOP/s],50,647.2038
SPR,FP32,CUSTOM,8000,AVX512 SP [MFLOP/s],51,666.3485
SPR,FP32,CUSTOM,8000,AVX512 SP [MFLOP/s],52,666.8127
SPR,FP32,CUSTOM,8000,AVX512 SP [MFLOP/s],53,666.8127
SPR,FP32,CUSTOM,8000,AVX512 SP [MFLOP/s],54,666.1753
SPR,FP32,CUSTOM,8000,AVX512 SP [MFLOP/s],55,660.8412
SPR,FP32,CUSTOM,8000,AVX512 SP [MFLOP/s],56,662.2239
SPR,FP32,CUSTOM,8000,AVX512 SP [MFLOP/s],57,658.156
SPR,FP32,CUSTOM,8000,AVX512 SP [MFLOP/s],58,656.2498
SPR,FP32,CUSTOM,8000,AVX512 SP [MFLOP/s],59,654.867
SPR,FP32,CUSTOM,8000,AVX512 SP [MFLOP/s],60,656.2498
SPR,FP32,CUSTOM,8000,AVX512 SP [MFLOP/s],61,656.2498
SPR,FP32,CUSTOM,8000,AVX512 SP [MFLOP/s],62,655.4988
SPR,FP32,CUSTOM,8000,AVX512 SP [MFLOP/s],63,642.251
SPR,FP32,CUSTOM,8000,AVX512 SP [MFLOP/s],64,667.6788
SPR,FP32,CUSTOM,8000,AVX512 SP [MFLOP/s],65,666.7603
SPR,FP32,CUSTOM,8000,AVX512 SP [MFLOP/s],66,666.7603
SPR,FP32,CUSTOM,8000,AVX512 SP [MFLOP/s],67,664.7402
SPR,FP32,CUSTOM,8000,AVX512 SP [MFLOP/s],68,662.1715
SPR,FP32,CUSTOM,8000,AVX512 SP [MFLOP/s],69,662.1715
SPR,FP32,CUSTOM,8000,AVX512 SP [MFLOP/s],70,658.1061
SPR,FP32,CUSTOM,8000,AVX512 SP [MFLOP/s],71,654.8171
SPR,FP32,CUSTOM,8000,AVX512 SP [MFLOP/s],72,656.1999
SPR,FP32,CUSTOM,8000,AVX512 SP [MFLOP/s],73,656.1999
SPR,FP32,CUSTOM,8000,AVX512 SP [MFLOP/s],74,656.1999
SPR,FP32,CUSTOM,8000,AVX512 SP [MFLOP/s],75,654.0662
SPR,FP32,CUSTOM,8000,AVX512 SP [MFLOP/s],76,647.1339
SPR,FP32,CUSTOM,8000,AVX512 SP [MFLOP/s],77,667.6788
SPR,FP32,CUSTOM,8000,AVX512 SP [MFLOP/s],78,666.7603
SPR,FP32,CUSTOM,8000,AVX512 SP [MFLOP/s],79,661.83
SPR,FP32,CUSTOM,8000,AVX512 SP [MFLOP/s],80,666.0796
SPR,FP32,CUSTOM,8000,AVX512 SP [MFLOP/s],81,662.1283
SPR,FP32,CUSTOM,8000,AVX512 SP [MFLOP/s],82,662.1283
SPR,FP32,CUSTOM,8000,AVX512 SP [MFLOP/s],83,656.6801
SPR,FP32,CUSTOM,8000,AVX512 SP [MFLOP/s],84,656.1566
SPR,FP32,CUSTOM,8000,AVX512 SP [MFLOP/s],85,656.1566
SPR,FP32,CUSTOM,8000,AVX512 SP [MFLOP/s],86,656.1566
SPR,FP32,CUSTOM,8000,AVX512 SP [MFLOP/s],87,654.7739
SPR,FP32,CUSTOM,8000,AVX512 SP [MFLOP/s],88,655.4057
SPR,FP32,CUSTOM,8000,AVX512 SP [MFLOP/s],89,647.0907
SPR,FP32,CUSTOM,8000,AVX512 SP [MFLOP/s],90,333.173
SPR,FP32,CUSTOM,8000,AVX512 SP [MFLOP/s],91,665.7282
SPR,FP32,CUSTOM,8000,AVX512 SP [MFLOP/s],92,667.1109
SPR,FP32,CUSTOM,8000,AVX512 SP [MFLOP/s],93,666.4717
SPR,FP32,CUSTOM,8000,AVX512 SP [MFLOP/s],94,662.5161
SPR,FP32,CUSTOM,8000,AVX512 SP [MFLOP/s],95,657.6118
SPR,FP32,CUSTOM,8000,AVX512 SP [MFLOP/s],96,652.5753
SPR,FP32,CUSTOM,8000,AVX512 SP [MFLOP/s],97,650.669
SPR,FP32,CUSTOM,8000,AVX512 SP [MFLOP/s],98,650.669
SPR,FP32,CUSTOM,8000,AVX512 SP [MFLOP/s],99,649.2863
SPR,FP32,CUSTOM,8000,AVX512 SP [MFLOP/s],100,626.0138
SPR,FP32,CUSTOM,8000,AVX512 SP [MFLOP/s],101,625.2614
SPR,FP32,CUSTOM,8000,AVX512 SP [MFLOP/s],102,616.9308
SPR,FP32,CUSTOM,8000,AVX512 SP [MFLOP/s],103,636.2958
SPR,FP32,CUSTOM,8000,DP [MFLOP/s],0,0.0029
SPR,FP32,CUSTOM,8000,DP [MFLOP/s],1,0.0028
SPR,FP32,CUSTOM,8000,DP [MFLOP/s],2,0.0028
SPR,FP32,CUSTOM,8000,DP [MFLOP/s],3,0.0028
SPR,FP32,CUSTOM,8000,DP [MFLOP/s],4,0.0028
SPR,FP32,CUSTOM,8000,DP [MFLOP/s],5,0.0028
SPR,FP32,CUSTOM,8000,DP [MFLOP/s],6,0.0028
SPR,FP32,CUSTOM,8000,DP [MFLOP/s],7,0.0028
SPR,FP32,CUSTOM,8000,DP [MFLOP/s],8,0.0028
SPR,FP32,CUSTOM,8000,DP [MFLOP/s],9,0.0029
SPR,FP32,CUSTOM,8000,DP [MFLOP/s],10,0.0029
SPR,FP32,CUSTOM,8000,DP [MFLOP/s],11,0.0028
SPR,FP32,CUSTOM,8000,DP [MFLOP/s],12,0.0029
SPR,FP32,CUSTOM,8000,DP [MFLOP/s],13,0.0028
SPR,FP32,CUSTOM,8000,DP [MFLOP/s],14,0.0029
SPR,FP32,CUSTOM,8000,DP [MFLOP/s],15,0.0028
SPR,FP32,CUSTOM,8000,DP [MFLOP/s],16,0.0029
SPR,FP32,CUSTOM,8000,DP [MFLOP/s],17,0.0028
SPR,FP32,CUSTOM,8000,DP [MFLOP/s],18,0.0028
SPR,FP32,CUSTOM,8000,DP [MFLOP/s],19,0.0028
SPR,FP32,CUSTOM,8000,DP [MFLOP/s],20,0.0028
SPR,FP32,CUSTOM,8000,DP [MFLOP/s],21,0.0028
SPR,FP32,CUSTOM,8000,DP [MFLOP/s],22,0.0028
SPR,FP32,CUSTOM,8000,DP [MFLOP/s],23,0.0029
SPR,FP32,CUSTOM,8000,DP [MFLOP/s],24,0.0029
SPR,FP32,CUSTOM,8000,DP [MFLOP/s],25,0.0029
SPR,FP32,CUSTOM,8000,DP [MFLOP/s],26,0.0028
SPR,FP32,CUSTOM,8000,DP [MFLOP/s],27,0.0029
SPR,FP32,CUSTOM,8000,DP [MFLOP/s],28,0.0029
SPR,FP32,CUSTOM,8000,DP [MFLOP/s],29,0.0028
SPR,FP32,CUSTOM,8000,DP [MFLOP/s],30,0.0029
SPR,FP32,CUSTOM,8000,DP [MFLOP/s],31,0.0029
SPR,FP32,CUSTOM,8000,DP [MFLOP/s],32,0.0029
SPR,FP32,CUSTOM,8000,DP [MFLOP/s],33,0.0029
SPR,FP32,CUSTOM,8000,DP [MFLOP/s],34,0.0028
SPR,FP32,CUSTOM,8000,DP [MFLOP/s],35,0.0028
SPR,FP32,CUSTOM,8000,DP [MFLOP/s],36,0.0028
SPR,FP32,CUSTOM,8000,DP [MFLOP/s],37,0.0029
SPR,FP32,CUSTOM,8000,DP [MFLOP/s],38,0.0028
SPR,FP32,CUSTOM,8000,DP [MFLOP/s],39,0.0028
SPR,FP32,CUSTOM,8000,DP [MFLOP/s],40,0.0028
SPR,FP32,CUSTOM,8000,DP [MFLOP/s],41,0.0028
SPR,FP32,CUSTOM,8000,DP [MFLOP/s],42,0.0028
SPR,FP32,CUSTOM,8000,DP [MFLOP/s],43,0.0028
SPR,FP32,CUSTOM,8000,DP [MFLOP/s],44,0.0028
SPR,FP32,CUSTOM,8000,DP [MFLOP/s],45,0.0028
SPR,FP32,CUSTOM,8000,DP [MFLOP/s],46,0.0029
SPR,FP32,CUSTOM,8000,DP [MFLOP/s],47,0.0029
SPR,FP32,CUSTOM,8000,DP [MFLOP/s],48,0.0028
SPR,FP32,CUSTOM,8000,DP [MFLOP/s],49,0.0028
SPR,FP32,CUSTOM,8000,DP [MFLOP/s],50,0.0028
SPR,FP32,CUSTOM,8000,DP [MFLOP/s],51,0.0028
SPR,FP32,CUSTOM,8000,DP [MFLOP/s],52,0.0028
SPR,FP32,CUSTOM,8000,DP [MFLOP/s],53,0.0028
SPR,FP32,CUSTOM,8000,DP [MFLOP/s],54,0.0028
SPR,FP32,CUSTOM,8000,DP [MFLOP/s],55,0.0028
SPR,FP32,CUSTOM,8000,DP [MFLOP/s],56,0.0028
SPR,FP32,CUSTOM,8000,DP [MFLOP/s],57,0.0028
SPR,FP32,CUSTOM,8000,DP [MFLOP/s],58,0.0029
SPR,FP32,CUSTOM,8000,DP [MFLOP/s],59,0.0029
SPR,FP32,CUSTOM,8000,DP [MFLOP/s],60,0.0028
SPR,FP32,CUSTOM,8000,DP [MFLOP/s],61,0.0028
SPR,FP32,CUSTOM,8000,DP [MFLOP/s],62,0.0028
SPR,FP32,CUSTOM,8000,DP [MFLOP/s],63,0.0028
SPR,FP32,CUSTOM,8000,DP [MFLOP/s],64,0.0029
SPR,FP32,CUSTOM,8000,DP [MFLOP/s],65,0.0028
SPR,FP32,CUSTOM,8000,DP [MFLOP/s],66,0.0028
SPR,FP32,CUSTOM,8000,DP [MFLOP/s],67,0.0028
SPR,FP32,CUSTOM,8000,DP [MFLOP/s],68,0.0028
SPR,FP32,CUSTOM,8000,DP [MFLOP/s],69,0.0028
SPR,FP32,CUSTOM,8000,DP [MFLOP/s],70,0.0028
SPR,FP32,CUSTOM,8000,DP [MFLOP/s],71,0.0028
SPR,FP32,CUSTOM,8000,DP [MFLOP/s],72,0.0028
SPR,FP32,CUSTOM,8000,DP [MFLOP/s],73,0.0028
SPR,FP32,CUSTOM,8000,DP [MFLOP/s],74,0.0028
SPR,FP32,CUSTOM,8000,DP [MFLOP/s],75,0.0029
SPR,FP32,CUSTOM,8000,DP [MFLOP/s],76,0.0028
SPR,FP32,CUSTOM,8000,DP [MFLOP/s],77,0.0029
SPR,FP32,CUSTOM,8000,DP [MFLOP/s],78,0.0028
SPR,FP32,CUSTOM,8000,DP [MFLOP/s],79,0.0028
SPR,FP32,CUSTOM,8000,DP [MFLOP/s],80,0.0028
SPR,FP32,CUSTOM,8000,DP [MFLOP/s],81,0.0028
SPR,FP32,CUSTOM,8000,DP [MFLOP/s],82,0.0028
SPR,FP32,CUSTOM,8000,DP [MFLOP/s],83,0.0028
SPR,FP32,CUSTOM,8000,DP [MFLOP/s],84,0.0028
SPR,FP32,CUSTOM,8000,DP [MFLOP/s],85,0.0028
SPR,FP32,CUSTOM,8000,DP [MFLOP/s],86,0.0028
SPR,FP32,CUSTOM,8000,DP [MFLOP/s],87,0.0028
SPR,FP32,CUSTOM,8000,DP [MFLOP/s],88,0.0028
SPR,FP32,CUSTOM,8000,DP [MFLOP/s],89,0.0029
SPR,FP32,CUSTOM,8000,DP [MFLOP/s],90,0.0028
SPR,FP32,CUSTOM,8000,DP [MFLOP/s],91,0.0028
SPR,FP32,CUSTOM,8000,DP [MFLOP/s],92,0.0029
SPR,FP32,CUSTOM,8000,DP [MFLOP/s],93,0.0028
SPR,FP32,CUSTOM,8000,DP [MFLOP/s],94,0.0028
SPR,FP32,CUSTOM,8000,DP [MFLOP/s],95,0.0029
SPR,FP32,CUSTOM,8000,DP [MFLOP/s],96,0.0029
SPR,FP32,CUSTOM,8000,DP [MFLOP/s],97,0.0028
SPR,FP32,CUSTOM,8000,DP [MFLOP/s],98,0.0028
SPR,FP32,CUSTOM,8000,DP [MFLOP/s],99,0.0029
SPR,FP32,CUSTOM,8000,DP [MFLOP/s],100,0.0028
SPR,FP32,CUSTOM,8000,DP [MFLOP/s],101,0.0028
SPR,FP32,CUSTOM,8000,DP [MFLOP/s],102,0.0028
SPR,FP32,CUSTOM,8000,DP [MFLOP/s],103,0.0028
SPR,FP32,CUSTOM,8000,AVX512 DP [MFLOP/s],0,0.0
SPR,FP32,CUSTOM,8000,AVX512 DP [MFLOP/s],1,0.0
SPR,FP32,CUSTOM,8000,AVX512 DP [MFLOP/s],2,0.0
SPR,FP32,CUSTOM,8000,AVX512 DP [MFLOP/s],3,0.0
SPR,FP32,CUSTOM,8000,AVX512 DP [MFLOP/s],4,0.0
SPR,FP32,CUSTOM,8000,AVX512 DP [MFLOP/s],5,0.0
SPR,FP32,CUSTOM,8000,AVX512 DP [MFLOP/s],6,0.0
SPR,FP32,CUSTOM,8000,AVX512 DP [MFLOP/s],7,0.0
SPR,FP32,CUSTOM,8000,AVX512 DP [MFLOP/s],8,0.0
SPR,FP32,CUSTOM,8000,AVX512 DP [MFLOP/s],9,0.0
SPR,FP32,CUSTOM,8000,AVX512 DP [MFLOP/s],10,0.0
SPR,FP32,CUSTOM,8000,AVX512 DP [MFLOP/s],11,0.0
SPR,FP32,CUSTOM,8000,AVX512 DP [MFLOP/s],12,0.0
SPR,FP32,CUSTOM,8000,AVX512 DP [MFLOP/s],13,0.0
SPR,FP32,CUSTOM,8000,AVX512 DP [MFLOP/s],14,0.0
SPR,FP32,CUSTOM,8000,AVX512 DP [MFLOP/s],15,0.0
SPR,FP32,CUSTOM,8000,AVX512 DP [MFLOP/s],16,0.0
SPR,FP32,CUSTOM,8000,AVX512 DP [MFLOP/s],17,0.0
SPR,FP32,CUSTOM,8000,AVX512 DP [MFLOP/s],18,0.0
SPR,FP32,CUSTOM,8000,AVX512 DP [MFLOP/s],19,0.0
SPR,FP32,CUSTOM,8000,AVX512 DP [MFLOP/s],20,0.0
SPR,FP32,CUSTOM,8000,AVX512 DP [MFLOP/s],21,0.0
SPR,FP32,CUSTOM,8000,AVX512 DP [MFLOP/s],22,0.0
SPR,FP32,CUSTOM,8000,AVX512 DP [MFLOP/s],23,0.0
SPR,FP32,CUSTOM,8000,AVX512 DP [MFLOP/s],24,0.0
SPR,FP32,CUSTOM,8000,AVX512 DP [MFLOP/s],25,0.0
SPR,FP32,CUSTOM,8000,AVX512 DP [MFLOP/s],26,0.0
SPR,FP32,CUSTOM,8000,AVX512 DP [MFLOP/s],27,0.0
SPR,FP32,CUSTOM,8000,AVX512 DP [MFLOP/s],28,0.0
SPR,FP32,CUSTOM,8000,AVX512 DP [MFLOP/s],29,0.0
SPR,FP32,CUSTOM,8000,AVX512 DP [MFLOP/s],30,0.0
SPR,FP32,CUSTOM,8000,AVX512 DP [MFLOP/s],31,0.0
SPR,FP32,CUSTOM,8000,AVX512 DP [MFLOP/s],32,0.0
SPR,FP32,CUSTOM,8000,AVX512 DP [MFLOP/s],33,0.0
SPR,FP32,CUSTOM,8000,AVX512 DP [MFLOP/s],34,0.0
SPR,FP32,CUSTOM,8000,AVX512 DP [MFLOP/s],35,0.0
SPR,FP32,CUSTOM,8000,AVX512 DP [MFLOP/s],36,0.0
SPR,FP32,CUSTOM,8000,AVX512 DP [MFLOP/s],37,0.0
SPR,FP32,CUSTOM,8000,AVX512 DP [MFLOP/s],38,0.0
SPR,FP32,CUSTOM,8000,AVX512 DP [MFLOP/s],39,0.0
SPR,FP32,CUSTOM,8000,AVX512 DP [MFLOP/s],40,0.0
SPR,FP32,CUSTOM,8000,AVX512 DP [MFLOP/s],41,0.0
SPR,FP32,CUSTOM,8000,AVX512 DP [MFLOP/s],42,0.0
SPR,FP32,CUSTOM,8000,AVX512 DP [MFLOP/s],43,0.0
SPR,FP32,CUSTOM,8000,AVX512 DP [MFLOP/s],44,0.0
SPR,FP32,CUSTOM,8000,AVX512 DP [MFLOP/s],45,0.0
SPR,FP32,CUSTOM,8000,AVX512 DP [MFLOP/s],46,0.0
SPR,FP32,CUSTOM,8000,AVX512 DP [MFLOP/s],47,0.0
SPR,FP32,CUSTOM,8000,AVX512 DP [MFLOP/s],48,0.0
SPR,FP32,CUSTOM,8000,AVX512 DP [MFLOP/s],49,0.0
SPR,FP32,CUSTOM,8000,AVX512 DP [MFLOP/s],50,0.0
SPR,FP32,CUSTOM,8000,AVX512 DP [MFLOP/s],51,0.0
SPR,FP32,CUSTOM,8000,AVX512 DP [MFLOP/s],52,0.0
SPR,FP32,CUSTOM,8000,AVX512 DP [MFLOP/s],53,0.0
SPR,FP32,CUSTOM,8000,AVX512 DP [MFLOP/s],54,0.0
SPR,FP32,CUSTOM,8000,AVX512 DP [MFLOP/s],55,0.0
SPR,FP32,CUSTOM,8000,AVX512 DP [MFLOP/s],56,0.0
SPR,FP32,CUSTOM,8000,AVX512 DP [MFLOP/s],57,0.0
SPR,FP32,CUSTOM,8000,AVX512 DP [MFLOP/s],58,0.0
SPR,FP32,CUSTOM,8000,AVX512 DP [MFLOP/s],59,0.0
SPR,FP32,CUSTOM,8000,AVX512 DP [MFLOP/s],60,0.0
SPR,FP32,CUSTOM,8000,AVX512 DP [MFLOP/s],61,0.0
SPR,FP32,CUSTOM,8000,AVX512 DP [MFLOP/s],62,0.0
SPR,FP32,CUSTOM,8000,AVX512 DP [MFLOP/s],63,0.0
SPR,FP32,CUSTOM,8000,AVX512 DP [MFLOP/s],64,0.0
SPR,FP32,CUSTOM,8000,AVX512 DP [MFLOP/s],65,0.0
SPR,FP32,CUSTOM,8000,AVX512 DP [MFLOP/s],66,0.0
SPR,FP32,CUSTOM,8000,AVX512 DP [MFLOP/s],67,0.0
SPR,FP32,CUSTOM,8000,AVX512 DP [MFLOP/s],68,0.0
SPR,FP32,CUSTOM,8000,AVX512 DP [MFLOP/s],69,0.0
SPR,FP32,CUSTOM,8000,AVX512 DP [MFLOP/s],70,0.0
SPR,FP32,CUSTOM,8000,AVX512 DP [MFLOP/s],71,0.0
SPR,FP32,CUSTOM,8000,AVX512 DP [MFLOP/s],72,0.0
SPR,FP32,CUSTOM,8000,AVX512 DP [MFLOP/s],73,0.0
SPR,FP32,CUSTOM,8000,AVX512 DP [MFLOP/s],74,0.0
SPR,FP32,CUSTOM,8000,AVX512 DP [MFLOP/s],75,0.0
SPR,FP32,CUSTOM,8000,AVX512 DP [MFLOP/s],76,0.0
SPR,FP32,CUSTOM,8000,AVX512 DP [MFLOP/s],77,0.0
SPR,FP32,CUSTOM,8000,AVX512 DP [MFLOP/s],78,0.0
SPR,FP32,CUSTOM,8000,AVX512 DP [MFLOP/s],79,0.0
SPR,FP32,CUSTOM,8000,AVX512 DP [MFLOP/s],80,0.0
SPR,FP32,CUSTOM,8000,AVX512 DP [MFLOP/s],81,0.0
SPR,FP32,CUSTOM,8000,AVX512 DP [MFLOP/s],82,0.0
SPR,FP32,CUSTOM,8000,AVX512 DP [MFLOP/s],83,0.0
SPR,FP32,CUSTOM,8000,AVX512 DP [MFLOP/s],84,0.0
SPR,FP32,CUSTOM,8000,AVX512 DP [MFLOP/s],85,0.0
SPR,FP32,CUSTOM,8000,AVX512 DP [MFLOP/s],86,0.0
SPR,FP32,CUSTOM,8000,AVX512 DP [MFLOP/s],87,0.0
SPR,FP32,CUSTOM,8000,AVX512 DP [MFLOP/s],88,0.0
SPR,FP32,CUSTOM,8000,AVX512 DP [MFLOP/s],89,0.0
SPR,FP32,CUSTOM,8000,AVX512 DP [MFLOP/s],90,0.0
SPR,FP32,CUSTOM,8000,AVX512 DP [MFLOP/s],91,0.0
SPR,FP32,CUSTOM,8000,AVX512 DP [MFLOP/s],92,0.0
SPR,FP32,CUSTOM,8000,AVX512 DP [MFLOP/s],93,0.0
SPR,FP32,CUSTOM,8000,AVX512 DP [MFLOP/s],94,0.0
SPR,FP32,CUSTOM,8000,AVX512 DP [MFLOP/s],95,0.0
SPR,FP32,CUSTOM,8000,AVX512 DP [MFLOP/s],96,0.0
SPR,FP32,CUSTOM,8000,AVX512 DP [MFLOP/s],97,0.0
SPR,FP32,CUSTOM,8000,AVX512 DP [MFLOP/s],98,0.0
SPR,FP32,CUSTOM,8000,AVX512 DP [MFLOP/s],99,0.0
SPR,FP32,CUSTOM,8000,AVX512 DP [MFLOP/s],100,0.0
SPR,FP32,CUSTOM,8000,AVX512 DP [MFLOP/s],101,0.0
SPR,FP32,CUSTOM,8000,AVX512 DP [MFLOP/s],102,0.0
SPR,FP32,CUSTOM,8000,AVX512 DP [MFLOP/s],103,0.0
SPR,FP32,CUSTOM,8000,Energy [J],0,589103.9344
SPR,FP32,CUSTOM,8000,Energy [J],1,0.0
SPR,FP32,CUSTOM,8000,Energy [J],2,0.0
SPR,FP32,CUSTOM,8000,Energy [J],3,0.0
SPR,FP32,CUSTOM,8000,Energy [J],4,0.0
SPR,FP32,CUSTOM,8000,Energy [J],5,0.0
SPR,FP32,CUSTOM,8000,Energy [J],6,0.0
SPR,FP32,CUSTOM,8000,Energy [J],7,0.0
SPR,FP32,CUSTOM,8000,Energy [J],8,0.0
SPR,FP32,CUSTOM,8000,Energy [J],9,0.0
SPR,FP32,CUSTOM,8000,Energy [J],10,0.0
SPR,FP32,CUSTOM,8000,Energy [J],11,0.0
SPR,FP32,CUSTOM,8000,Energy [J],12,0.0
SPR,FP32,CUSTOM,8000,Energy [J],13,0.0
SPR,FP32,CUSTOM,8000,Energy [J],14,0.0
SPR,FP32,CUSTOM,8000,Energy [J],15,0.0
SPR,FP32,CUSTOM,8000,Energy [J],16,0.0
SPR,FP32,CUSTOM,8000,Energy [J],17,0.0
SPR,FP32,CUSTOM,8000,Energy [J],18,0.0
SPR,FP32,CUSTOM,8000,Energy [J],19,0.0
SPR,FP32,CUSTOM,8000,Energy [J],20,0.0
SPR,FP32,CUSTOM,8000,Energy [J],21,0.0
SPR,FP32,CUSTOM,8000,Energy [J],22,0.0
SPR,FP32,CUSTOM,8000,Energy [J],23,0.0
SPR,FP32,CUSTOM,8000,Energy [J],24,0.0
SPR,FP32,CUSTOM,8000,Energy [J],25,0.0
SPR,FP32,CUSTOM,8000,Energy [J],26,0.0
SPR,FP32,CUSTOM,8000,Energy [J],27,0.0
SPR,FP32,CUSTOM,8000,Energy [J],28,0.0
SPR,FP32,CUSTOM,8000,Energy [J],29,0.0
SPR,FP32,CUSTOM,8000,Energy [J],30,0.0
SPR,FP32,CUSTOM,8000,Energy [J],31,0.0
SPR,FP32,CUSTOM,8000,Energy [J],32,0.0
SPR,FP32,CUSTOM,8000,Energy [J],33,0.0
SPR,FP32,CUSTOM,8000,Energy [J],34,0.0
SPR,FP32,CUSTOM,8000,Energy [J],35,0.0
SPR,FP32,CUSTOM,8000,Energy [J],36,0.0
SPR,FP32,CUSTOM,8000,Energy [J],37,0.0
SPR,FP32,CUSTOM,8000,Energy [J],38,0.0
SPR,FP32,CUSTOM,8000,Energy [J],39,0.0
SPR,FP32,CUSTOM,8000,Energy [J],40,0.0
SPR,FP32,CUSTOM,8000,Energy [J],41,0.0
SPR,FP32,CUSTOM,8000,Energy [J],42,0.0
SPR,FP32,CUSTOM,8000,Energy [J],43,0.0
SPR,FP32,CUSTOM,8000,Energy [J],44,0.0
SPR,FP32,CUSTOM,8000,Energy [J],45,0.0
SPR,FP32,CUSTOM,8000,Energy [J],46,0.0
SPR,FP32,CUSTOM,8000,Energy [J],47,0.0
SPR,FP32,CUSTOM,8000,Energy [J],48,0.0
SPR,FP32,CUSTOM,8000,Energy [J],49,0.0
SPR,FP32,CUSTOM,8000,Energy [J],50,0.0
SPR,FP32,CUSTOM,8000,Energy [J],51,0.0
SPR,FP32,CUSTOM,8000,Energy [J],52,587777.3633
SPR,FP32,CUSTOM,8000,Energy [J],53,0.0
SPR,FP32,CUSTOM,8000,Energy [J],54,0.0
SPR,FP32,CUSTOM,8000,Energy [J],55,0.0
SPR,FP32,CUSTOM,8000,Energy [J],56,0.0
SPR,FP32,CUSTOM,8000,Energy [J],57,0.0
SPR,FP32,CUSTOM,8000,Energy [J],58,0.0
SPR,FP32,CUSTOM,8000,Energy [J],59,0.0
SPR,FP32,CUSTOM,8000,Energy [J],60,0.0
SPR,FP32,CUSTOM,8000,Energy [J],61,0.0
SPR,FP32,CUSTOM,8000,Energy [J],62,0.0
SPR,FP32,CUSTOM,8000,Energy [J],63,0.0
SPR,FP32,CUSTOM,8000,Energy [J],64,0.0
SPR,FP32,CUSTOM,8000,Energy [J],65,0.0
SPR,FP32,CUSTOM,8000,Energy [J],66,0.0
SPR,FP32,CUSTOM,8000,Energy [J],67,0.0
SPR,FP32,CUSTOM,8000,Energy [J],68,0.0
SPR,FP32,CUSTOM,8000,Energy [J],69,0.0
SPR,FP32,CUSTOM,8000,Energy [J],70,0.0
SPR,FP32,CUSTOM,8000,Energy [J],71,0.0
SPR,FP32,CUSTOM,8000,Energy [J],72,0.0
SPR,FP32,CUSTOM,8000,Energy [J],73,0.0
SPR,FP32,CUSTOM,8000,Energy [J],74,0.0
SPR,FP32,CUSTOM,8000,Energy [J],75,0.0
SPR,FP32,CUSTOM,8000,Energy [J],76,0.0
SPR,FP32,CUSTOM,8000,Energy [J],77,0.0
SPR,FP32,CUSTOM,8000,Energy [J],78,0.0
SPR,FP32,CUSTOM,8000,Energy [J],79,0.0
SPR,FP32,CUSTOM,8000,Energy [J],80,0.0
SPR,FP32,CUSTOM,8000,Energy [J],81,0.0
SPR,FP32,CUSTOM,8000,Energy [J],82,0.0
SPR,FP32,CUSTOM,8000,Energy [J],83,0.0
SPR,FP32,CUSTOM,8000,Energy [J],84,0.0
SPR,FP32,CUSTOM,8000,Energy [J],85,0.0
SPR,FP32,CUSTOM,8000,Energy [J],86,0.0
SPR,FP32,CUSTOM,8000,Energy [J],87,0.0
SPR,FP32,CUSTOM,8000,Energy [J],88,0.0
SPR,FP32,CUSTOM,8000,Energy [J],89,0.0
SPR,FP32,CUSTOM,8000,Energy [J],90,0.0
SPR,FP32,CUSTOM,8000,Energy [J],91,0.0
SPR,FP32,CUSTOM,8000,Energy [J],92,0.0
SPR,FP32,CUSTOM,8000,Energy [J],93,0.0
SPR,FP32,CUSTOM,8000,Energy [J],94,0.0
SPR,FP32,CUSTOM,8000,Energy [J],95,0.0
SPR,FP32,CUSTOM,8000,Energy [J],96,0.0
SPR,FP32,CUSTOM,8000,Energy [J],97,0.0
SPR,FP32,CUSTOM,8000,Energy [J],98,0.0
SPR,FP32,CUSTOM,8000,Energy [J],99,0.0
SPR,FP32,CUSTOM,8000,Energy [J],100,0.0
SPR,FP32,CUSTOM,8000,Energy [J],101,0.0
SPR,FP32,CUSTOM,8000,Energy [J],102,0.0
SPR,FP32,CUSTOM,8000,Energy [J],103,0.0
SPR,FP32,CUSTOM,8000,Power [W],0,347.6322
SPR,FP32,CUSTOM,8000,Power [W],1,0.0
SPR,FP32,CUSTOM,8000,Power [W],2,0.0
SPR,FP32,CUSTOM,8000,Power [W],3,0.0
SPR,FP32,CUSTOM,8000,Power [W],4,0.0
SPR,FP32,CUSTOM,8000,Power [W],5,0.0
SPR,FP32,CUSTOM,8000,Power [W],6,0.0
SPR,FP32,CUSTOM,8000,Power [W],7,0.0
SPR,FP32,CUSTOM,8000,Power [W],8,0.0
SPR,FP32,CUSTOM,8000,Power [W],9,0.0
SPR,FP32,CUSTOM,8000,Power [W],10,0.0
SPR,FP32,CUSTOM,8000,Power [W],11,0.0
SPR,FP32,CUSTOM,8000,Power [W],12,0.0
SPR,FP32,CUSTOM,8000,Power [W],13,0.0
SPR,FP32,CUSTOM,8000,Power [W],14,0.0
SPR,FP32,CUSTOM,8000,Power [W],15,0.0
SPR,FP32,CUSTOM,8000,Power [W],16,0.0
SPR,FP32,CUSTOM,8000,Power [W],17,0.0
SPR,FP32,CUSTOM,8000,Power [W],18,0.0
SPR,FP32,CUSTOM,8000,Power [W],19,0.0
SPR,FP32,CUSTOM,8000,Power [W],20,0.0
SPR,FP32,CUSTOM,8000,Power [W],21,0.0
SPR,FP32,CUSTOM,8000,Power [W],22,0.0
SPR,FP32,CUSTOM,8000,Power [W],23,0.0
SPR,FP32,CUSTOM,8000,Power [W],24,0.0
SPR,FP32,CUSTOM,8000,Power [W],25,0.0
SPR,FP32,CUSTOM,8000,Power [W],26,0.0
SPR,FP32,CUSTOM,8000,Power [W],27,0.0
SPR,FP32,CUSTOM,8000,Power [W],28,0.0
SPR,FP32,CUSTOM,8000,Power [W],29,0.0
SPR,FP32,CUSTOM,8000,Power [W],30,0.0
SPR,FP32,CUSTOM,8000,Power [W],31,0.0
SPR,FP32,CUSTOM,8000,Power [W],32,0.0
SPR,FP32,CUSTOM,8000,Power [W],33,0.0
SPR,FP32,CUSTOM,8000,Power [W],34,0.0
SPR,FP32,CUSTOM,8000,Power [W],35,0.0
SPR,FP32,CUSTOM,8000,Power [W],36,0.0
SPR,FP32,CUSTOM,8000,Power [W],37,0.0
SPR,FP32,CUSTOM,8000,Power [W],38,0.0
SPR,FP32,CUSTOM,8000,Power [W],39,0.0
SPR,FP32,CUSTOM,8000,Power [W],40,0.0
SPR,FP32,CUSTOM,8000,Power [W],41,0.0
SPR,FP32,CUSTOM,8000,Power [W],42,0.0
SPR,FP32,CUSTOM,8000,Power [W],43,0.0
SPR,FP32,CUSTOM,8000,Power [W],44,0.0
SPR,FP32,CUSTOM,8000,Power [W],45,0.0
SPR,FP32,CUSTOM,8000,Power [W],46,0.0
SPR,FP32,CUSTOM,8000,Power [W],47,0.0
SPR,FP32,CUSTOM,8000,Power [W],48,0.0
SPR,FP32,CUSTOM,8000,Power [W],49,0.0
SPR,FP32,CUSTOM,8000,Power [W],50,0.0
SPR,FP32,CUSTOM,8000,Power [W],51,0.0
SPR,FP32,CUSTOM,8000,Power [W],52,346.8494
SPR,FP32,CUSTOM,8000,Power [W],53,0.0
SPR,FP32,CUSTOM,8000,Power [W],54,0.0
SPR,FP32,CUSTOM,8000,Power [W],55,0.0
SPR,FP32,CUSTOM,8000,Power [W],56,0.0
SPR,FP32,CUSTOM,8000,Power [W],57,0.0
SPR,FP32,CUSTOM,8000,Power [W],58,0.0
SPR,FP32,CUSTOM,8000,Power [W],59,0.0
SPR,FP32,CUSTOM,8000,Power [W],60,0.0
SPR,FP32,CUSTOM,8000,Power [W],61,0.0
SPR,FP32,CUSTOM,8000,Power [W],62,0.0
SPR,FP32,CUSTOM,8000,Power [W],63,0.0
SPR,FP32,CUSTOM,8000,Power [W],64,0.0
SPR,FP32,CUSTOM,8000,Power [W],65,0.0
SPR,FP32,CUSTOM,8000,Power [W],66,0.0
SPR,FP32,CUSTOM,8000,Power [W],67,0.0
SPR,FP32,CUSTOM,8000,Power [W],68,0.0
SPR,FP32,CUSTOM,8000,Power [W],69,0.0
SPR,FP32,CUSTOM,8000,Power [W],70,0.0
SPR,FP32,CUSTOM,8000,Power [W],71,0.0
SPR,FP32,CUSTOM,8000,Power [W],72,0.0
SPR,FP32,CUSTOM,8000,Power [W],73,0.0
SPR,FP32,CUSTOM,8000,Power [W],74,0.0
SPR,FP32,CUSTOM,8000,Power [W],75,0.0
SPR,FP32,CUSTOM,8000,Power [W],76,0.0
SPR,FP32,CUSTOM,8000,Power [W],77,0.0
SPR,FP32,CUSTOM,8000,Power [W],78,0.0
SPR,FP32,CUSTOM,8000,Power [W],79,0.0
SPR,FP32,CUSTOM,8000,Power [W],80,0.0
SPR,FP32,CUSTOM,8000,Power [W],81,0.0
SPR,FP32,CUSTOM,8000,Power [W],82,0.0
SPR,FP32,CUSTOM,8000,Power [W],83,0.0
SPR,FP32,CUSTOM,8000,Power [W],84,0.0
SPR,FP32,CUSTOM,8000,Power [W],85,0.0
SPR,FP32,CUSTOM,8000,Power [W],86,0.0
SPR,FP32,CUSTOM,8000,Power [W],87,0.0
SPR,FP32,CUSTOM,8000,Power [W],88,0.0
SPR,FP32,CUSTOM,8000,Power [W],89,0.0
SPR,FP32,CUSTOM,8000,Power [W],90,0.0
SPR,FP32,CUSTOM,8000,Power [W],91,0.0
SPR,FP32,CUSTOM,8000,Power [W],92,0.0
SPR,FP32,CUSTOM,8000,Power [W],93,0.0
SPR,FP32,CUSTOM,8000,Power [W],94,0.0
SPR,FP32,CUSTOM,8000,Power [W],95,0.0
SPR,FP32,CUSTOM,8000,Power [W],96,0.0
SPR,FP32,CUSTOM,8000,Power [W],97,0.0
SPR,FP32,CUSTOM,8000,Power [W],98,0.0
SPR,FP32,CUSTOM,8000,Power [W],99,0.0
SPR,FP32,CUSTOM,8000,Power [W],100,0.0
SPR,FP32,CUSTOM,8000,Power [W],101,0.0
SPR,FP32,CUSTOM,8000,Power [W],102,0.0
SPR,FP32,CUSTOM,8000,Power [W],103,0.0
SPR,FP32,CUSTOM,8000,Energy PP0 [J],0,0.0
SPR,FP32,CUSTOM,8000,Energy PP0 [J],1,0.0
SPR,FP32,CUSTOM,8000,Energy PP0 [J],2,0.0
SPR,FP32,CUSTOM,8000,Energy PP0 [J],3,0.0
SPR,FP32,CUSTOM,8000,Energy PP0 [J],4,0.0
SPR,FP32,CUSTOM,8000,Energy PP0 [J],5,0.0
SPR,FP32,CUSTOM,8000,Energy PP0 [J],6,0.0
SPR,FP32,CUSTOM,8000,Energy PP0 [J],7,0.0
SPR,FP32,CUSTOM,8000,Energy PP0 [J],8,0.0
SPR,FP32,CUSTOM,8000,Energy PP0 [J],9,0.0
SPR,FP32,CUSTOM,8000,Energy PP0 [J],10,0.0
SPR,FP32,CUSTOM,8000,Energy PP0 [J],11,0.0
SPR,FP32,CUSTOM,8000,Energy PP0 [J],12,0.0
SPR,FP32,CUSTOM,8000,Energy PP0 [J],13,0.0
SPR,FP32,CUSTOM,8000,Energy PP0 [J],14,0.0
SPR,FP32,CUSTOM,8000,Energy PP0 [J],15,0.0
SPR,FP32,CUSTOM,8000,Energy PP0 [J],16,0.0
SPR,FP32,CUSTOM,8000,Energy PP0 [J],17,0.0
SPR,FP32,CUSTOM,8000,Energy PP0 [J],18,0.0
SPR,FP32,CUSTOM,8000,Energy PP0 [J],19,0.0
SPR,FP32,CUSTOM,8000,Energy PP0 [J],20,0.0
SPR,FP32,CUSTOM,8000,Energy PP0 [J],21,0.0
SPR,FP32,CUSTOM,8000,Energy PP0 [J],22,0.0
SPR,FP32,CUSTOM,8000,Energy PP0 [J],23,0.0
SPR,FP32,CUSTOM,8000,Energy PP0 [J],24,0.0
SPR,FP32,CUSTOM,8000,Energy PP0 [J],25,0.0
SPR,FP32,CUSTOM,8000,Energy PP0 [J],26,0.0
SPR,FP32,CUSTOM,8000,Energy PP0 [J],27,0.0
SPR,FP32,CUSTOM,8000,Energy PP0 [J],28,0.0
SPR,FP32,CUSTOM,8000,Energy PP0 [J],29,0.0
SPR,FP32,CUSTOM,8000,Energy PP0 [J],30,0.0
SPR,FP32,CUSTOM,8000,Energy PP0 [J],31,0.0
SPR,FP32,CUSTOM,8000,Energy PP0 [J],32,0.0
SPR,FP32,CUSTOM,8000,Energy PP0 [J],33,0.0
SPR,FP32,CUSTOM,8000,Energy PP0 [J],34,0.0
SPR,FP32,CUSTOM,8000,Energy PP0 [J],35,0.0
SPR,FP32,CUSTOM,8000,Energy PP0 [J],36,0.0
SPR,FP32,CUSTOM,8000,Energy PP0 [J],37,0.0
SPR,FP32,CUSTOM,8000,Energy PP0 [J],38,0.0
SPR,FP32,CUSTOM,8000,Energy PP0 [J],39,0.0
SPR,FP32,CUSTOM,8000,Energy PP0 [J],40,0.0
SPR,FP32,CUSTOM,8000,Energy PP0 [J],41,0.0
SPR,FP32,CUSTOM,8000,Energy PP0 [J],42,0.0
SPR,FP32,CUSTOM,8000,Energy PP0 [J],43,0.0
SPR,FP32,CUSTOM,8000,Energy PP0 [J],44,0.0
SPR,FP32,CUSTOM,8000,Energy PP0 [J],45,0.0
SPR,FP32,CUSTOM,8000,Energy PP0 [J],46,0.0
SPR,FP32,CUSTOM,8000,Energy PP0 [J],47,0.0
SPR,FP32,CUSTOM,8000,Energy PP0 [J],48,0.0
SPR,FP32,CUSTOM,8000,Energy PP0 [J],49,0.0
SPR,FP32,CUSTOM,8000,Energy PP0 [J],50,0.0
SPR,FP32,CUSTOM,8000,Energy PP0 [J],51,0.0
SPR,FP32,CUSTOM,8000,Energy PP0 [J],52,0.0
SPR,FP32,CUSTOM,8000,Energy PP0 [J],53,0.0
SPR,FP32,CUSTOM,8000,Energy PP0 [J],54,0.0
SPR,FP32,CUSTOM,8000,Energy PP0 [J],55,0.0
SPR,FP32,CUSTOM,8000,Energy PP0 [J],56,0.0
SPR,FP32,CUSTOM,8000,Energy PP0 [J],57,0.0
SPR,FP32,CUSTOM,8000,Energy PP0 [J],58,0.0
SPR,FP32,CUSTOM,8000,Energy PP0 [J],59,0.0
SPR,FP32,CUSTOM,8000,Energy PP0 [J],60,0.0
SPR,FP32,CUSTOM,8000,Energy PP0 [J],61,0.0
SPR,FP32,CUSTOM,8000,Energy PP0 [J],62,0.0
SPR,FP32,CUSTOM,8000,Energy PP0 [J],63,0.0
SPR,FP32,CUSTOM,8000,Energy PP0 [J],64,0.0
SPR,FP32,CUSTOM,8000,Energy PP0 [J],65,0.0
SPR,FP32,CUSTOM,8000,Energy PP0 [J],66,0.0
SPR,FP32,CUSTOM,8000,Energy PP0 [J],67,0.0
SPR,FP32,CUSTOM,8000,Energy PP0 [J],68,0.0
SPR,FP32,CUSTOM,8000,Energy PP0 [J],69,0.0
SPR,FP32,CUSTOM,8000,Energy PP0 [J],70,0.0
SPR,FP32,CUSTOM,8000,Energy PP0 [J],71,0.0
SPR,FP32,CUSTOM,8000,Energy PP0 [J],72,0.0
SPR,FP32,CUSTOM,8000,Energy PP0 [J],73,0.0
SPR,FP32,CUSTOM,8000,Energy PP0 [J],74,0.0
SPR,FP32,CUSTOM,8000,Energy PP0 [J],75,0.0
SPR,FP32,CUSTOM,8000,Energy PP0 [J],76,0.0
SPR,FP32,CUSTOM,8000,Energy PP0 [J],77,0.0
SPR,FP32,CUSTOM,8000,Energy PP0 [J],78,0.0
SPR,FP32,CUSTOM,8000,Energy PP0 [J],79,0.0
SPR,FP32,CUSTOM,8000,Energy PP0 [J],80,0.0
SPR,FP32,CUSTOM,8000,Energy PP0 [J],81,0.0
SPR,FP32,CUSTOM,8000,Energy PP0 [J],82,0.0
SPR,FP32,CUSTOM,8000,Energy PP0 [J],83,0.0
SPR,FP32,CUSTOM,8000,Energy PP0 [J],84,0.0
SPR,FP32,CUSTOM,8000,Energy PP0 [J],85,0.0
SPR,FP32,CUSTOM,8000,Energy PP0 [J],86,0.0
SPR,FP32,CUSTOM,8000,Energy PP0 [J],87,0.0
SPR,FP32,CUSTOM,8000,Energy PP0 [J],88,0.0
SPR,FP32,CUSTOM,8000,Energy PP0 [J],89,0.0
SPR,FP32,CUSTOM,8000,Energy PP0 [J],90,0.0
SPR,FP32,CUSTOM,8000,Energy PP0 [J],91,0.0
SPR,FP32,CUSTOM,8000,Energy PP0 [J],92,0.0
SPR,FP32,CUSTOM,8000,Energy PP0 [J],93,0.0
SPR,FP32,CUSTOM,8000,Energy PP0 [J],94,0.0
SPR,FP32,CUSTOM,8000,Energy PP0 [J],95,0.0
SPR,FP32,CUSTOM,8000,Energy PP0 [J],96,0.0
SPR,FP32,CUSTOM,8000,Energy PP0 [J],97,0.0
SPR,FP32,CUSTOM,8000,Energy PP0 [J],98,0.0
SPR,FP32,CUSTOM,8000,Energy PP0 [J],99,0.0
SPR,FP32,CUSTOM,8000,Energy PP0 [J],100,0.0
SPR,FP32,CUSTOM,8000,Energy PP0 [J],101,0.0
SPR,FP32,CUSTOM,8000,Energy PP0 [J],102,0.0
SPR,FP32,CUSTOM,8000,Energy PP0 [J],103,0.0
SPR,FP32,CUSTOM,8000,Power PP0 [W],0,0.0
SPR,FP32,CUSTOM,8000,Power PP0 [W],1,0.0
SPR,FP32,CUSTOM,8000,Power PP0 [W],2,0.0
SPR,FP32,CUSTOM,8000,Power PP0 [W],3,0.0
SPR,FP32,CUSTOM,8000,Power PP0 [W],4,0.0
SPR,FP32,CUSTOM,8000,Power PP0 [W],5,0.0
SPR,FP32,CUSTOM,8000,Power PP0 [W],6,0.0
SPR,FP32,CUSTOM,8000,Power PP0 [W],7,0.0
SPR,FP32,CUSTOM,8000,Power PP0 [W],8,0.0
SPR,FP32,CUSTOM,8000,Power PP0 [W],9,0.0
SPR,FP32,CUSTOM,8000,Power PP0 [W],10,0.0
SPR,FP32,CUSTOM,8000,Power PP0 [W],11,0.0
SPR,FP32,CUSTOM,8000,Power PP0 [W],12,0.0
SPR,FP32,CUSTOM,8000,Power PP0 [W],13,0.0
SPR,FP32,CUSTOM,8000,Power PP0 [W],14,0.0
SPR,FP32,CUSTOM,8000,Power PP0 [W],15,0.0
SPR,FP32,CUSTOM,8000,Power PP0 [W],16,0.0
SPR,FP32,CUSTOM,8000,Power PP0 [W],17,0.0
SPR,FP32,CUSTOM,8000,Power PP0 [W],18,0.0
SPR,FP32,CUSTOM,8000,Power PP0 [W],19,0.0
SPR,FP32,CUSTOM,8000,Power PP0 [W],20,0.0
SPR,FP32,CUSTOM,8000,Power PP0 [W],21,0.0
SPR,FP32,CUSTOM,8000,Power PP0 [W],22,0.0
SPR,FP32,CUSTOM,8000,Power PP0 [W],23,0.0
SPR,FP32,CUSTOM,8000,Power PP0 [W],24,0.0
SPR,FP32,CUSTOM,8000,Power PP0 [W],25,0.0
SPR,FP32,CUSTOM,8000,Power PP0 [W],26,0.0
SPR,FP32,CUSTOM,8000,Power PP0 [W],27,0.0
SPR,FP32,CUSTOM,8000,Power PP0 [W],28,0.0
SPR,FP32,CUSTOM,8000,Power PP0 [W],29,0.0
SPR,FP32,CUSTOM,8000,Power PP0 [W],30,0.0
SPR,FP32,CUSTOM,8000,Power PP0 [W],31,0.0
SPR,FP32,CUSTOM,8000,Power PP0 [W],32,0.0
SPR,FP32,CUSTOM,8000,Power PP0 [W],33,0.0
SPR,FP32,CUSTOM,8000,Power PP0 [W],34,0.0
SPR,FP32,CUSTOM,8000,Power PP0 [W],35,0.0
SPR,FP32,CUSTOM,8000,Power PP0 [W],36,0.0
SPR,FP32,CUSTOM,8000,Power PP0 [W],37,0.0
SPR,FP32,CUSTOM,8000,Power PP0 [W],38,0.0
SPR,FP32,CUSTOM,8000,Power PP0 [W],39,0.0
SPR,FP32,CUSTOM,8000,Power PP0 [W],40,0.0
SPR,FP32,CUSTOM,8000,Power PP0 [W],41,0.0
SPR,FP32,CUSTOM,8000,Power PP0 [W],42,0.0
SPR,FP32,CUSTOM,8000,Power PP0 [W],43,0.0
SPR,FP32,CUSTOM,8000,Power PP0 [W],44,0.0
SPR,FP32,CUSTOM,8000,Power PP0 [W],45,0.0
SPR,FP32,CUSTOM,8000,Power PP0 [W],46,0.0
SPR,FP32,CUSTOM,8000,Power PP0 [W],47,0.0
SPR,FP32,CUSTOM,8000,Power PP0 [W],48,0.0
SPR,FP32,CUSTOM,8000,Power PP0 [W],49,0.0
SPR,FP32,CUSTOM,8000,Power PP0 [W],50,0.0
SPR,FP32,CUSTOM,8000,Power PP0 [W],51,0.0
SPR,FP32,CUSTOM,8000,Power PP0 [W],52,0.0
SPR,FP32,CUSTOM,8000,Power PP0 [W],53,0.0
SPR,FP32,CUSTOM,8000,Power PP0 [W],54,0.0
SPR,FP32,CUSTOM,8000,Power PP0 [W],55,0.0
SPR,FP32,CUSTOM,8000,Power PP0 [W],56,0.0
SPR,FP32,CUSTOM,8000,Power PP0 [W],57,0.0
SPR,FP32,CUSTOM,8000,Power PP0 [W],58,0.0
SPR,FP32,CUSTOM,8000,Power PP0 [W],59,0.0
SPR,FP32,CUSTOM,8000,Power PP0 [W],60,0.0
SPR,FP32,CUSTOM,8000,Power PP0 [W],61,0.0
SPR,FP32,CUSTOM,8000,Power PP0 [W],62,0.0
SPR,FP32,CUSTOM,8000,Power PP0 [W],63,0.0
SPR,FP32,CUSTOM,8000,Power PP0 [W],64,0.0
SPR,FP32,CUSTOM,8000,Power PP0 [W],65,0.0
SPR,FP32,CUSTOM,8000,Power PP0 [W],66,0.0
SPR,FP32,CUSTOM,8000,Power PP0 [W],67,0.0
SPR,FP32,CUSTOM,8000,Power PP0 [W],68,0.0
SPR,FP32,CUSTOM,8000,Power PP0 [W],69,0.0
SPR,FP32,CUSTOM,8000,Power PP0 [W],70,0.0
SPR,FP32,CUSTOM,8000,Power PP0 [W],71,0.0
SPR,FP32,CUSTOM,8000,Power PP0 [W],72,0.0
SPR,FP32,CUSTOM,8000,Power PP0 [W],73,0.0
SPR,FP32,CUSTOM,8000,Power PP0 [W],74,0.0
SPR,FP32,CUSTOM,8000,Power PP0 [W],75,0.0
SPR,FP32,CUSTOM,8000,Power PP0 [W],76,0.0
SPR,FP32,CUSTOM,8000,Power PP0 [W],77,0.0
SPR,FP32,CUSTOM,8000,Power PP0 [W],78,0.0
SPR,FP32,CUSTOM,8000,Power PP0 [W],79,0.0
SPR,FP32,CUSTOM,8000,Power PP0 [W],80,0.0
SPR,FP32,CUSTOM,8000,Power PP0 [W],81,0.0
SPR,FP32,CUSTOM,8000,Power PP0 [W],82,0.0
SPR,FP32,CUSTOM,8000,Power PP0 [W],83,0.0
SPR,FP32,CUSTOM,8000,Power PP0 [W],84,0.0
SPR,FP32,CUSTOM,8000,Power PP0 [W],85,0.0
SPR,FP32,CUSTOM,8000,Power PP0 [W],86,0.0
SPR,FP32,CUSTOM,8000,Power PP0 [W],87,0.0
SPR,FP32,CUSTOM,8000,Power PP0 [W],88,0.0
SPR,FP32,CUSTOM,8000,Power PP0 [W],89,0.0
SPR,FP32,CUSTOM,8000,Power PP0 [W],90,0.0
SPR,FP32,CUSTOM,8000,Power PP0 [W],91,0.0
SPR,FP32,CUSTOM,8000,Power PP0 [W],92,0.0
SPR,FP32,CUSTOM,8000,Power PP0 [W],93,0.0
SPR,FP32,CUSTOM,8000,Power PP0 [W],94,0.0
SPR,FP32,CUSTOM,8000,Power PP0 [W],95,0.0
SPR,FP32,CUSTOM,8000,Power PP0 [W],96,0.0
SPR,FP32,CUSTOM,8000,Power PP0 [W],97,0.0
SPR,FP32,CUSTOM,8000,Power PP0 [W],98,0.0
SPR,FP32,CUSTOM,8000,Power PP0 [W],99,0.0
SPR,FP32,CUSTOM,8000,Power PP0 [W],100,0.0
SPR,FP32,CUSTOM,8000,Power PP0 [W],101,0.0
SPR,FP32,CUSTOM,8000,Power PP0 [W],102,0.0
SPR,FP32,CUSTOM,8000,Power PP0 [W],103,0.0
SPR,FP32,CUSTOM,8000,Energy DRAM [J],0,30148.1397
SPR,FP32,CUSTOM,8000,Energy DRAM [J],1,0.0
SPR,FP32,CUSTOM,8000,Energy DRAM [J],2,0.0
SPR,FP32,CUSTOM,8000,Energy DRAM [J],3,0.0
SPR,FP32,CUSTOM,8000,Energy DRAM [J],4,0.0
SPR,FP32,CUSTOM,8000,Energy DRAM [J],5,0.0
SPR,FP32,CUSTOM,8000,Energy DRAM [J],6,0.0
SPR,FP32,CUSTOM,8000,Energy DRAM [J],7,0.0
SPR,FP32,CUSTOM,8000,Energy DRAM [J],8,0.0
SPR,FP32,CUSTOM,8000,Energy DRAM [J],9,0.0
SPR,FP32,CUSTOM,8000,Energy DRAM [J],10,0.0
SPR,FP32,CUSTOM,8000,Energy DRAM [J],11,0.0
SPR,FP32,CUSTOM,8000,Energy DRAM [J],12,0.0
SPR,FP32,CUSTOM,8000,Energy DRAM [J],13,0.0
SPR,FP32,CUSTOM,8000,Energy DRAM [J],14,0.0
SPR,FP32,CUSTOM,8000,Energy DRAM [J],15,0.0
SPR,FP32,CUSTOM,8000,Energy DRAM [J],16,0.0
SPR,FP32,CUSTOM,8000,Energy DRAM [J],17,0.0
SPR,FP32,CUSTOM,8000,Energy DRAM [J],18,0.0
SPR,FP32,CUSTOM,8000,Energy DRAM [J],19,0.0
SPR,FP32,CUSTOM,8000,Energy DRAM [J],20,0.0
SPR,FP32,CUSTOM,8000,Energy DRAM [J],21,0.0
SPR,FP32,CUSTOM,8000,Energy DRAM [J],22,0.0
SPR,FP32,CUSTOM,8000,Energy DRAM [J],23,0.0
SPR,FP32,CUSTOM,8000,Energy DRAM [J],24,0.0
SPR,FP32,CUSTOM,8000,Energy DRAM [J],25,0.0
SPR,FP32,CUSTOM,8000,Energy DRAM [J],26,0.0
SPR,FP32,CUSTOM,8000,Energy DRAM [J],27,0.0
SPR,FP32,CUSTOM,8000,Energy DRAM [J],28,0.0
SPR,FP32,CUSTOM,8000,Energy DRAM [J],29,0.0
SPR,FP32,CUSTOM,8000,Energy DRAM [J],30,0.0
SPR,FP32,CUSTOM,8000,Energy DRAM [J],31,0.0
SPR,FP32,CUSTOM,8000,Energy DRAM [J],32,0.0
SPR,FP32,CUSTOM,8000,Energy DRAM [J],33,0.0
SPR,FP32,CUSTOM,8000,Energy DRAM [J],34,0.0
SPR,FP32,CUSTOM,8000,Energy DRAM [J],35,0.0
SPR,FP32,CUSTOM,8000,Energy DRAM [J],36,0.0
SPR,FP32,CUSTOM,8000,Energy DRAM [J],37,0.0
SPR,FP32,CUSTOM,8000,Energy DRAM [J],38,0.0
SPR,FP32,CUSTOM,8000,Energy DRAM [J],39,0.0
SPR,FP32,CUSTOM,8000,Energy DRAM [J],40,0.0
SPR,FP32,CUSTOM,8000,Energy DRAM [J],41,0.0
SPR,FP32,CUSTOM,8000,Energy DRAM [J],42,0.0
SPR,FP32,CUSTOM,8000,Energy DRAM [J],43,0.0
SPR,FP32,CUSTOM,8000,Energy DRAM [J],44,0.0
SPR,FP32,CUSTOM,8000,Energy DRAM [J],45,0.0
SPR,FP32,CUSTOM,8000,Energy DRAM [J],46,0.0
SPR,FP32,CUSTOM,8000,Energy DRAM [J],47,0.0
SPR,FP32,CUSTOM,8000,Energy DRAM [J],48,0.0
SPR,FP32,CUSTOM,8000,Energy DRAM [J],49,0.0
SPR,FP32,CUSTOM,8000,Energy DRAM [J],50,0.0
SPR,FP32,CUSTOM,8000,Energy DRAM [J],51,0.0
SPR,FP32,CUSTOM,8000,Energy DRAM [J],52,29666.6688
SPR,FP32,CUSTOM,8000,Energy DRAM [J],53,0.0
SPR,FP32,CUSTOM,8000,Energy DRAM [J],54,0.0
SPR,FP32,CUSTOM,8000,Energy DRAM [J],55,0.0
SPR,FP32,CUSTOM,8000,Energy DRAM [J],56,0.0
SPR,FP32,CUSTOM,8000,Energy DRAM [J],57,0.0
SPR,FP32,CUSTOM,8000,Energy DRAM [J],58,0.0
SPR,FP32,CUSTOM,8000,Energy DRAM [J],59,0.0
SPR,FP32,CUSTOM,8000,Energy DRAM [J],60,0.0
SPR,FP32,CUSTOM,8000,Energy DRAM [J],61,0.0
SPR,FP32,CUSTOM,8000,Energy DRAM [J],62,0.0
SPR,FP32,CUSTOM,8000,Energy DRAM [J],63,0.0
SPR,FP32,CUSTOM,8000,Energy DRAM [J],64,0.0
SPR,FP32,CUSTOM,8000,Energy DRAM [J],65,0.0
SPR,FP32,CUSTOM,8000,Energy DRAM [J],66,0.0
SPR,FP32,CUSTOM,8000,Energy DRAM [J],67,0.0
SPR,FP32,CUSTOM,8000,Energy DRAM [J],68,0.0
SPR,FP32,CUSTOM,8000,Energy DRAM [J],69,0.0
SPR,FP32,CUSTOM,8000,Energy DRAM [J],70,0.0
SPR,FP32,CUSTOM,8000,Energy DRAM [J],71,0.0
SPR,FP32,CUSTOM,8000,Energy DRAM [J],72,0.0
SPR,FP32,CUSTOM,8000,Energy DRAM [J],73,0.0
SPR,FP32,CUSTOM,8000,Energy DRAM [J],74,0.0
SPR,FP32,CUSTOM,8000,Energy DRAM [J],75,0.0
SPR,FP32,CUSTOM,8000,Energy DRAM [J],76,0.0
SPR,FP32,CUSTOM,8000,Energy DRAM [J],77,0.0
SPR,FP32,CUSTOM,8000,Energy DRAM [J],78,0.0
SPR,FP32,CUSTOM,8000,Energy DRAM [J],79,0.0
SPR,FP32,CUSTOM,8000,Energy DRAM [J],80,0.0
SPR,FP32,CUSTOM,8000,Energy DRAM [J],81,0.0
SPR,FP32,CUSTOM,8000,Energy DRAM [J],82,0.0
SPR,FP32,CUSTOM,8000,Energy DRAM [J],83,0.0
SPR,FP32,CUSTOM,8000,Energy DRAM [J],84,0.0
SPR,FP32,CUSTOM,8000,Energy DRAM [J],85,0.0
SPR,FP32,CUSTOM,8000,Energy DRAM [J],86,0.0
SPR,FP32,CUSTOM,8000,Energy DRAM [J],87,0.0
SPR,FP32,CUSTOM,8000,Energy DRAM [J],88,0.0
SPR,FP32,CUSTOM,8000,Energy DRAM [J],89,0.0
SPR,FP32,CUSTOM,8000,Energy DRAM [J],90,0.0
SPR,FP32,CUSTOM,8000,Energy DRAM [J],91,0.0
SPR,FP32,CUSTOM,8000,Energy DRAM [J],92,0.0
SPR,FP32,CUSTOM,8000,Energy DRAM [J],93,0.0
SPR,FP32,CUSTOM,8000,Energy DRAM [J],94,0.0
SPR,FP32,CUSTOM,8000,Energy DRAM [J],95,0.0
SPR,FP32,CUSTOM,8000,Energy DRAM [J],96,0.0
SPR,FP32,CUSTOM,8000,Energy DRAM [J],97,0.0
SPR,FP32,CUSTOM,8000,Energy DRAM [J],98,0.0
SPR,FP32,CUSTOM,8000,Energy DRAM [J],99,0.0
SPR,FP32,CUSTOM,8000,Energy DRAM [J],100,0.0
SPR,FP32,CUSTOM,8000,Energy DRAM [J],101,0.0
SPR,FP32,CUSTOM,8000,Energy DRAM [J],102,0.0
SPR,FP32,CUSTOM,8000,Energy DRAM [J],103,0.0
SPR,FP32,CUSTOM,8000,Power DRAM [W],0,17.7905
SPR,FP32,CUSTOM,8000,Power DRAM [W],1,0.0
SPR,FP32,CUSTOM,8000,Power DRAM [W],2,0.0
SPR,FP32,CUSTOM,8000,Power DRAM [W],3,0.0
SPR,FP32,CUSTOM,8000,Power DRAM [W],4,0.0
SPR,FP32,CUSTOM,8000,Power DRAM [W],5,0.0
SPR,FP32,CUSTOM,8000,Power DRAM [W],6,0.0
SPR,FP32,CUSTOM,8000,Power DRAM [W],7,0.0
SPR,FP32,CUSTOM,8000,Power DRAM [W],8,0.0
SPR,FP32,CUSTOM,8000,Power DRAM [W],9,0.0
SPR,FP32,CUSTOM,8000,Power DRAM [W],10,0.0
SPR,FP32,CUSTOM,8000,Power DRAM [W],11,0.0
SPR,FP32,CUSTOM,8000,Power DRAM [W],12,0.0
SPR,FP32,CUSTOM,8000,Power DRAM [W],13,0.0
SPR,FP32,CUSTOM,8000,Power DRAM [W],14,0.0
SPR,FP32,CUSTOM,8000,Power DRAM [W],15,0.0
SPR,FP32,CUSTOM,8000,Power DRAM [W],16,0.0
SPR,FP32,CUSTOM,8000,Power DRAM [W],17,0.0
SPR,FP32,CUSTOM,8000,Power DRAM [W],18,0.0
SPR,FP32,CUSTOM,8000,Power DRAM [W],19,0.0
SPR,FP32,CUSTOM,8000,Power DRAM [W],20,0.0
SPR,FP32,CUSTOM,8000,Power DRAM [W],21,0.0
SPR,FP32,CUSTOM,8000,Power DRAM [W],22,0.0
SPR,FP32,CUSTOM,8000,Power DRAM [W],23,0.0
SPR,FP32,CUSTOM,8000,Power DRAM [W],24,0.0
SPR,FP32,CUSTOM,8000,Power DRAM [W],25,0.0
SPR,FP32,CUSTOM,8000,Power DRAM [W],26,0.0
SPR,FP32,CUSTOM,8000,Power DRAM [W],27,0.0
SPR,FP32,CUSTOM,8000,Power DRAM [W],28,0.0
SPR,FP32,CUSTOM,8000,Power DRAM [W],29,0.0
SPR,FP32,CUSTOM,8000,Power DRAM [W],30,0.0
SPR,FP32,CUSTOM,8000,Power DRAM [W],31,0.0
SPR,FP32,CUSTOM,8000,Power DRAM [W],32,0.0
SPR,FP32,CUSTOM,8000,Power DRAM [W],33,0.0
SPR,FP32,CUSTOM,8000,Power DRAM [W],34,0.0
SPR,FP32,CUSTOM,8000,Power DRAM [W],35,0.0
SPR,FP32,CUSTOM,8000,Power DRAM [W],36,0.0
SPR,FP32,CUSTOM,8000,Power DRAM [W],37,0.0
SPR,FP32,CUSTOM,8000,Power DRAM [W],38,0.0
SPR,FP32,CUSTOM,8000,Power DRAM [W],39,0.0
SPR,FP32,CUSTOM,8000,Power DRAM [W],40,0.0
SPR,FP32,CUSTOM,8000,Power DRAM [W],41,0.0
SPR,FP32,CUSTOM,8000,Power DRAM [W],42,0.0
SPR,FP32,CUSTOM,8000,Power DRAM [W],43,0.0
SPR,FP32,CUSTOM,8000,Power DRAM [W],44,0.0
SPR,FP32,CUSTOM,8000,Power DRAM [W],45,0.0
SPR,FP32,CUSTOM,8000,Power DRAM [W],46,0.0
SPR,FP32,CUSTOM,8000,Power DRAM [W],47,0.0
SPR,FP32,CUSTOM,8000,Power DRAM [W],48,0.0
SPR,FP32,CUSTOM,8000,Power DRAM [W],49,0.0
SPR,FP32,CUSTOM,8000,Power DRAM [W],50,0.0
SPR,FP32,CUSTOM,8000,Power DRAM [W],51,0.0
SPR,FP32,CUSTOM,8000,Power DRAM [W],52,17.5064
SPR,FP32,CUSTOM,8000,Power DRAM [W],53,0.0
SPR,FP32,CUSTOM,8000,Power DRAM [W],54,0.0
SPR,FP32,CUSTOM,8000,Power DRAM [W],55,0.0
SPR,FP32,CUSTOM,8000,Power DRAM [W],56,0.0
SPR,FP32,CUSTOM,8000,Power DRAM [W],57,0.0
SPR,FP32,CUSTOM,8000,Power DRAM [W],58,0.0
SPR,FP32,CUSTOM,8000,Power DRAM [W],59,0.0
SPR,FP32,CUSTOM,8000,Power DRAM [W],60,0.0
SPR,FP32,CUSTOM,8000,Power DRAM [W],61,0.0
SPR,FP32,CUSTOM,8000,Power DRAM [W],62,0.0
SPR,FP32,CUSTOM,8000,Power DRAM [W],63,0.0
SPR,FP32,CUSTOM,8000,Power DRAM [W],64,0.0
SPR,FP32,CUSTOM,8000,Power DRAM [W],65,0.0
SPR,FP32,CUSTOM,8000,Power DRAM [W],66,0.0
SPR,FP32,CUSTOM,8000,Power DRAM [W],67,0.0
SPR,FP32,CUSTOM,8000,Power DRAM [W],68,0.0
SPR,FP32,CUSTOM,8000,Power DRAM [W],69,0.0
SPR,FP32,CUSTOM,8000,Power DRAM [W],70,0.0
SPR,FP32,CUSTOM,8000,Power DRAM [W],71,0.0
SPR,FP32,CUSTOM,8000,Power DRAM [W],72,0.0
SPR,FP32,CUSTOM,8000,Power DRAM [W],73,0.0
SPR,FP32,CUSTOM,8000,Power DRAM [W],74,0.0
SPR,FP32,CUSTOM,8000,Power DRAM [W],75,0.0
SPR,FP32,CUSTOM,8000,Power DRAM [W],76,0.0
SPR,FP32,CUSTOM,8000,Power DRAM [W],77,0.0
SPR,FP32,CUSTOM,8000,Power DRAM [W],78,0.0
SPR,FP32,CUSTOM,8000,Power DRAM [W],79,0.0
SPR,FP32,CUSTOM,8000,Power DRAM [W],80,0.0
SPR,FP32,CUSTOM,8000,Power DRAM [W],81,0.0
SPR,FP32,CUSTOM,8000,Power DRAM [W],82,0.0
SPR,FP32,CUSTOM,8000,Power DRAM [W],83,0.0
SPR,FP32,CUSTOM,8000,Power DRAM [W],84,0.0
SPR,FP32,CUSTOM,8000,Power DRAM [W],85,0.0
SPR,FP32,CUSTOM,8000,Power DRAM [W],86,0.0
SPR,FP32,CUSTOM,8000,Power DRAM [W],87,0.0
SPR,FP32,CUSTOM,8000,Power DRAM [W],88,0.0
SPR,FP32,CUSTOM,8000,Power DRAM [W],89,0.0
SPR,FP32,CUSTOM,8000,Power DRAM [W],90,0.0
SPR,FP32,CUSTOM,8000,Power DRAM [W],91,0.0
SPR,FP32,CUSTOM,8000,Power DRAM [W],92,0.0
SPR,FP32,CUSTOM,8000,Power DRAM [W],93,0.0
SPR,FP32,CUSTOM,8000,Power DRAM [W],94,0.0
SPR,FP32,CUSTOM,8000,Power DRAM [W],95,0.0
SPR,FP32,CUSTOM,8000,Power DRAM [W],96,0.0
SPR,FP32,CUSTOM,8000,Power DRAM [W],97,0.0
SPR,FP32,CUSTOM,8000,Power DRAM [W],98,0.0
SPR,FP32,CUSTOM,8000,Power DRAM [W],99,0.0
SPR,FP32,CUSTOM,8000,Power DRAM [W],100,0.0
SPR,FP32,CUSTOM,8000,Power DRAM [W],101,0.0
SPR,FP32,CUSTOM,8000,Power DRAM [W],102,0.0
SPR,FP32,CUSTOM,8000,Power DRAM [W],103,0.0
SPR,FP32,CUSTOM,8000,Energy PLATFORM [J],0,95.4778
SPR,FP32,CUSTOM,8000,Energy PLATFORM [J],1,0.0
SPR,FP32,CUSTOM,8000,Energy PLATFORM [J],2,0.0
SPR,FP32,CUSTOM,8000,Energy PLATFORM [J],3,0.0
SPR,FP32,CUSTOM,8000,Energy PLATFORM [J],4,0.0
SPR,FP32,CUSTOM,8000,Energy PLATFORM [J],5,0.0
SPR,FP32,CUSTOM,8000,Energy PLATFORM [J],6,0.0
SPR,FP32,CUSTOM,8000,Energy PLATFORM [J],7,0.0
SPR,FP32,CUSTOM,8000,Energy PLATFORM [J],8,0.0
SPR,FP32,CUSTOM,8000,Energy PLATFORM [J],9,0.0
SPR,FP32,CUSTOM,8000,Energy PLATFORM [J],10,0.0
SPR,FP32,CUSTOM,8000,Energy PLATFORM [J],11,0.0
SPR,FP32,CUSTOM,8000,Energy PLATFORM [J],12,0.0
SPR,FP32,CUSTOM,8000,Energy PLATFORM [J],13,0.0
SPR,FP32,CUSTOM,8000,Energy PLATFORM [J],14,0.0
SPR,FP32,CUSTOM,8000,Energy PLATFORM [J],15,0.0
SPR,FP32,CUSTOM,8000,Energy PLATFORM [J],16,0.0
SPR,FP32,CUSTOM,8000,Energy PLATFORM [J],17,0.0
SPR,FP32,CUSTOM,8000,Energy PLATFORM [J],18,0.0
SPR,FP32,CUSTOM,8000,Energy PLATFORM [J],19,0.0
SPR,FP32,CUSTOM,8000,Energy PLATFORM [J],20,0.0
SPR,FP32,CUSTOM,8000,Energy PLATFORM [J],21,0.0
SPR,FP32,CUSTOM,8000,Energy PLATFORM [J],22,0.0
SPR,FP32,CUSTOM,8000,Energy PLATFORM [J],23,0.0
SPR,FP32,CUSTOM,8000,Energy PLATFORM [J],24,0.0
SPR,FP32,CUSTOM,8000,Energy PLATFORM [J],25,0.0
SPR,FP32,CUSTOM,8000,Energy PLATFORM [J],26,0.0
SPR,FP32,CUSTOM,8000,Energy PLATFORM [J],27,0.0
SPR,FP32,CUSTOM,8000,Energy PLATFORM [J],28,0.0
SPR,FP32,CUSTOM,8000,Energy PLATFORM [J],29,0.0
SPR,FP32,CUSTOM,8000,Energy PLATFORM [J],30,0.0
SPR,FP32,CUSTOM,8000,Energy PLATFORM [J],31,0.0
SPR,FP32,CUSTOM,8000,Energy PLATFORM [J],32,0.0
SPR,FP32,CUSTOM,8000,Energy PLATFORM [J],33,0.0
SPR,FP32,CUSTOM,8000,Energy PLATFORM [J],34,0.0
SPR,FP32,CUSTOM,8000,Energy PLATFORM [J],35,0.0
SPR,FP32,CUSTOM,8000,Energy PLATFORM [J],36,0.0
SPR,FP32,CUSTOM,8000,Energy PLATFORM [J],37,0.0
SPR,FP32,CUSTOM,8000,Energy PLATFORM [J],38,0.0
SPR,FP32,CUSTOM,8000,Energy PLATFORM [J],39,0.0
SPR,FP32,CUSTOM,8000,Energy PLATFORM [J],40,0.0
SPR,FP32,CUSTOM,8000,Energy PLATFORM [J],41,0.0
SPR,FP32,CUSTOM,8000,Energy PLATFORM [J],42,0.0
SPR,FP32,CUSTOM,8000,Energy PLATFORM [J],43,0.0
SPR,FP32,CUSTOM,8000,Energy PLATFORM [J],44,0.0
SPR,FP32,CUSTOM,8000,Energy PLATFORM [J],45,0.0
SPR,FP32,CUSTOM,8000,Energy PLATFORM [J],46,0.0
SPR,FP32,CUSTOM,8000,Energy PLATFORM [J],47,0.0
SPR,FP32,CUSTOM,8000,Energy PLATFORM [J],48,0.0
SPR,FP32,CUSTOM,8000,Energy PLATFORM [J],49,0.0
SPR,FP32,CUSTOM,8000,Energy PLATFORM [J],50,0.0
SPR,FP32,CUSTOM,8000,Energy PLATFORM [J],51,0.0
SPR,FP32,CUSTOM,8000,Energy PLATFORM [J],52,0.0
SPR,FP32,CUSTOM,8000,Energy PLATFORM [J],53,0.0
SPR,FP32,CUSTOM,8000,Energy PLATFORM [J],54,0.0
SPR,FP32,CUSTOM,8000,Energy PLATFORM [J],55,0.0
SPR,FP32,CUSTOM,8000,Energy PLATFORM [J],56,0.0
SPR,FP32,CUSTOM,8000,Energy PLATFORM [J],57,0.0
SPR,FP32,CUSTOM,8000,Energy PLATFORM [J],58,0.0
SPR,FP32,CUSTOM,8000,Energy PLATFORM [J],59,0.0
SPR,FP32,CUSTOM,8000,Energy PLATFORM [J],60,0.0
SPR,FP32,CUSTOM,8000,Energy PLATFORM [J],61,0.0
SPR,FP32,CUSTOM,8000,Energy PLATFORM [J],62,0.0
SPR,FP32,CUSTOM,8000,Energy PLATFORM [J],63,0.0
SPR,FP32,CUSTOM,8000,Energy PLATFORM [J],64,0.0
SPR,FP32,CUSTOM,8000,Energy PLATFORM [J],65,0.0
SPR,FP32,CUSTOM,8000,Energy PLATFORM [J],66,0.0
SPR,FP32,CUSTOM,8000,Energy PLATFORM [J],67,0.0
SPR,FP32,CUSTOM,8000,Energy PLATFORM [J],68,0.0
SPR,FP32,CUSTOM,8000,Energy PLATFORM [J],69,0.0
SPR,FP32,CUSTOM,8000,Energy PLATFORM [J],70,0.0
SPR,FP32,CUSTOM,8000,Energy PLATFORM [J],71,0.0
SPR,FP32,CUSTOM,8000,Energy PLATFORM [J],72,0.0
SPR,FP32,CUSTOM,8000,Energy PLATFORM [J],73,0.0
SPR,FP32,CUSTOM,8000,Energy PLATFORM [J],74,0.0
SPR,FP32,CUSTOM,8000,Energy PLATFORM [J],75,0.0
SPR,FP32,CUSTOM,8000,Energy PLATFORM [J],76,0.0
SPR,FP32,CUSTOM,8000,Energy PLATFORM [J],77,0.0
SPR,FP32,CUSTOM,8000,Energy PLATFORM [J],78,0.0
SPR,FP32,CUSTOM,8000,Energy PLATFORM [J],79,0.0
SPR,FP32,CUSTOM,8000,Energy PLATFORM [J],80,0.0
SPR,FP32,CUSTOM,8000,Energy PLATFORM [J],81,0.0
SPR,FP32,CUSTOM,8000,Energy PLATFORM [J],82,0.0
SPR,FP32,CUSTOM,8000,Energy PLATFORM [J],83,0.0
SPR,FP32,CUSTOM,8000,Energy PLATFORM [J],84,0.0
SPR,FP32,CUSTOM,8000,Energy PLATFORM [J],85,0.0
SPR,FP32,CUSTOM,8000,Energy PLATFORM [J],86,0.0
SPR,FP32,CUSTOM,8000,Energy PLATFORM [J],87,0.0
SPR,FP32,CUSTOM,8000,Energy PLATFORM [J],88,0.0
SPR,FP32,CUSTOM,8000,Energy PLATFORM [J],89,0.0
SPR,FP32,CUSTOM,8000,Energy PLATFORM [J],90,0.0
SPR,FP32,CUSTOM,8000,Energy PLATFORM [J],91,0.0
SPR,FP32,CUSTOM,8000,Energy PLATFORM [J],92,0.0
SPR,FP32,CUSTOM,8000,Energy PLATFORM [J],93,0.0
SPR,FP32,CUSTOM,8000,Energy PLATFORM [J],94,0.0
SPR,FP32,CUSTOM,8000,Energy PLATFORM [J],95,0.0
SPR,FP32,CUSTOM,8000,Energy PLATFORM [J],96,0.0
SPR,FP32,CUSTOM,8000,Energy PLATFORM [J],97,0.0
SPR,FP32,CUSTOM,8000,Energy PLATFORM [J],98,0.0
SPR,FP32,CUSTOM,8000,Energy PLATFORM [J],99,0.0
SPR,FP32,CUSTOM,8000,Energy PLATFORM [J],100,0.0
SPR,FP32,CUSTOM,8000,Energy PLATFORM [J],101,0.0
SPR,FP32,CUSTOM,8000,Energy PLATFORM [J],102,0.0
SPR,FP32,CUSTOM,8000,Energy PLATFORM [J],103,0.0
SPR,FP32,CUSTOM,8000,Power PLATFORM [W],0,0.0563
SPR,FP32,CUSTOM,8000,Power PLATFORM [W],1,0.0
SPR,FP32,CUSTOM,8000,Power PLATFORM [W],2,0.0
SPR,FP32,CUSTOM,8000,Power PLATFORM [W],3,0.0
SPR,FP32,CUSTOM,8000,Power PLATFORM [W],4,0.0
SPR,FP32,CUSTOM,8000,Power PLATFORM [W],5,0.0
SPR,FP32,CUSTOM,8000,Power PLATFORM [W],6,0.0
SPR,FP32,CUSTOM,8000,Power PLATFORM [W],7,0.0
SPR,FP32,CUSTOM,8000,Power PLATFORM [W],8,0.0
SPR,FP32,CUSTOM,8000,Power PLATFORM [W],9,0.0
SPR,FP32,CUSTOM,8000,Power PLATFORM [W],10,0.0
SPR,FP32,CUSTOM,8000,Power PLATFORM [W],11,0.0
SPR,FP32,CUSTOM,8000,Power PLATFORM [W],12,0.0
SPR,FP32,CUSTOM,8000,Power PLATFORM [W],13,0.0
SPR,FP32,CUSTOM,8000,Power PLATFORM [W],14,0.0
SPR,FP32,CUSTOM,8000,Power PLATFORM [W],15,0.0
SPR,FP32,CUSTOM,8000,Power PLATFORM [W],16,0.0
SPR,FP32,CUSTOM,8000,Power PLATFORM [W],17,0.0
SPR,FP32,CUSTOM,8000,Power PLATFORM [W],18,0.0
SPR,FP32,CUSTOM,8000,Power PLATFORM [W],19,0.0
SPR,FP32,CUSTOM,8000,Power PLATFORM [W],20,0.0
SPR,FP32,CUSTOM,8000,Power PLATFORM [W],21,0.0
SPR,FP32,CUSTOM,8000,Power PLATFORM [W],22,0.0
SPR,FP32,CUSTOM,8000,Power PLATFORM [W],23,0.0
SPR,FP32,CUSTOM,8000,Power PLATFORM [W],24,0.0
SPR,FP32,CUSTOM,8000,Power PLATFORM [W],25,0.0
SPR,FP32,CUSTOM,8000,Power PLATFORM [W],26,0.0
SPR,FP32,CUSTOM,8000,Power PLATFORM [W],27,0.0
SPR,FP32,CUSTOM,8000,Power PLATFORM [W],28,0.0
SPR,FP32,CUSTOM,8000,Power PLATFORM [W],29,0.0
SPR,FP32,CUSTOM,8000,Power PLATFORM [W],30,0.0
SPR,FP32,CUSTOM,8000,Power PLATFORM [W],31,0.0
SPR,FP32,CUSTOM,8000,Power PLATFORM [W],32,0.0
SPR,FP32,CUSTOM,8000,Power PLATFORM [W],33,0.0
SPR,FP32,CUSTOM,8000,Power PLATFORM [W],34,0.0
SPR,FP32,CUSTOM,8000,Power PLATFORM [W],35,0.0
SPR,FP32,CUSTOM,8000,Power PLATFORM [W],36,0.0
SPR,FP32,CUSTOM,8000,Power PLATFORM [W],37,0.0
SPR,FP32,CUSTOM,8000,Power PLATFORM [W],38,0.0
SPR,FP32,CUSTOM,8000,Power PLATFORM [W],39,0.0
SPR,FP32,CUSTOM,8000,Power PLATFORM [W],40,0.0
SPR,FP32,CUSTOM,8000,Power PLATFORM [W],41,0.0
SPR,FP32,CUSTOM,8000,Power PLATFORM [W],42,0.0
SPR,FP32,CUSTOM,8000,Power PLATFORM [W],43,0.0
SPR,FP32,CUSTOM,8000,Power PLATFORM [W],44,0.0
SPR,FP32,CUSTOM,8000,Power PLATFORM [W],45,0.0
SPR,FP32,CUSTOM,8000,Power PLATFORM [W],46,0.0
SPR,FP32,CUSTOM,8000,Power PLATFORM [W],47,0.0
SPR,FP32,CUSTOM,8000,Power PLATFORM [W],48,0.0
SPR,FP32,CUSTOM,8000,Power PLATFORM [W],49,0.0
SPR,FP32,CUSTOM,8000,Power PLATFORM [W],50,0.0
SPR,FP32,CUSTOM,8000,Power PLATFORM [W],51,0.0
SPR,FP32,CUSTOM,8000,Power PLATFORM [W],52,0.0
SPR,FP32,CUSTOM,8000,Power PLATFORM [W],53,0.0
SPR,FP32,CUSTOM,8000,Power PLATFORM [W],54,0.0
SPR,FP32,CUSTOM,8000,Power PLATFORM [W],55,0.0
SPR,FP32,CUSTOM,8000,Power PLATFORM [W],56,0.0
SPR,FP32,CUSTOM,8000,Power PLATFORM [W],57,0.0
SPR,FP32,CUSTOM,8000,Power PLATFORM [W],58,0.0
SPR,FP32,CUSTOM,8000,Power PLATFORM [W],59,0.0
SPR,FP32,CUSTOM,8000,Power PLATFORM [W],60,0.0
SPR,FP32,CUSTOM,8000,Power PLATFORM [W],61,0.0
SPR,FP32,CUSTOM,8000,Power PLATFORM [W],62,0.0
SPR,FP32,CUSTOM,8000,Power PLATFORM [W],63,0.0
SPR,FP32,CUSTOM,8000,Power PLATFORM [W],64,0.0
SPR,FP32,CUSTOM,8000,Power PLATFORM [W],65,0.0
SPR,FP32,CUSTOM,8000,Power PLATFORM [W],66,0.0
SPR,FP32,CUSTOM,8000,Power PLATFORM [W],67,0.0
SPR,FP32,CUSTOM,8000,Power PLATFORM [W],68,0.0
SPR,FP32,CUSTOM,8000,Power PLATFORM [W],69,0.0
SPR,FP32,CUSTOM,8000,Power PLATFORM [W],70,0.0
SPR,FP32,CUSTOM,8000,Power PLATFORM [W],71,0.0
SPR,FP32,CUSTOM,8000,Power PLATFORM [W],72,0.0
SPR,FP32,CUSTOM,8000,Power PLATFORM [W],73,0.0
SPR,FP32,CUSTOM,8000,Power PLATFORM [W],74,0.0
SPR,FP32,CUSTOM,8000,Power PLATFORM [W],75,0.0
SPR,FP32,CUSTOM,8000,Power PLATFORM [W],76,0.0
SPR,FP32,CUSTOM,8000,Power PLATFORM [W],77,0.0
SPR,FP32,CUSTOM,8000,Power PLATFORM [W],78,0.0
SPR,FP32,CUSTOM,8000,Power PLATFORM [W],79,0.0
SPR,FP32,CUSTOM,8000,Power PLATFORM [W],80,0.0
SPR,FP32,CUSTOM,8000,Power PLATFORM [W],81,0.0
SPR,FP32,CUSTOM,8000,Power PLATFORM [W],82,0.0
SPR,FP32,CUSTOM,8000,Power PLATFORM [W],83,0.0
SPR,FP32,CUSTOM,8000,Power PLATFORM [W],84,0.0
SPR,FP32,CUSTOM,8000,Power PLATFORM [W],85,0.0
SPR,FP32,CUSTOM,8000,Power PLATFORM [W],86,0.0
SPR,FP32,CUSTOM,8000,Power PLATFORM [W],87,0.0
SPR,FP32,CUSTOM,8000,Power PLATFORM [W],88,0.0
SPR,FP32,CUSTOM,8000,Power PLATFORM [W],89,0.0
SPR,FP32,CUSTOM,8000,Power PLATFORM [W],90,0.0
SPR,FP32,CUSTOM,8000,Power PLATFORM [W],91,0.0
SPR,FP32,CUSTOM,8000,Power PLATFORM [W],92,0.0
SPR,FP32,CUSTOM,8000,Power PLATFORM [W],93,0.0
SPR,FP32,CUSTOM,8000,Power PLATFORM [W],94,0.0
SPR,FP32,CUSTOM,8000,Power PLATFORM [W],95,0.0
SPR,FP32,CUSTOM,8000,Power PLATFORM [W],96,0.0
SPR,FP32,CUSTOM,8000,Power PLATFORM [W],97,0.0
SPR,FP32,CUSTOM,8000,Power PLATFORM [W],98,0.0
SPR,FP32,CUSTOM,8000,Power PLATFORM [W],99,0.0
SPR,FP32,CUSTOM,8000,Power PLATFORM [W],100,0.0
SPR,FP32,CUSTOM,8000,Power PLATFORM [W],101,0.0
SPR,FP32,CUSTOM,8000,Power PLATFORM [W],102,0.0
SPR,FP32,CUSTOM,8000,Power PLATFORM [W],103,0.0
SPR,FP32,CUSTOM,8000,Memory read bandwidth [MBytes/s],0,14257.9696
SPR,FP32,CUSTOM,8000,Memory read bandwidth [MBytes/s],1,0.0
SPR,FP32,CUSTOM,8000,Memory read bandwidth [MBytes/s],2,0.0
SPR,FP32,CUSTOM,8000,Memory read bandwidth [MBytes/s],3,0.0
SPR,FP32,CUSTOM,8000,Memory read bandwidth [MBytes/s],4,0.0
SPR,FP32,CUSTOM,8000,Memory read bandwidth [MBytes/s],5,0.0
SPR,FP32,CUSTOM,8000,Memory read bandwidth [MBytes/s],6,0.0
SPR,FP32,CUSTOM,8000,Memory read bandwidth [MBytes/s],7,0.0
SPR,FP32,CUSTOM,8000,Memory read bandwidth [MBytes/s],8,0.0
SPR,FP32,CUSTOM,8000,Memory read bandwidth [MBytes/s],9,0.0
SPR,FP32,CUSTOM,8000,Memory read bandwidth [MBytes/s],10,0.0
SPR,FP32,CUSTOM,8000,Memory read bandwidth [MBytes/s],11,0.0
SPR,FP32,CUSTOM,8000,Memory read bandwidth [MBytes/s],12,0.0
SPR,FP32,CUSTOM,8000,Memory read bandwidth [MBytes/s],13,0.0
SPR,FP32,CUSTOM,8000,Memory read bandwidth [MBytes/s],14,0.0
SPR,FP32,CUSTOM,8000,Memory read bandwidth [MBytes/s],15,0.0
SPR,FP32,CUSTOM,8000,Memory read bandwidth [MBytes/s],16,0.0
SPR,FP32,CUSTOM,8000,Memory read bandwidth [MBytes/s],17,0.0
SPR,FP32,CUSTOM,8000,Memory read bandwidth [MBytes/s],18,0.0
SPR,FP32,CUSTOM,8000,Memory read bandwidth [MBytes/s],19,0.0
SPR,FP32,CUSTOM,8000,Memory read bandwidth [MBytes/s],20,0.0
SPR,FP32,CUSTOM,8000,Memory read bandwidth [MBytes/s],21,0.0
SPR,FP32,CUSTOM,8000,Memory read bandwidth [MBytes/s],22,0.0
SPR,FP32,CUSTOM,8000,Memory read bandwidth [MBytes/s],23,0.0
SPR,FP32,CUSTOM,8000,Memory read bandwidth [MBytes/s],24,0.0
SPR,FP32,CUSTOM,8000,Memory read bandwidth [MBytes/s],25,0.0
SPR,FP32,CUSTOM,8000,Memory read bandwidth [MBytes/s],26,0.0
SPR,FP32,CUSTOM,8000,Memory read bandwidth [MBytes/s],27,0.0
SPR,FP32,CUSTOM,8000,Memory read bandwidth [MBytes/s],28,0.0
SPR,FP32,CUSTOM,8000,Memory read bandwidth [MBytes/s],29,0.0
SPR,FP32,CUSTOM,8000,Memory read bandwidth [MBytes/s],30,0.0
SPR,FP32,CUSTOM,8000,Memory read bandwidth [MBytes/s],31,0.0
SPR,FP32,CUSTOM,8000,Memory read bandwidth [MBytes/s],32,0.0
SPR,FP32,CUSTOM,8000,Memory read bandwidth [MBytes/s],33,0.0
SPR,FP32,CUSTOM,8000,Memory read bandwidth [MBytes/s],34,0.0
SPR,FP32,CUSTOM,8000,Memory read bandwidth [MBytes/s],35,0.0
SPR,FP32,CUSTOM,8000,Memory read bandwidth [MBytes/s],36,0.0
SPR,FP32,CUSTOM,8000,Memory read bandwidth [MBytes/s],37,0.0
SPR,FP32,CUSTOM,8000,Memory read bandwidth [MBytes/s],38,0.0
SPR,FP32,CUSTOM,8000,Memory read bandwidth [MBytes/s],39,0.0
SPR,FP32,CUSTOM,8000,Memory read bandwidth [MBytes/s],40,0.0
SPR,FP32,CUSTOM,8000,Memory read bandwidth [MBytes/s],41,0.0
SPR,FP32,CUSTOM,8000,Memory read bandwidth [MBytes/s],42,0.0
SPR,FP32,CUSTOM,8000,Memory read bandwidth [MBytes/s],43,0.0
SPR,FP32,CUSTOM,8000,Memory read bandwidth [MBytes/s],44,0.0
SPR,FP32,CUSTOM,8000,Memory read bandwidth [MBytes/s],45,0.0
SPR,FP32,CUSTOM,8000,Memory read bandwidth [MBytes/s],46,0.0
SPR,FP32,CUSTOM,8000,Memory read bandwidth [MBytes/s],47,0.0
SPR,FP32,CUSTOM,8000,Memory read bandwidth [MBytes/s],48,0.0
SPR,FP32,CUSTOM,8000,Memory read bandwidth [MBytes/s],49,0.0
SPR,FP32,CUSTOM,8000,Memory read bandwidth [MBytes/s],50,0.0
SPR,FP32,CUSTOM,8000,Memory read bandwidth [MBytes/s],51,0.0
SPR,FP32,CUSTOM,8000,Memory read bandwidth [MBytes/s],52,16345.8483
SPR,FP32,CUSTOM,8000,Memory read bandwidth [MBytes/s],53,0.0
SPR,FP32,CUSTOM,8000,Memory read bandwidth [MBytes/s],54,0.0
SPR,FP32,CUSTOM,8000,Memory read bandwidth [MBytes/s],55,0.0
SPR,FP32,CUSTOM,8000,Memory read bandwidth [MBytes/s],56,0.0
SPR,FP32,CUSTOM,8000,Memory read bandwidth [MBytes/s],57,0.0
SPR,FP32,CUSTOM,8000,Memory read bandwidth [MBytes/s],58,0.0
SPR,FP32,CUSTOM,8000,Memory read bandwidth [MBytes/s],59,0.0
SPR,FP32,CUSTOM,8000,Memory read bandwidth [MBytes/s],60,0.0
SPR,FP32,CUSTOM,8000,Memory read bandwidth [MBytes/s],61,0.0
SPR,FP32,CUSTOM,8000,Memory read bandwidth [MBytes/s],62,0.0
SPR,FP32,CUSTOM,8000,Memory read bandwidth [MBytes/s],63,0.0
SPR,FP32,CUSTOM,8000,Memory read bandwidth [MBytes/s],64,0.0
SPR,FP32,CUSTOM,8000,Memory read bandwidth [MBytes/s],65,0.0
SPR,FP32,CUSTOM,8000,Memory read bandwidth [MBytes/s],66,0.0
SPR,FP32,CUSTOM,8000,Memory read bandwidth [MBytes/s],67,0.0
SPR,FP32,CUSTOM,8000,Memory read bandwidth [MBytes/s],68,0.0
SPR,FP32,CUSTOM,8000,Memory read bandwidth [MBytes/s],69,0.0
SPR,FP32,CUSTOM,8000,Memory read bandwidth [MBytes/s],70,0.0
SPR,FP32,CUSTOM,8000,Memory read bandwidth [MBytes/s],71,0.0
SPR,FP32,CUSTOM,8000,Memory read bandwidth [MBytes/s],72,0.0
SPR,FP32,CUSTOM,8000,Memory read bandwidth [MBytes/s],73,0.0
SPR,FP32,CUSTOM,8000,Memory read bandwidth [MBytes/s],74,0.0
SPR,FP32,CUSTOM,8000,Memory read bandwidth [MBytes/s],75,0.0
SPR,FP32,CUSTOM,8000,Memory read bandwidth [MBytes/s],76,0.0
SPR,FP32,CUSTOM,8000,Memory read bandwidth [MBytes/s],77,0.0
SPR,FP32,CUSTOM,8000,Memory read bandwidth [MBytes/s],78,0.0
SPR,FP32,CUSTOM,8000,Memory read bandwidth [MBytes/s],79,0.0
SPR,FP32,CUSTOM,8000,Memory read bandwidth [MBytes/s],80,0.0
SPR,FP32,CUSTOM,8000,Memory read bandwidth [MBytes/s],81,0.0
SPR,FP32,CUSTOM,8000,Memory read bandwidth [MBytes/s],82,0.0
SPR,FP32,CUSTOM,8000,Memory read bandwidth [MBytes/s],83,0.0
SPR,FP32,CUSTOM,8000,Memory read bandwidth [MBytes/s],84,0.0
SPR,FP32,CUSTOM,8000,Memory read bandwidth [MBytes/s],85,0.0
SPR,FP32,CUSTOM,8000,Memory read bandwidth [MBytes/s],86,0.0
SPR,FP32,CUSTOM,8000,Memory read bandwidth [MBytes/s],87,0.0
SPR,FP32,CUSTOM,8000,Memory read bandwidth [MBytes/s],88,0.0
SPR,FP32,CUSTOM,8000,Memory read bandwidth [MBytes/s],89,0.0
SPR,FP32,CUSTOM,8000,Memory read bandwidth [MBytes/s],90,0.0
SPR,FP32,CUSTOM,8000,Memory read bandwidth [MBytes/s],91,0.0
SPR,FP32,CUSTOM,8000,Memory read bandwidth [MBytes/s],92,0.0
SPR,FP32,CUSTOM,8000,Memory read bandwidth [MBytes/s],93,0.0
SPR,FP32,CUSTOM,8000,Memory read bandwidth [MBytes/s],94,0.0
SPR,FP32,CUSTOM,8000,Memory read bandwidth [MBytes/s],95,0.0
SPR,FP32,CUSTOM,8000,Memory read bandwidth [MBytes/s],96,0.0
SPR,FP32,CUSTOM,8000,Memory read bandwidth [MBytes/s],97,0.0
SPR,FP32,CUSTOM,8000,Memory read bandwidth [MBytes/s],98,0.0
SPR,FP32,CUSTOM,8000,Memory read bandwidth [MBytes/s],99,0.0
SPR,FP32,CUSTOM,8000,Memory read bandwidth [MBytes/s],100,0.0
SPR,FP32,CUSTOM,8000,Memory read bandwidth [MBytes/s],101,0.0
SPR,FP32,CUSTOM,8000,Memory read bandwidth [MBytes/s],102,0.0
SPR,FP32,CUSTOM,8000,Memory read bandwidth [MBytes/s],103,0.0
SPR,FP32,CUSTOM,8000,Memory read data volume [GBytes],0,24161.8195
SPR,FP32,CUSTOM,8000,Memory read data volume [GBytes],1,0.0
SPR,FP32,CUSTOM,8000,Memory read data volume [GBytes],2,0.0
SPR,FP32,CUSTOM,8000,Memory read data volume [GBytes],3,0.0
SPR,FP32,CUSTOM,8000,Memory read data volume [GBytes],4,0.0
SPR,FP32,CUSTOM,8000,Memory read data volume [GBytes],5,0.0
SPR,FP32,CUSTOM,8000,Memory read data volume [GBytes],6,0.0
SPR,FP32,CUSTOM,8000,Memory read data volume [GBytes],7,0.0
SPR,FP32,CUSTOM,8000,Memory read data volume [GBytes],8,0.0
SPR,FP32,CUSTOM,8000,Memory read data volume [GBytes],9,0.0
SPR,FP32,CUSTOM,8000,Memory read data volume [GBytes],10,0.0
SPR,FP32,CUSTOM,8000,Memory read data volume [GBytes],11,0.0
SPR,FP32,CUSTOM,8000,Memory read data volume [GBytes],12,0.0
SPR,FP32,CUSTOM,8000,Memory read data volume [GBytes],13,0.0
SPR,FP32,CUSTOM,8000,Memory read data volume [GBytes],14,0.0
SPR,FP32,CUSTOM,8000,Memory read data volume [GBytes],15,0.0
SPR,FP32,CUSTOM,8000,Memory read data volume [GBytes],16,0.0
SPR,FP32,CUSTOM,8000,Memory read data volume [GBytes],17,0.0
SPR,FP32,CUSTOM,8000,Memory read data volume [GBytes],18,0.0
SPR,FP32,CUSTOM,8000,Memory read data volume [GBytes],19,0.0
SPR,FP32,CUSTOM,8000,Memory read data volume [GBytes],20,0.0
SPR,FP32,CUSTOM,8000,Memory read data volume [GBytes],21,0.0
SPR,FP32,CUSTOM,8000,Memory read data volume [GBytes],22,0.0
SPR,FP32,CUSTOM,8000,Memory read data volume [GBytes],23,0.0
SPR,FP32,CUSTOM,8000,Memory read data volume [GBytes],24,0.0
SPR,FP32,CUSTOM,8000,Memory read data volume [GBytes],25,0.0
SPR,FP32,CUSTOM,8000,Memory read data volume [GBytes],26,0.0
SPR,FP32,CUSTOM,8000,Memory read data volume [GBytes],27,0.0
SPR,FP32,CUSTOM,8000,Memory read data volume [GBytes],28,0.0
SPR,FP32,CUSTOM,8000,Memory read data volume [GBytes],29,0.0
SPR,FP32,CUSTOM,8000,Memory read data volume [GBytes],30,0.0
SPR,FP32,CUSTOM,8000,Memory read data volume [GBytes],31,0.0
SPR,FP32,CUSTOM,8000,Memory read data volume [GBytes],32,0.0
SPR,FP32,CUSTOM,8000,Memory read data volume [GBytes],33,0.0
SPR,FP32,CUSTOM,8000,Memory read data volume [GBytes],34,0.0
SPR,FP32,CUSTOM,8000,Memory read data volume [GBytes],35,0.0
SPR,FP32,CUSTOM,8000,Memory read data volume [GBytes],36,0.0
SPR,FP32,CUSTOM,8000,Memory read data volume [GBytes],37,0.0
SPR,FP32,CUSTOM,8000,Memory read data volume [GBytes],38,0.0
SPR,FP32,CUSTOM,8000,Memory read data volume [GBytes],39,0.0
SPR,FP32,CUSTOM,8000,Memory read data volume [GBytes],40,0.0
SPR,FP32,CUSTOM,8000,Memory read data volume [GBytes],41,0.0
SPR,FP32,CUSTOM,8000,Memory read data volume [GBytes],42,0.0
SPR,FP32,CUSTOM,8000,Memory read data volume [GBytes],43,0.0
SPR,FP32,CUSTOM,8000,Memory read data volume [GBytes],44,0.0
SPR,FP32,CUSTOM,8000,Memory read data volume [GBytes],45,0.0
SPR,FP32,CUSTOM,8000,Memory read data volume [GBytes],46,0.0
SPR,FP32,CUSTOM,8000,Memory read data volume [GBytes],47,0.0
SPR,FP32,CUSTOM,8000,Memory read data volume [GBytes],48,0.0
SPR,FP32,CUSTOM,8000,Memory read data volume [GBytes],49,0.0
SPR,FP32,CUSTOM,8000,Memory read data volume [GBytes],50,0.0
SPR,FP32,CUSTOM,8000,Memory read data volume [GBytes],51,0.0
SPR,FP32,CUSTOM,8000,Memory read data volume [GBytes],52,27699.9775
SPR,FP32,CUSTOM,8000,Memory read data volume [GBytes],53,0.0
SPR,FP32,CUSTOM,8000,Memory read data volume [GBytes],54,0.0
SPR,FP32,CUSTOM,8000,Memory read data volume [GBytes],55,0.0
SPR,FP32,CUSTOM,8000,Memory read data volume [GBytes],56,0.0
SPR,FP32,CUSTOM,8000,Memory read data volume [GBytes],57,0.0
SPR,FP32,CUSTOM,8000,Memory read data volume [GBytes],58,0.0
SPR,FP32,CUSTOM,8000,Memory read data volume [GBytes],59,0.0
SPR,FP32,CUSTOM,8000,Memory read data volume [GBytes],60,0.0
SPR,FP32,CUSTOM,8000,Memory read data volume [GBytes],61,0.0
SPR,FP32,CUSTOM,8000,Memory read data volume [GBytes],62,0.0
SPR,FP32,CUSTOM,8000,Memory read data volume [GBytes],63,0.0
SPR,FP32,CUSTOM,8000,Memory read data volume [GBytes],64,0.0
SPR,FP32,CUSTOM,8000,Memory read data volume [GBytes],65,0.0
SPR,FP32,CUSTOM,8000,Memory read data volume [GBytes],66,0.0
SPR,FP32,CUSTOM,8000,Memory read data volume [GBytes],67,0.0
SPR,FP32,CUSTOM,8000,Memory read data volume [GBytes],68,0.0
SPR,FP32,CUSTOM,8000,Memory read data volume [GBytes],69,0.0
SPR,FP32,CUSTOM,8000,Memory read data volume [GBytes],70,0.0
SPR,FP32,CUSTOM,8000,Memory read data volume [GBytes],71,0.0
SPR,FP32,CUSTOM,8000,Memory read data volume [GBytes],72,0.0
SPR,FP32,CUSTOM,8000,Memory read data volume [GBytes],73,0.0
SPR,FP32,CUSTOM,8000,Memory read data volume [GBytes],74,0.0
SPR,FP32,CUSTOM,8000,Memory read data volume [GBytes],75,0.0
SPR,FP32,CUSTOM,8000,Memory read data volume [GBytes],76,0.0
SPR,FP32,CUSTOM,8000,Memory read data volume [GBytes],77,0.0
SPR,FP32,CUSTOM,8000,Memory read data volume [GBytes],78,0.0
SPR,FP32,CUSTOM,8000,Memory read data volume [GBytes],79,0.0
SPR,FP32,CUSTOM,8000,Memory read data volume [GBytes],80,0.0
SPR,FP32,CUSTOM,8000,Memory read data volume [GBytes],81,0.0
SPR,FP32,CUSTOM,8000,Memory read data volume [GBytes],82,0.0
SPR,FP32,CUSTOM,8000,Memory read data volume [GBytes],83,0.0
SPR,FP32,CUSTOM,8000,Memory read data volume [GBytes],84,0.0
SPR,FP32,CUSTOM,8000,Memory read data volume [GBytes],85,0.0
SPR,FP32,CUSTOM,8000,Memory read data volume [GBytes],86,0.0
SPR,FP32,CUSTOM,8000,Memory read data volume [GBytes],87,0.0
SPR,FP32,CUSTOM,8000,Memory read data volume [GBytes],88,0.0
SPR,FP32,CUSTOM,8000,Memory read data volume [GBytes],89,0.0
SPR,FP32,CUSTOM,8000,Memory read data volume [GBytes],90,0.0
SPR,FP32,CUSTOM,8000,Memory read data volume [GBytes],91,0.0
SPR,FP32,CUSTOM,8000,Memory read data volume [GBytes],92,0.0
SPR,FP32,CUSTOM,8000,Memory read data volume [GBytes],93,0.0
SPR,FP32,CUSTOM,8000,Memory read data volume [GBytes],94,0.0
SPR,FP32,CUSTOM,8000,Memory read data volume [GBytes],95,0.0
SPR,FP32,CUSTOM,8000,Memory read data volume [GBytes],96,0.0
SPR,FP32,CUSTOM,8000,Memory read data volume [GBytes],97,0.0
SPR,FP32,CUSTOM,8000,Memory read data volume [GBytes],98,0.0
SPR,FP32,CUSTOM,8000,Memory read data volume [GBytes],99,0.0
SPR,FP32,CUSTOM,8000,Memory read data volume [GBytes],100,0.0
SPR,FP32,CUSTOM,8000,Memory read data volume [GBytes],101,0.0
SPR,FP32,CUSTOM,8000,Memory read data volume [GBytes],102,0.0
SPR,FP32,CUSTOM,8000,Memory read data volume [GBytes],103,0.0
SPR,FP32,CUSTOM,8000,Memory write bandwidth [MBytes/s],0,3671.2664
SPR,FP32,CUSTOM,8000,Memory write bandwidth [MBytes/s],1,0.0
SPR,FP32,CUSTOM,8000,Memory write bandwidth [MBytes/s],2,0.0
SPR,FP32,CUSTOM,8000,Memory write bandwidth [MBytes/s],3,0.0
SPR,FP32,CUSTOM,8000,Memory write bandwidth [MBytes/s],4,0.0
SPR,FP32,CUSTOM,8000,Memory write bandwidth [MBytes/s],5,0.0
SPR,FP32,CUSTOM,8000,Memory write bandwidth [MBytes/s],6,0.0
SPR,FP32,CUSTOM,8000,Memory write bandwidth [MBytes/s],7,0.0
SPR,FP32,CUSTOM,8000,Memory write bandwidth [MBytes/s],8,0.0
SPR,FP32,CUSTOM,8000,Memory write bandwidth [MBytes/s],9,0.0
SPR,FP32,CUSTOM,8000,Memory write bandwidth [MBytes/s],10,0.0
SPR,FP32,CUSTOM,8000,Memory write bandwidth [MBytes/s],11,0.0
SPR,FP32,CUSTOM,8000,Memory write bandwidth [MBytes/s],12,0.0
SPR,FP32,CUSTOM,8000,Memory write bandwidth [MBytes/s],13,0.0
SPR,FP32,CUSTOM,8000,Memory write bandwidth [MBytes/s],14,0.0
SPR,FP32,CUSTOM,8000,Memory write bandwidth [MBytes/s],15,0.0
SPR,FP32,CUSTOM,8000,Memory write bandwidth [MBytes/s],16,0.0
SPR,FP32,CUSTOM,8000,Memory write bandwidth [MBytes/s],17,0.0
SPR,FP32,CUSTOM,8000,Memory write bandwidth [MBytes/s],18,0.0
SPR,FP32,CUSTOM,8000,Memory write bandwidth [MBytes/s],19,0.0
SPR,FP32,CUSTOM,8000,Memory write bandwidth [MBytes/s],20,0.0
SPR,FP32,CUSTOM,8000,Memory write bandwidth [MBytes/s],21,0.0
SPR,FP32,CUSTOM,8000,Memory write bandwidth [MBytes/s],22,0.0
SPR,FP32,CUSTOM,8000,Memory write bandwidth [MBytes/s],23,0.0
SPR,FP32,CUSTOM,8000,Memory write bandwidth [MBytes/s],24,0.0
SPR,FP32,CUSTOM,8000,Memory write bandwidth [MBytes/s],25,0.0
SPR,FP32,CUSTOM,8000,Memory write bandwidth [MBytes/s],26,0.0
SPR,FP32,CUSTOM,8000,Memory write bandwidth [MBytes/s],27,0.0
SPR,FP32,CUSTOM,8000,Memory write bandwidth [MBytes/s],28,0.0
SPR,FP32,CUSTOM,8000,Memory write bandwidth [MBytes/s],29,0.0
SPR,FP32,CUSTOM,8000,Memory write bandwidth [MBytes/s],30,0.0
SPR,FP32,CUSTOM,8000,Memory write bandwidth [MBytes/s],31,0.0
SPR,FP32,CUSTOM,8000,Memory write bandwidth [MBytes/s],32,0.0
SPR,FP32,CUSTOM,8000,Memory write bandwidth [MBytes/s],33,0.0
SPR,FP32,CUSTOM,8000,Memory write bandwidth [MBytes/s],34,0.0
SPR,FP32,CUSTOM,8000,Memory write bandwidth [MBytes/s],35,0.0
SPR,FP32,CUSTOM,8000,Memory write bandwidth [MBytes/s],36,0.0
SPR,FP32,CUSTOM,8000,Memory write bandwidth [MBytes/s],37,0.0
SPR,FP32,CUSTOM,8000,Memory write bandwidth [MBytes/s],38,0.0
SPR,FP32,CUSTOM,8000,Memory write bandwidth [MBytes/s],39,0.0
SPR,FP32,CUSTOM,8000,Memory write bandwidth [MBytes/s],40,0.0
SPR,FP32,CUSTOM,8000,Memory write bandwidth [MBytes/s],41,0.0
SPR,FP32,CUSTOM,8000,Memory write bandwidth [MBytes/s],42,0.0
SPR,FP32,CUSTOM,8000,Memory write bandwidth [MBytes/s],43,0.0
SPR,FP32,CUSTOM,8000,Memory write bandwidth [MBytes/s],44,0.0
SPR,FP32,CUSTOM,8000,Memory write bandwidth [MBytes/s],45,0.0
SPR,FP32,CUSTOM,8000,Memory write bandwidth [MBytes/s],46,0.0
SPR,FP32,CUSTOM,8000,Memory write bandwidth [MBytes/s],47,0.0
SPR,FP32,CUSTOM,8000,Memory write bandwidth [MBytes/s],48,0.0
SPR,FP32,CUSTOM,8000,Memory write bandwidth [MBytes/s],49,0.0
SPR,FP32,CUSTOM,8000,Memory write bandwidth [MBytes/s],50,0.0
SPR,FP32,CUSTOM,8000,Memory write bandwidth [MBytes/s],51,0.0
SPR,FP32,CUSTOM,8000,Memory write bandwidth [MBytes/s],52,3775.1366
SPR,FP32,CUSTOM,8000,Memory write bandwidth [MBytes/s],53,0.0
SPR,FP32,CUSTOM,8000,Memory write bandwidth [MBytes/s],54,0.0
SPR,FP32,CUSTOM,8000,Memory write bandwidth [MBytes/s],55,0.0
SPR,FP32,CUSTOM,8000,Memory write bandwidth [MBytes/s],56,0.0
SPR,FP32,CUSTOM,8000,Memory write bandwidth [MBytes/s],57,0.0
SPR,FP32,CUSTOM,8000,Memory write bandwidth [MBytes/s],58,0.0
SPR,FP32,CUSTOM,8000,Memory write bandwidth [MBytes/s],59,0.0
SPR,FP32,CUSTOM,8000,Memory write bandwidth [MBytes/s],60,0.0
SPR,FP32,CUSTOM,8000,Memory write bandwidth [MBytes/s],61,0.0
SPR,FP32,CUSTOM,8000,Memory write bandwidth [MBytes/s],62,0.0
SPR,FP32,CUSTOM,8000,Memory write bandwidth [MBytes/s],63,0.0
SPR,FP32,CUSTOM,8000,Memory write bandwidth [MBytes/s],64,0.0
SPR,FP32,CUSTOM,8000,Memory write bandwidth [MBytes/s],65,0.0
SPR,FP32,CUSTOM,8000,Memory write bandwidth [MBytes/s],66,0.0
SPR,FP32,CUSTOM,8000,Memory write bandwidth [MBytes/s],67,0.0
SPR,FP32,CUSTOM,8000,Memory write bandwidth [MBytes/s],68,0.0
SPR,FP32,CUSTOM,8000,Memory write bandwidth [MBytes/s],69,0.0
SPR,FP32,CUSTOM,8000,Memory write bandwidth [MBytes/s],70,0.0
SPR,FP32,CUSTOM,8000,Memory write bandwidth [MBytes/s],71,0.0
SPR,FP32,CUSTOM,8000,Memory write bandwidth [MBytes/s],72,0.0
SPR,FP32,CUSTOM,8000,Memory write bandwidth [MBytes/s],73,0.0
SPR,FP32,CUSTOM,8000,Memory write bandwidth [MBytes/s],74,0.0
SPR,FP32,CUSTOM,8000,Memory write bandwidth [MBytes/s],75,0.0
SPR,FP32,CUSTOM,8000,Memory write bandwidth [MBytes/s],76,0.0
SPR,FP32,CUSTOM,8000,Memory write bandwidth [MBytes/s],77,0.0
SPR,FP32,CUSTOM,8000,Memory write bandwidth [MBytes/s],78,0.0
SPR,FP32,CUSTOM,8000,Memory write bandwidth [MBytes/s],79,0.0
SPR,FP32,CUSTOM,8000,Memory write bandwidth [MBytes/s],80,0.0
SPR,FP32,CUSTOM,8000,Memory write bandwidth [MBytes/s],81,0.0
SPR,FP32,CUSTOM,8000,Memory write bandwidth [MBytes/s],82,0.0
SPR,FP32,CUSTOM,8000,Memory write bandwidth [MBytes/s],83,0.0
SPR,FP32,CUSTOM,8000,Memory write bandwidth [MBytes/s],84,0.0
SPR,FP32,CUSTOM,8000,Memory write bandwidth [MBytes/s],85,0.0
SPR,FP32,CUSTOM,8000,Memory write bandwidth [MBytes/s],86,0.0
SPR,FP32,CUSTOM,8000,Memory write bandwidth [MBytes/s],87,0.0
SPR,FP32,CUSTOM,8000,Memory write bandwidth [MBytes/s],88,0.0
SPR,FP32,CUSTOM,8000,Memory write bandwidth [MBytes/s],89,0.0
SPR,FP32,CUSTOM,8000,Memory write bandwidth [MBytes/s],90,0.0
SPR,FP32,CUSTOM,8000,Memory write bandwidth [MBytes/s],91,0.0
SPR,FP32,CUSTOM,8000,Memory write bandwidth [MBytes/s],92,0.0
SPR,FP32,CUSTOM,8000,Memory write bandwidth [MBytes/s],93,0.0
SPR,FP32,CUSTOM,8000,Memory write bandwidth [MBytes/s],94,0.0
SPR,FP32,CUSTOM,8000,Memory write bandwidth [MBytes/s],95,0.0
SPR,FP32,CUSTOM,8000,Memory write bandwidth [MBytes/s],96,0.0
SPR,FP32,CUSTOM,8000,Memory write bandwidth [MBytes/s],97,0.0
SPR,FP32,CUSTOM,8000,Memory write bandwidth [MBytes/s],98,0.0
SPR,FP32,CUSTOM,8000,Memory write bandwidth [MBytes/s],99,0.0
SPR,FP32,CUSTOM,8000,Memory write bandwidth [MBytes/s],100,0.0
SPR,FP32,CUSTOM,8000,Memory write bandwidth [MBytes/s],101,0.0
SPR,FP32,CUSTOM,8000,Memory write bandwidth [MBytes/s],102,0.0
SPR,FP32,CUSTOM,8000,Memory write bandwidth [MBytes/s],103,0.0
SPR,FP32,CUSTOM,8000,Memory write data volume [GBytes],0,6221.3962
SPR,FP32,CUSTOM,8000,Memory write data volume [GBytes],1,0.0
SPR,FP32,CUSTOM,8000,Memory write data volume [GBytes],2,0.0
SPR,FP32,CUSTOM,8000,Memory write data volume [GBytes],3,0.0
SPR,FP32,CUSTOM,8000,Memory write data volume [GBytes],4,0.0
SPR,FP32,CUSTOM,8000,Memory write data volume [GBytes],5,0.0
SPR,FP32,CUSTOM,8000,Memory write data volume [GBytes],6,0.0
SPR,FP32,CUSTOM,8000,Memory write data volume [GBytes],7,0.0
SPR,FP32,CUSTOM,8000,Memory write data volume [GBytes],8,0.0
SPR,FP32,CUSTOM,8000,Memory write data volume [GBytes],9,0.0
SPR,FP32,CUSTOM,8000,Memory write data volume [GBytes],10,0.0
SPR,FP32,CUSTOM,8000,Memory write data volume [GBytes],11,0.0
SPR,FP32,CUSTOM,8000,Memory write data volume [GBytes],12,0.0
SPR,FP32,CUSTOM,8000,Memory write data volume [GBytes],13,0.0
SPR,FP32,CUSTOM,8000,Memory write data volume [GBytes],14,0.0
SPR,FP32,CUSTOM,8000,Memory write data volume [GBytes],15,0.0
SPR,FP32,CUSTOM,8000,Memory write data volume [GBytes],16,0.0
SPR,FP32,CUSTOM,8000,Memory write data volume [GBytes],17,0.0
SPR,FP32,CUSTOM,8000,Memory write data volume [GBytes],18,0.0
SPR,FP32,CUSTOM,8000,Memory write data volume [GBytes],19,0.0
SPR,FP32,CUSTOM,8000,Memory write data volume [GBytes],20,0.0
SPR,FP32,CUSTOM,8000,Memory write data volume [GBytes],21,0.0
SPR,FP32,CUSTOM,8000,Memory write data volume [GBytes],22,0.0
SPR,FP32,CUSTOM,8000,Memory write data volume [GBytes],23,0.0
SPR,FP32,CUSTOM,8000,Memory write data volume [GBytes],24,0.0
SPR,FP32,CUSTOM,8000,Memory write data volume [GBytes],25,0.0
SPR,FP32,CUSTOM,8000,Memory write data volume [GBytes],26,0.0
SPR,FP32,CUSTOM,8000,Memory write data volume [GBytes],27,0.0
SPR,FP32,CUSTOM,8000,Memory write data volume [GBytes],28,0.0
SPR,FP32,CUSTOM,8000,Memory write data volume [GBytes],29,0.0
SPR,FP32,CUSTOM,8000,Memory write data volume [GBytes],30,0.0
SPR,FP32,CUSTOM,8000,Memory write data volume [GBytes],31,0.0
SPR,FP32,CUSTOM,8000,Memory write data volume [GBytes],32,0.0
SPR,FP32,CUSTOM,8000,Memory write data volume [GBytes],33,0.0
SPR,FP32,CUSTOM,8000,Memory write data volume [GBytes],34,0.0
SPR,FP32,CUSTOM,8000,Memory write data volume [GBytes],35,0.0
SPR,FP32,CUSTOM,8000,Memory write data volume [GBytes],36,0.0
SPR,FP32,CUSTOM,8000,Memory write data volume [GBytes],37,0.0
SPR,FP32,CUSTOM,8000,Memory write data volume [GBytes],38,0.0
SPR,FP32,CUSTOM,8000,Memory write data volume [GBytes],39,0.0
SPR,FP32,CUSTOM,8000,Memory write data volume [GBytes],40,0.0
SPR,FP32,CUSTOM,8000,Memory write data volume [GBytes],41,0.0
SPR,FP32,CUSTOM,8000,Memory write data volume [GBytes],42,0.0
SPR,FP32,CUSTOM,8000,Memory write data volume [GBytes],43,0.0
SPR,FP32,CUSTOM,8000,Memory write data volume [GBytes],44,0.0
SPR,FP32,CUSTOM,8000,Memory write data volume [GBytes],45,0.0
SPR,FP32,CUSTOM,8000,Memory write data volume [GBytes],46,0.0
SPR,FP32,CUSTOM,8000,Memory write data volume [GBytes],47,0.0
SPR,FP32,CUSTOM,8000,Memory write data volume [GBytes],48,0.0
SPR,FP32,CUSTOM,8000,Memory write data volume [GBytes],49,0.0
SPR,FP32,CUSTOM,8000,Memory write data volume [GBytes],50,0.0
SPR,FP32,CUSTOM,8000,Memory write data volume [GBytes],51,0.0
SPR,FP32,CUSTOM,8000,Memory write data volume [GBytes],52,6397.4165
SPR,FP32,CUSTOM,8000,Memory write data volume [GBytes],53,0.0
SPR,FP32,CUSTOM,8000,Memory write data volume [GBytes],54,0.0
SPR,FP32,CUSTOM,8000,Memory write data volume [GBytes],55,0.0
SPR,FP32,CUSTOM,8000,Memory write data volume [GBytes],56,0.0
SPR,FP32,CUSTOM,8000,Memory write data volume [GBytes],57,0.0
SPR,FP32,CUSTOM,8000,Memory write data volume [GBytes],58,0.0
SPR,FP32,CUSTOM,8000,Memory write data volume [GBytes],59,0.0
SPR,FP32,CUSTOM,8000,Memory write data volume [GBytes],60,0.0
SPR,FP32,CUSTOM,8000,Memory write data volume [GBytes],61,0.0
SPR,FP32,CUSTOM,8000,Memory write data volume [GBytes],62,0.0
SPR,FP32,CUSTOM,8000,Memory write data volume [GBytes],63,0.0
SPR,FP32,CUSTOM,8000,Memory write data volume [GBytes],64,0.0
SPR,FP32,CUSTOM,8000,Memory write data volume [GBytes],65,0.0
SPR,FP32,CUSTOM,8000,Memory write data volume [GBytes],66,0.0
SPR,FP32,CUSTOM,8000,Memory write data volume [GBytes],67,0.0
SPR,FP32,CUSTOM,8000,Memory write data volume [GBytes],68,0.0
SPR,FP32,CUSTOM,8000,Memory write data volume [GBytes],69,0.0
SPR,FP32,CUSTOM,8000,Memory write data volume [GBytes],70,0.0
SPR,FP32,CUSTOM,8000,Memory write data volume [GBytes],71,0.0
SPR,FP32,CUSTOM,8000,Memory write data volume [GBytes],72,0.0
SPR,FP32,CUSTOM,8000,Memory write data volume [GBytes],73,0.0
SPR,FP32,CUSTOM,8000,Memory write data volume [GBytes],74,0.0
SPR,FP32,CUSTOM,8000,Memory write data volume [GBytes],75,0.0
SPR,FP32,CUSTOM,8000,Memory write data volume [GBytes],76,0.0
SPR,FP32,CUSTOM,8000,Memory write data volume [GBytes],77,0.0
SPR,FP32,CUSTOM,8000,Memory write data volume [GBytes],78,0.0
SPR,FP32,CUSTOM,8000,Memory write data volume [GBytes],79,0.0
SPR,FP32,CUSTOM,8000,Memory write data volume [GBytes],80,0.0
SPR,FP32,CUSTOM,8000,Memory write data volume [GBytes],81,0.0
SPR,FP32,CUSTOM,8000,Memory write data volume [GBytes],82,0.0
SPR,FP32,CUSTOM,8000,Memory write data volume [GBytes],83,0.0
SPR,FP32,CUSTOM,8000,Memory write data volume [GBytes],84,0.0
SPR,FP32,CUSTOM,8000,Memory write data volume [GBytes],85,0.0
SPR,FP32,CUSTOM,8000,Memory write data volume [GBytes],86,0.0
SPR,FP32,CUSTOM,8000,Memory write data volume [GBytes],87,0.0
SPR,FP32,CUSTOM,8000,Memory write data volume [GBytes],88,0.0
SPR,FP32,CUSTOM,8000,Memory write data volume [GBytes],89,0.0
SPR,FP32,CUSTOM,8000,Memory write data volume [GBytes],90,0.0
SPR,FP32,CUSTOM,8000,Memory write data volume [GBytes],91,0.0
SPR,FP32,CUSTOM,8000,Memory write data volume [GBytes],92,0.0
SPR,FP32,CUSTOM,8000,Memory write data volume [GBytes],93,0.0
SPR,FP32,CUSTOM,8000,Memory write data volume [GBytes],94,0.0
SPR,FP32,CUSTOM,8000,Memory write data volume [GBytes],95,0.0
SPR,FP32,CUSTOM,8000,Memory write data volume [GBytes],96,0.0
SPR,FP32,CUSTOM,8000,Memory write data volume [GBytes],97,0.0
SPR,FP32,CUSTOM,8000,Memory write data volume [GBytes],98,0.0
SPR,FP32,CUSTOM,8000,Memory write data volume [GBytes],99,0.0
SPR,FP32,CUSTOM,8000,Memory write data volume [GBytes],100,0.0
SPR,FP32,CUSTOM,8000,Memory write data volume [GBytes],101,0.0
SPR,FP32,CUSTOM,8000,Memory write data volume [GBytes],102,0.0
SPR,FP32,CUSTOM,8000,Memory write data volume [GBytes],103,0.0
SPR,FP32,CUSTOM,8000,Memory bandwidth [MBytes/s],0,17929.236
SPR,FP32,CUSTOM,8000,Memory bandwidth [MBytes/s],1,0.0
SPR,FP32,CUSTOM,8000,Memory bandwidth [MBytes/s],2,0.0
SPR,FP32,CUSTOM,8000,Memory bandwidth [MBytes/s],3,0.0
SPR,FP32,CUSTOM,8000,Memory bandwidth [MBytes/s],4,0.0
SPR,FP32,CUSTOM,8000,Memory bandwidth [MBytes/s],5,0.0
SPR,FP32,CUSTOM,8000,Memory bandwidth [MBytes/s],6,0.0
SPR,FP32,CUSTOM,8000,Memory bandwidth [MBytes/s],7,0.0
SPR,FP32,CUSTOM,8000,Memory bandwidth [MBytes/s],8,0.0
SPR,FP32,CUSTOM,8000,Memory bandwidth [MBytes/s],9,0.0
SPR,FP32,CUSTOM,8000,Memory bandwidth [MBytes/s],10,0.0
SPR,FP32,CUSTOM,8000,Memory bandwidth [MBytes/s],11,0.0
SPR,FP32,CUSTOM,8000,Memory bandwidth [MBytes/s],12,0.0
SPR,FP32,CUSTOM,8000,Memory bandwidth [MBytes/s],13,0.0
SPR,FP32,CUSTOM,8000,Memory bandwidth [MBytes/s],14,0.0
SPR,FP32,CUSTOM,8000,Memory bandwidth [MBytes/s],15,0.0
SPR,FP32,CUSTOM,8000,Memory bandwidth [MBytes/s],16,0.0
SPR,FP32,CUSTOM,8000,Memory bandwidth [MBytes/s],17,0.0
SPR,FP32,CUSTOM,8000,Memory bandwidth [MBytes/s],18,0.0
SPR,FP32,CUSTOM,8000,Memory bandwidth [MBytes/s],19,0.0
SPR,FP32,CUSTOM,8000,Memory bandwidth [MBytes/s],20,0.0
SPR,FP32,CUSTOM,8000,Memory bandwidth [MBytes/s],21,0.0
SPR,FP32,CUSTOM,8000,Memory bandwidth [MBytes/s],22,0.0
SPR,FP32,CUSTOM,8000,Memory bandwidth [MBytes/s],23,0.0
SPR,FP32,CUSTOM,8000,Memory bandwidth [MBytes/s],24,0.0
SPR,FP32,CUSTOM,8000,Memory bandwidth [MBytes/s],25,0.0
SPR,FP32,CUSTOM,8000,Memory bandwidth [MBytes/s],26,0.0
SPR,FP32,CUSTOM,8000,Memory bandwidth [MBytes/s],27,0.0
SPR,FP32,CUSTOM,8000,Memory bandwidth [MBytes/s],28,0.0
SPR,FP32,CUSTOM,8000,Memory bandwidth [MBytes/s],29,0.0
SPR,FP32,CUSTOM,8000,Memory bandwidth [MBytes/s],30,0.0
SPR,FP32,CUSTOM,8000,Memory bandwidth [MBytes/s],31,0.0
SPR,FP32,CUSTOM,8000,Memory bandwidth [MBytes/s],32,0.0
SPR,FP32,CUSTOM,8000,Memory bandwidth [MBytes/s],33,0.0
SPR,FP32,CUSTOM,8000,Memory bandwidth [MBytes/s],34,0.0
SPR,FP32,CUSTOM,8000,Memory bandwidth [MBytes/s],35,0.0
SPR,FP32,CUSTOM,8000,Memory bandwidth [MBytes/s],36,0.0
SPR,FP32,CUSTOM,8000,Memory bandwidth [MBytes/s],37,0.0
SPR,FP32,CUSTOM,8000,Memory bandwidth [MBytes/s],38,0.0
SPR,FP32,CUSTOM,8000,Memory bandwidth [MBytes/s],39,0.0
SPR,FP32,CUSTOM,8000,Memory bandwidth [MBytes/s],40,0.0
SPR,FP32,CUSTOM,8000,Memory bandwidth [MBytes/s],41,0.0
SPR,FP32,CUSTOM,8000,Memory bandwidth [MBytes/s],42,0.0
SPR,FP32,CUSTOM,8000,Memory bandwidth [MBytes/s],43,0.0
SPR,FP32,CUSTOM,8000,Memory bandwidth [MBytes/s],44,0.0
SPR,FP32,CUSTOM,8000,Memory bandwidth [MBytes/s],45,0.0
SPR,FP32,CUSTOM,8000,Memory bandwidth [MBytes/s],46,0.0
SPR,FP32,CUSTOM,8000,Memory bandwidth [MBytes/s],47,0.0
SPR,FP32,CUSTOM,8000,Memory bandwidth [MBytes/s],48,0.0
SPR,FP32,CUSTOM,8000,Memory bandwidth [MBytes/s],49,0.0
SPR,FP32,CUSTOM,8000,Memory bandwidth [MBytes/s],50,0.0
SPR,FP32,CUSTOM,8000,Memory bandwidth [MBytes/s],51,0.0
SPR,FP32,CUSTOM,8000,Memory bandwidth [MBytes/s],52,20120.9849
SPR,FP32,CUSTOM,8000,Memory bandwidth [MBytes/s],53,0.0
SPR,FP32,CUSTOM,8000,Memory bandwidth [MBytes/s],54,0.0
SPR,FP32,CUSTOM,8000,Memory bandwidth [MBytes/s],55,0.0
SPR,FP32,CUSTOM,8000,Memory bandwidth [MBytes/s],56,0.0
SPR,FP32,CUSTOM,8000,Memory bandwidth [MBytes/s],57,0.0
SPR,FP32,CUSTOM,8000,Memory bandwidth [MBytes/s],58,0.0
SPR,FP32,CUSTOM,8000,Memory bandwidth [MBytes/s],59,0.0
SPR,FP32,CUSTOM,8000,Memory bandwidth [MBytes/s],60,0.0
SPR,FP32,CUSTOM,8000,Memory bandwidth [MBytes/s],61,0.0
SPR,FP32,CUSTOM,8000,Memory bandwidth [MBytes/s],62,0.0
SPR,FP32,CUSTOM,8000,Memory bandwidth [MBytes/s],63,0.0
SPR,FP32,CUSTOM,8000,Memory bandwidth [MBytes/s],64,0.0
SPR,FP32,CUSTOM,8000,Memory bandwidth [MBytes/s],65,0.0
SPR,FP32,CUSTOM,8000,Memory bandwidth [MBytes/s],66,0.0
SPR,FP32,CUSTOM,8000,Memory bandwidth [MBytes/s],67,0.0
SPR,FP32,CUSTOM,8000,Memory bandwidth [MBytes/s],68,0.0
SPR,FP32,CUSTOM,8000,Memory bandwidth [MBytes/s],69,0.0
SPR,FP32,CUSTOM,8000,Memory bandwidth [MBytes/s],70,0.0
SPR,FP32,CUSTOM,8000,Memory bandwidth [MBytes/s],71,0.0
SPR,FP32,CUSTOM,8000,Memory bandwidth [MBytes/s],72,0.0
SPR,FP32,CUSTOM,8000,Memory bandwidth [MBytes/s],73,0.0
SPR,FP32,CUSTOM,8000,Memory bandwidth [MBytes/s],74,0.0
SPR,FP32,CUSTOM,8000,Memory bandwidth [MBytes/s],75,0.0
SPR,FP32,CUSTOM,8000,Memory bandwidth [MBytes/s],76,0.0
SPR,FP32,CUSTOM,8000,Memory bandwidth [MBytes/s],77,0.0
SPR,FP32,CUSTOM,8000,Memory bandwidth [MBytes/s],78,0.0
SPR,FP32,CUSTOM,8000,Memory bandwidth [MBytes/s],79,0.0
SPR,FP32,CUSTOM,8000,Memory bandwidth [MBytes/s],80,0.0
SPR,FP32,CUSTOM,8000,Memory bandwidth [MBytes/s],81,0.0
SPR,FP32,CUSTOM,8000,Memory bandwidth [MBytes/s],82,0.0
SPR,FP32,CUSTOM,8000,Memory bandwidth [MBytes/s],83,0.0
SPR,FP32,CUSTOM,8000,Memory bandwidth [MBytes/s],84,0.0
SPR,FP32,CUSTOM,8000,Memory bandwidth [MBytes/s],85,0.0
SPR,FP32,CUSTOM,8000,Memory bandwidth [MBytes/s],86,0.0
SPR,FP32,CUSTOM,8000,Memory bandwidth [MBytes/s],87,0.0
SPR,FP32,CUSTOM,8000,Memory bandwidth [MBytes/s],88,0.0
SPR,FP32,CUSTOM,8000,Memory bandwidth [MBytes/s],89,0.0
SPR,FP32,CUSTOM,8000,Memory bandwidth [MBytes/s],90,0.0
SPR,FP32,CUSTOM,8000,Memory bandwidth [MBytes/s],91,0.0
SPR,FP32,CUSTOM,8000,Memory bandwidth [MBytes/s],92,0.0
SPR,FP32,CUSTOM,8000,Memory bandwidth [MBytes/s],93,0.0
SPR,FP32,CUSTOM,8000,Memory bandwidth [MBytes/s],94,0.0
SPR,FP32,CUSTOM,8000,Memory bandwidth [MBytes/s],95,0.0
SPR,FP32,CUSTOM,8000,Memory bandwidth [MBytes/s],96,0.0
SPR,FP32,CUSTOM,8000,Memory bandwidth [MBytes/s],97,0.0
SPR,FP32,CUSTOM,8000,Memory bandwidth [MBytes/s],98,0.0
SPR,FP32,CUSTOM,8000,Memory bandwidth [MBytes/s],99,0.0
SPR,FP32,CUSTOM,8000,Memory bandwidth [MBytes/s],100,0.0
SPR,FP32,CUSTOM,8000,Memory bandwidth [MBytes/s],101,0.0
SPR,FP32,CUSTOM,8000,Memory bandwidth [MBytes/s],102,0.0
SPR,FP32,CUSTOM,8000,Memory bandwidth [MBytes/s],103,0.0
SPR,FP32,CUSTOM,8000,Memory data volume [GBytes],0,30383.2157
SPR,FP32,CUSTOM,8000,Memory data volume [GBytes],1,0.0
SPR,FP32,CUSTOM,8000,Memory data volume [GBytes],2,0.0
SPR,FP32,CUSTOM,8000,Memory data volume [GBytes],3,0.0
SPR,FP32,CUSTOM,8000,Memory data volume [GBytes],4,0.0
SPR,FP32,CUSTOM,8000,Memory data volume [GBytes],5,0.0
SPR,FP32,CUSTOM,8000,Memory data volume [GBytes],6,0.0
SPR,FP32,CUSTOM,8000,Memory data volume [GBytes],7,0.0
SPR,FP32,CUSTOM,8000,Memory data volume [GBytes],8,0.0
SPR,FP32,CUSTOM,8000,Memory data volume [GBytes],9,0.0
SPR,FP32,CUSTOM,8000,Memory data volume [GBytes],10,0.0
SPR,FP32,CUSTOM,8000,Memory data volume [GBytes],11,0.0
SPR,FP32,CUSTOM,8000,Memory data volume [GBytes],12,0.0
SPR,FP32,CUSTOM,8000,Memory data volume [GBytes],13,0.0
SPR,FP32,CUSTOM,8000,Memory data volume [GBytes],14,0.0
SPR,FP32,CUSTOM,8000,Memory data volume [GBytes],15,0.0
SPR,FP32,CUSTOM,8000,Memory data volume [GBytes],16,0.0
SPR,FP32,CUSTOM,8000,Memory data volume [GBytes],17,0.0
SPR,FP32,CUSTOM,8000,Memory data volume [GBytes],18,0.0
SPR,FP32,CUSTOM,8000,Memory data volume [GBytes],19,0.0
SPR,FP32,CUSTOM,8000,Memory data volume [GBytes],20,0.0
SPR,FP32,CUSTOM,8000,Memory data volume [GBytes],21,0.0
SPR,FP32,CUSTOM,8000,Memory data volume [GBytes],22,0.0
SPR,FP32,CUSTOM,8000,Memory data volume [GBytes],23,0.0
SPR,FP32,CUSTOM,8000,Memory data volume [GBytes],24,0.0
SPR,FP32,CUSTOM,8000,Memory data volume [GBytes],25,0.0
SPR,FP32,CUSTOM,8000,Memory data volume [GBytes],26,0.0
SPR,FP32,CUSTOM,8000,Memory data volume [GBytes],27,0.0
SPR,FP32,CUSTOM,8000,Memory data volume [GBytes],28,0.0
SPR,FP32,CUSTOM,8000,Memory data volume [GBytes],29,0.0
SPR,FP32,CUSTOM,8000,Memory data volume [GBytes],30,0.0
SPR,FP32,CUSTOM,8000,Memory data volume [GBytes],31,0.0
SPR,FP32,CUSTOM,8000,Memory data volume [GBytes],32,0.0
SPR,FP32,CUSTOM,8000,Memory data volume [GBytes],33,0.0
SPR,FP32,CUSTOM,8000,Memory data volume [GBytes],34,0.0
SPR,FP32,CUSTOM,8000,Memory data volume [GBytes],35,0.0
SPR,FP32,CUSTOM,8000,Memory data volume [GBytes],36,0.0
SPR,FP32,CUSTOM,8000,Memory data volume [GBytes],37,0.0
SPR,FP32,CUSTOM,8000,Memory data volume [GBytes],38,0.0
SPR,FP32,CUSTOM,8000,Memory data volume [GBytes],39,0.0
SPR,FP32,CUSTOM,8000,Memory data volume [GBytes],40,0.0
SPR,FP32,CUSTOM,8000,Memory data volume [GBytes],41,0.0
SPR,FP32,CUSTOM,8000,Memory data volume [GBytes],42,0.0
SPR,FP32,CUSTOM,8000,Memory data volume [GBytes],43,0.0
SPR,FP32,CUSTOM,8000,Memory data volume [GBytes],44,0.0
SPR,FP32,CUSTOM,8000,Memory data volume [GBytes],45,0.0
SPR,FP32,CUSTOM,8000,Memory data volume [GBytes],46,0.0
SPR,FP32,CUSTOM,8000,Memory data volume [GBytes],47,0.0
SPR,FP32,CUSTOM,8000,Memory data volume [GBytes],48,0.0
SPR,FP32,CUSTOM,8000,Memory data volume [GBytes],49,0.0
SPR,FP32,CUSTOM,8000,Memory data volume [GBytes],50,0.0
SPR,FP32,CUSTOM,8000,Memory data volume [GBytes],51,0.0
SPR,FP32,CUSTOM,8000,Memory data volume [GBytes],52,34097.394
SPR,FP32,CUSTOM,8000,Memory data volume [GBytes],53,0.0
SPR,FP32,CUSTOM,8000,Memory data volume [GBytes],54,0.0
SPR,FP32,CUSTOM,8000,Memory data volume [GBytes],55,0.0
SPR,FP32,CUSTOM,8000,Memory data volume [GBytes],56,0.0
SPR,FP32,CUSTOM,8000,Memory data volume [GBytes],57,0.0
SPR,FP32,CUSTOM,8000,Memory data volume [GBytes],58,0.0
SPR,FP32,CUSTOM,8000,Memory data volume [GBytes],59,0.0
SPR,FP32,CUSTOM,8000,Memory data volume [GBytes],60,0.0
SPR,FP32,CUSTOM,8000,Memory data volume [GBytes],61,0.0
SPR,FP32,CUSTOM,8000,Memory data volume [GBytes],62,0.0
SPR,FP32,CUSTOM,8000,Memory data volume [GBytes],63,0.0
SPR,FP32,CUSTOM,8000,Memory data volume [GBytes],64,0.0
SPR,FP32,CUSTOM,8000,Memory data volume [GBytes],65,0.0
SPR,FP32,CUSTOM,8000,Memory data volume [GBytes],66,0.0
SPR,FP32,CUSTOM,8000,Memory data volume [GBytes],67,0.0
SPR,FP32,CUSTOM,8000,Memory data volume [GBytes],68,0.0
SPR,FP32,CUSTOM,8000,Memory data volume [GBytes],69,0.0
SPR,FP32,CUSTOM,8000,Memory data volume [GBytes],70,0.0
SPR,FP32,CUSTOM,8000,Memory data volume [GBytes],71,0.0
SPR,FP32,CUSTOM,8000,Memory data volume [GBytes],72,0.0
SPR,FP32,CUSTOM,8000,Memory data volume [GBytes],73,0.0
SPR,FP32,CUSTOM,8000,Memory data volume [GBytes],74,0.0
SPR,FP32,CUSTOM,8000,Memory data volume [GBytes],75,0.0
SPR,FP32,CUSTOM,8000,Memory data volume [GBytes],76,0.0
SPR,FP32,CUSTOM,8000,Memory data volume [GBytes],77,0.0
SPR,FP32,CUSTOM,8000,Memory data volume [GBytes],78,0.0
SPR,FP32,CUSTOM,8000,Memory data volume [GBytes],79,0.0
SPR,FP32,CUSTOM,8000,Memory data volume [GBytes],80,0.0
SPR,FP32,CUSTOM,8000,Memory data volume [GBytes],81,0.0
SPR,FP32,CUSTOM,8000,Memory data volume [GBytes],82,0.0
SPR,FP32,CUSTOM,8000,Memory data volume [GBytes],83,0.0
SPR,FP32,CUSTOM,8000,Memory data volume [GBytes],84,0.0
SPR,FP32,CUSTOM,8000,Memory data volume [GBytes],85,0.0
SPR,FP32,CUSTOM,8000,Memory data volume [GBytes],86,0.0
SPR,FP32,CUSTOM,8000,Memory data volume [GBytes],87,0.0
SPR,FP32,CUSTOM,8000,Memory data volume [GBytes],88,0.0
SPR,FP32,CUSTOM,8000,Memory data volume [GBytes],89,0.0
SPR,FP32,CUSTOM,8000,Memory data volume [GBytes],90,0.0
SPR,FP32,CUSTOM,8000,Memory data volume [GBytes],91,0.0
SPR,FP32,CUSTOM,8000,Memory data volume [GBytes],92,0.0
SPR,FP32,CUSTOM,8000,Memory data volume [GBytes],93,0.0
SPR,FP32,CUSTOM,8000,Memory data volume [GBytes],94,0.0
SPR,FP32,CUSTOM,8000,Memory data volume [GBytes],95,0.0
SPR,FP32,CUSTOM,8000,Memory data volume [GBytes],96,0.0
SPR,FP32,CUSTOM,8000,Memory data volume [GBytes],97,0.0
SPR,FP32,CUSTOM,8000,Memory data volume [GBytes],98,0.0
SPR,FP32,CUSTOM,8000,Memory data volume [GBytes],99,0.0
SPR,FP32,CUSTOM,8000,Memory data volume [GBytes],100,0.0
SPR,FP32,CUSTOM,8000,Memory data volume [GBytes],101,0.0
SPR,FP32,CUSTOM,8000,Memory data volume [GBytes],102,0.0
SPR,FP32,CUSTOM,8000,Memory data volume [GBytes],103,0.0
SPR,FP64,CUSTOM,8000,Runtime (RDTSC) [s],0,2302.7553
SPR,FP64,CUSTOM,8000,Runtime (RDTSC) [s],1,2302.7553
SPR,FP64,CUSTOM,8000,Runtime (RDTSC) [s],2,2302.7553
SPR,FP64,CUSTOM,8000,Runtime (RDTSC) [s],3,2302.7553
SPR,FP64,CUSTOM,8000,Runtime (RDTSC) [s],4,2302.7553
SPR,FP64,CUSTOM,8000,Runtime (RDTSC) [s],5,2302.7553
SPR,FP64,CUSTOM,8000,Runtime (RDTSC) [s],6,2302.7553
SPR,FP64,CUSTOM,8000,Runtime (RDTSC) [s],7,2302.7553
SPR,FP64,CUSTOM,8000,Runtime (RDTSC) [s],8,2302.7553
SPR,FP64,CUSTOM,8000,Runtime (RDTSC) [s],9,2302.7553
SPR,FP64,CUSTOM,8000,Runtime (RDTSC) [s],10,2302.7553
SPR,FP64,CUSTOM,8000,Runtime (RDTSC) [s],11,2302.7553
SPR,FP64,CUSTOM,8000,Runtime (RDTSC) [s],12,2302.7553
SPR,FP64,CUSTOM,8000,Runtime (RDTSC) [s],13,2302.7553
SPR,FP64,CUSTOM,8000,Runtime (RDTSC) [s],14,2302.7553
SPR,FP64,CUSTOM,8000,Runtime (RDTSC) [s],15,2302.7553
SPR,FP64,CUSTOM,8000,Runtime (RDTSC) [s],16,2302.7553
SPR,FP64,CUSTOM,8000,Runtime (RDTSC) [s],17,2302.7553
SPR,FP64,CUSTOM,8000,Runtime (RDTSC) [s],18,2302.7553
SPR,FP64,CUSTOM,8000,Runtime (RDTSC) [s],19,2302.7553
SPR,FP64,CUSTOM,8000,Runtime (RDTSC) [s],20,2302.7553
SPR,FP64,CUSTOM,8000,Runtime (RDTSC) [s],21,2302.7553
SPR,FP64,CUSTOM,8000,Runtime (RDTSC) [s],22,2302.7553
SPR,FP64,CUSTOM,8000,Runtime (RDTSC) [s],23,2302.7553
SPR,FP64,CUSTOM,8000,Runtime (RDTSC) [s],24,2302.7553
SPR,FP64,CUSTOM,8000,Runtime (RDTSC) [s],25,2302.7553
SPR,FP64,CUSTOM,8000,Runtime (RDTSC) [s],26,2302.7553
SPR,FP64,CUSTOM,8000,Runtime (RDTSC) [s],27,2302.7553
SPR,FP64,CUSTOM,8000,Runtime (RDTSC) [s],28,2302.7553
SPR,FP64,CUSTOM,8000,Runtime (RDTSC) [s],29,2302.7553
SPR,FP64,CUSTOM,8000,Runtime (RDTSC) [s],30,2302.7553
SPR,FP64,CUSTOM,8000,Runtime (RDTSC) [s],31,2302.7553
SPR,FP64,CUSTOM,8000,Runtime (RDTSC) [s],32,2302.7553
SPR,FP64,CUSTOM,8000,Runtime (RDTSC) [s],33,2302.7553
SPR,FP64,CUSTOM,8000,Runtime (RDTSC) [s],34,2302.7553
SPR,FP64,CUSTOM,8000,Runtime (RDTSC) [s],35,2302.7553
SPR,FP64,CUSTOM,8000,Runtime (RDTSC) [s],36,2302.7553
SPR,FP64,CUSTOM,8000,Runtime (RDTSC) [s],37,2302.7553
SPR,FP64,CUSTOM,8000,Runtime (RDTSC) [s],38,2302.7553
SPR,FP64,CUSTOM,8000,Runtime (RDTSC) [s],39,2302.7553
SPR,FP64,CUSTOM,8000,Runtime (RDTSC) [s],40,2302.7553
SPR,FP64,CUSTOM,8000,Runtime (RDTSC) [s],41,2302.7553
SPR,FP64,CUSTOM,8000,Runtime (RDTSC) [s],42,2302.7553
SPR,FP64,CUSTOM,8000,Runtime (RDTSC) [s],43,2302.7553
SPR,FP64,CUSTOM,8000,Runtime (RDTSC) [s],44,2302.7553
SPR,FP64,CUSTOM,8000,Runtime (RDTSC) [s],45,2302.7553
SPR,FP64,CUSTOM,8000,Runtime (RDTSC) [s],46,2302.7553
SPR,FP64,CUSTOM,8000,Runtime (RDTSC) [s],47,2302.7553
SPR,FP64,CUSTOM,8000,Runtime (RDTSC) [s],48,2302.7553
SPR,FP64,CUSTOM,8000,Runtime (RDTSC) [s],49,2302.7553
SPR,FP64,CUSTOM,8000,Runtime (RDTSC) [s],50,2302.7553
SPR,FP64,CUSTOM,8000,Runtime (RDTSC) [s],51,2302.7553
SPR,FP64,CUSTOM,8000,Runtime (RDTSC) [s],52,2302.7553
SPR,FP64,CUSTOM,8000,Runtime (RDTSC) [s],53,2302.7553
SPR,FP64,CUSTOM,8000,Runtime (RDTSC) [s],54,2302.7553
SPR,FP64,CUSTOM,8000,Runtime (RDTSC) [s],55,2302.7553
SPR,FP64,CUSTOM,8000,Runtime (RDTSC) [s],56,2302.7553
SPR,FP64,CUSTOM,8000,Runtime (RDTSC) [s],57,2302.7553
SPR,FP64,CUSTOM,8000,Runtime (RDTSC) [s],58,2302.7553
SPR,FP64,CUSTOM,8000,Runtime (RDTSC) [s],59,2302.7553
SPR,FP64,CUSTOM,8000,Runtime (RDTSC) [s],60,2302.7553
SPR,FP64,CUSTOM,8000,Runtime (RDTSC) [s],61,2302.7553
SPR,FP64,CUSTOM,8000,Runtime (RDTSC) [s],62,2302.7553
SPR,FP64,CUSTOM,8000,Runtime (RDTSC) [s],63,2302.7553
SPR,FP64,CUSTOM,8000,Runtime (RDTSC) [s],64,2302.7553
SPR,FP64,CUSTOM,8000,Runtime (RDTSC) [s],65,2302.7553
SPR,FP64,CUSTOM,8000,Runtime (RDTSC) [s],66,2302.7553
SPR,FP64,CUSTOM,8000,Runtime (RDTSC) [s],67,2302.7553
SPR,FP64,CUSTOM,8000,Runtime (RDTSC) [s],68,2302.7553
SPR,FP64,CUSTOM,8000,Runtime (RDTSC) [s],69,2302.7553
SPR,FP64,CUSTOM,8000,Runtime (RDTSC) [s],70,2302.7553
SPR,FP64,CUSTOM,8000,Runtime (RDTSC) [s],71,2302.7553
SPR,FP64,CUSTOM,8000,Runtime (RDTSC) [s],72,2302.7553
SPR,FP64,CUSTOM,8000,Runtime (RDTSC) [s],73,2302.7553
SPR,FP64,CUSTOM,8000,Runtime (RDTSC) [s],74,2302.7553
SPR,FP64,CUSTOM,8000,Runtime (RDTSC) [s],75,2302.7553
SPR,FP64,CUSTOM,8000,Runtime (RDTSC) [s],76,2302.7553
SPR,FP64,CUSTOM,8000,Runtime (RDTSC) [s],77,2302.7553
SPR,FP64,CUSTOM,8000,Runtime (RDTSC) [s],78,2302.7553
SPR,FP64,CUSTOM,8000,Runtime (RDTSC) [s],79,2302.7553
SPR,FP64,CUSTOM,8000,Runtime (RDTSC) [s],80,2302.7553
SPR,FP64,CUSTOM,8000,Runtime (RDTSC) [s],81,2302.7553
SPR,FP64,CUSTOM,8000,Runtime (RDTSC) [s],82,2302.7553
SPR,FP64,CUSTOM,8000,Runtime (RDTSC) [s],83,2302.7553
SPR,FP64,CUSTOM,8000,Runtime (RDTSC) [s],84,2302.7553
SPR,FP64,CUSTOM,8000,Runtime (RDTSC) [s],85,2302.7553
SPR,FP64,CUSTOM,8000,Runtime (RDTSC) [s],86,2302.7553
SPR,FP64,CUSTOM,8000,Runtime (RDTSC) [s],87,2302.7553
SPR,FP64,CUSTOM,8000,Runtime (RDTSC) [s],88,2302.7553
SPR,FP64,CUSTOM,8000,Runtime (RDTSC) [s],89,2302.7553
SPR,FP64,CUSTOM,8000,Runtime (RDTSC) [s],90,2302.7553
SPR,FP64,CUSTOM,8000,Runtime (RDTSC) [s],91,2302.7553
SPR,FP64,CUSTOM,8000,Runtime (RDTSC) [s],92,2302.7553
SPR,FP64,CUSTOM,8000,Runtime (RDTSC) [s],93,2302.7553
SPR,FP64,CUSTOM,8000,Runtime (RDTSC) [s],94,2302.7553
SPR,FP64,CUSTOM,8000,Runtime (RDTSC) [s],95,2302.7553
SPR,FP64,CUSTOM,8000,Runtime (RDTSC) [s],96,2302.7553
SPR,FP64,CUSTOM,8000,Runtime (RDTSC) [s],97,2302.7553
SPR,FP64,CUSTOM,8000,Runtime (RDTSC) [s],98,2302.7553
SPR,FP64,CUSTOM,8000,Runtime (RDTSC) [s],99,2302.7553
SPR,FP64,CUSTOM,8000,Runtime (RDTSC) [s],100,2302.7553
SPR,FP64,CUSTOM,8000,Runtime (RDTSC) [s],101,2302.7553
SPR,FP64,CUSTOM,8000,Runtime (RDTSC) [s],102,2302.7553
SPR,FP64,CUSTOM,8000,Runtime (RDTSC) [s],103,2302.7553
SPR,FP64,CUSTOM,8000,Runtime unhalted [s],0,3262.9876
SPR,FP64,CUSTOM,8000,Runtime unhalted [s],1,3274.9158
SPR,FP64,CUSTOM,8000,Runtime unhalted [s],2,3271.3907
SPR,FP64,CUSTOM,8000,Runtime unhalted [s],3,3281.0116
SPR,FP64,CUSTOM,8000,Runtime unhalted [s],4,3263.9708
SPR,FP64,CUSTOM,8000,Runtime unhalted [s],5,3275.9936
SPR,FP64,CUSTOM,8000,Runtime unhalted [s],6,3277.593
SPR,FP64,CUSTOM,8000,Runtime unhalted [s],7,3266.1221
SPR,FP64,CUSTOM,8000,Runtime unhalted [s],8,3272.7801
SPR,FP64,CUSTOM,8000,Runtime unhalted [s],9,3272.8236
SPR,FP64,CUSTOM,8000,Runtime unhalted [s],10,3271.7826
SPR,FP64,CUSTOM,8000,Runtime unhalted [s],11,3276.4225
SPR,FP64,CUSTOM,8000,Runtime unhalted [s],12,3280.8113
SPR,FP64,CUSTOM,8000,Runtime unhalted [s],13,3280.099
SPR,FP64,CUSTOM,8000,Runtime unhalted [s],14,3283.6197
SPR,FP64,CUSTOM,8000,Runtime unhalted [s],15,3293.4526
SPR,FP64,CUSTOM,8000,Runtime unhalted [s],16,3285.374
SPR,FP64,CUSTOM,8000,Runtime unhalted [s],17,3293.2693
SPR,FP64,CUSTOM,8000,Runtime unhalted [s],18,3299.2876
SPR,FP64,CUSTOM,8000,Runtime unhalted [s],19,3281.8085
SPR,FP64,CUSTOM,8000,Runtime unhalted [s],20,3290.6218
SPR,FP64,CUSTOM,8000,Runtime unhalted [s],21,3299.5803
SPR,FP64,CUSTOM,8000,Runtime unhalted [s],22,3277.0284
SPR,FP64,CUSTOM,8000,Runtime unhalted [s],23,3279.7658
SPR,FP64,CUSTOM,8000,Runtime unhalted [s],24,3287.9613
SPR,FP64,CUSTOM,8000,Runtime unhalted [s],25,3297.4294
SPR,FP64,CUSTOM,8000,Runtime unhalted [s],26,3277.0242
SPR,FP64,CUSTOM,8000,Runtime unhalted [s],27,3273.339
SPR,FP64,CUSTOM,8000,Runtime unhalted [s],28,3286.6803
SPR,FP64,CUSTOM,8000,Runtime unhalted [s],29,3277.853
SPR,FP64,CUSTOM,8000,Runtime unhalted [s],30,3279.3405
SPR,FP64,CUSTOM,8000,Runtime unhalted [s],31,3285.4352
SPR,FP64,CUSTOM,8000,Runtime unhalted [s],32,3286.9809
SPR,FP64,CUSTOM,8000,Runtime unhalted [s],33,3276.1464
SPR,FP64,CUSTOM,8000,Runtime unhalted [s],34,3275.6258
SPR,FP64,CUSTOM,8000,Runtime unhalted [s],35,3292.6528
SPR,FP64,CUSTOM,8000,Runtime unhalted [s],36,3283.0687
SPR,FP64,CUSTOM,8000,Runtime unhalted [s],37,3278.6865
SPR,FP64,CUSTOM,8000,Runtime unhalted [s],38,3273.9332
SPR,FP64,CUSTOM,8000,Runtime unhalted [s],39,3299.6795
SPR,FP64,CUSTOM,8000,Runtime unhalted [s],40,3288.9852
SPR,FP64,CUSTOM,8000,Runtime unhalted [s],41,3291.0905
SPR,FP64,CUSTOM,8000,Runtime unhalted [s],42,3285.8415
SPR,FP64,CUSTOM,8000,Runtime unhalted [s],43,3301.8167
SPR,FP64,CUSTOM,8000,Runtime unhalted [s],44,3290.4292
SPR,FP64,CUSTOM,8000,Runtime unhalted [s],45,3285.8979
SPR,FP64,CUSTOM,8000,Runtime unhalted [s],46,3289.2743
SPR,FP64,CUSTOM,8000,Runtime unhalted [s],47,3296.6562
SPR,FP64,CUSTOM,8000,Runtime unhalted [s],48,3290.6619
SPR,FP64,CUSTOM,8000,Runtime unhalted [s],49,3295.035
SPR,FP64,CUSTOM,8000,Runtime unhalted [s],50,3293.3741
SPR,FP64,CUSTOM,8000,Runtime unhalted [s],51,3289.0237
SPR,FP64,CUSTOM,8000,Runtime unhalted [s],52,3286.2292
SPR,FP64,CUSTOM,8000,Runtime unhalted [s],53,3293.5822
SPR,FP64,CUSTOM,8000,Runtime unhalted [s],54,3292.1581
SPR,FP64,CUSTOM,8000,Runtime unhalted [s],55,3304.6855
SPR,FP64,CUSTOM,8000,Runtime unhalted [s],56,3290.1395
SPR,FP64,CUSTOM,8000,Runtime unhalted [s],57,3303.7323
SPR,FP64,CUSTOM,8000,Runtime unhalted [s],58,3276.4815
SPR,FP64,CUSTOM,8000,Runtime unhalted [s],59,3286.795
SPR,FP64,CUSTOM,8000,Runtime unhalted [s],60,3295.3315
SPR,FP64,CUSTOM,8000,Runtime unhalted [s],61,3278.2547
SPR,FP64,CUSTOM,8000,Runtime unhalted [s],62,3285.5753
SPR,FP64,CUSTOM,8000,Runtime unhalted [s],63,3283.0277
SPR,FP64,CUSTOM,8000,Runtime unhalted [s],64,3293.898
SPR,FP64,CUSTOM,8000,Runtime unhalted [s],65,3272.1103
SPR,FP64,CUSTOM,8000,Runtime unhalted [s],66,3279.9274
SPR,FP64,CUSTOM,8000,Runtime unhalted [s],67,3280.1041
SPR,FP64,CUSTOM,8000,Runtime unhalted [s],68,3290.8293
SPR,FP64,CUSTOM,8000,Runtime unhalted [s],69,3272.2149
SPR,FP64,CUSTOM,8000,Runtime unhalted [s],70,3274.6112
SPR,FP64,CUSTOM,8000,Runtime unhalted [s],71,3284.9561
SPR,FP64,CUSTOM,8000,Runtime unhalted [s],72,3284.185
SPR,FP64,CUSTOM,8000,Runtime unhalted [s],73,3278.948
SPR,FP64,CUSTOM,8000,Runtime unhalted [s],74,3277.0811
SPR,FP64,CUSTOM,8000,Runtime unhalted [s],75,3270.2519
SPR,FP64,CUSTOM,8000,Runtime unhalted [s],76,3276.3554
SPR,FP64,CUSTOM,8000,Runtime unhalted [s],77,3283.0967
SPR,FP64,CUSTOM,8000,Runtime unhalted [s],78,3285.8104
SPR,FP64,CUSTOM,8000,Runtime unhalted [s],79,3273.3428
SPR,FP64,CUSTOM,8000,Runtime unhalted [s],80,3270.8098
SPR,FP64,CUSTOM,8000,Runtime unhalted [s],81,3268.0549
SPR,FP64,CUSTOM,8000,Runtime unhalted [s],82,3289.1599
SPR,FP64,CUSTOM,8000,Runtime unhalted [s],83,3271.2584
SPR,FP64,CUSTOM,8000,Runtime unhalted [s],84,3260.6417
SPR,FP64,CUSTOM,8000,Runtime unhalted [s],85,3279.2002
SPR,FP64,CUSTOM,8000,Runtime unhalted [s],86,3271.8251
SPR,FP64,CUSTOM,8000,Runtime unhalted [s],87,3260.8796
SPR,FP64,CUSTOM,8000,Runtime unhalted [s],88,3276.0387
SPR,FP64,CUSTOM,8000,Runtime unhalted [s],89,3270.916
SPR,FP64,CUSTOM,8000,Runtime unhalted [s],90,3220.7055
SPR,FP64,CUSTOM,8000,Runtime unhalted [s],91,3282.2304
SPR,FP64,CUSTOM,8000,Runtime unhalted [s],92,3265.4863
SPR,FP64,CUSTOM,8000,Runtime unhalted [s],93,3268.1484
SPR,FP64,CUSTOM,8000,Runtime unhalted [s],94,3278.2909
SPR,FP64,CUSTOM,8000,Runtime unhalted [s],95,3281.9887
SPR,FP64,CUSTOM,8000,Runtime unhalted [s],96,3273.3347
SPR,FP64,CUSTOM,8000,Runtime unhalted [s],97,3266.2612
SPR,FP64,CUSTOM,8000,Runtime unhalted [s],98,3280.9432
SPR,FP64,CUSTOM,8000,Runtime unhalted [s],99,3270.4861
SPR,FP64,CUSTOM,8000,Runtime unhalted [s],100,3271.5261
SPR,FP64,CUSTOM,8000,Runtime unhalted [s],101,3274.349
SPR,FP64,CUSTOM,8000,Runtime unhalted [s],102,3266.9266
SPR,FP64,CUSTOM,8000,Runtime unhalted [s],103,3266.1093
SPR,FP64,CUSTOM,8000,Clock [MHz],0,2902.0092
SPR,FP64,CUSTOM,8000,Clock [MHz],1,2903.3238
SPR,FP64,CUSTOM,8000,Clock [MHz],2,2902.7572
SPR,FP64,CUSTOM,8000,Clock [MHz],3,2903.1117
SPR,FP64,CUSTOM,8000,Clock [MHz],4,2902.7101
SPR,FP64,CUSTOM,8000,Clock [MHz],5,2902.8606
SPR,FP64,CUSTOM,8000,Clock [MHz],6,2902.8458
SPR,FP64,CUSTOM,8000,Clock [MHz],7,2902.7383
SPR,FP64,CUSTOM,8000,Clock [MHz],8,2902.6891
SPR,FP64,CUSTOM,8000,Clock [MHz],9,2902.9431
SPR,FP64,CUSTOM,8000,Clock [MHz],10,2902.7023
SPR,FP64,CUSTOM,8000,Clock [MHz],11,2903.5585
SPR,FP64,CUSTOM,8000,Clock [MHz],12,2902.3199
SPR,FP64,CUSTOM,8000,Clock [MHz],13,2905.0108
SPR,FP64,CUSTOM,8000,Clock [MHz],14,2905.1281
SPR,FP64,CUSTOM,8000,Clock [MHz],15,2906.2141
SPR,FP64,CUSTOM,8000,Clock [MHz],16,2903.9445
SPR,FP64,CUSTOM,8000,Clock [MHz],17,2905.3265
SPR,FP64,CUSTOM,8000,Clock [MHz],18,2906.0064
SPR,FP64,CUSTOM,8000,Clock [MHz],19,2903.7997
SPR,FP64,CUSTOM,8000,Clock [MHz],20,2904.5698
SPR,FP64,CUSTOM,8000,Clock [MHz],21,2906.218
SPR,FP64,CUSTOM,8000,Clock [MHz],22,2903.8423
SPR,FP64,CUSTOM,8000,Clock [MHz],23,2904.0255
SPR,FP64,CUSTOM,8000,Clock [MHz],24,2904.4522
SPR,FP64,CUSTOM,8000,Clock [MHz],25,2905.7266
SPR,FP64,CUSTOM,8000,Clock [MHz],26,2903.3419
SPR,FP64,CUSTOM,8000,Clock [MHz],27,2903.4535
SPR,FP64,CUSTOM,8000,Clock [MHz],28,2903.2771
SPR,FP64,CUSTOM,8000,Clock [MHz],29,2902.7776
SPR,FP64,CUSTOM,8000,Clock [MHz],30,2903.7665
SPR,FP64,CUSTOM,8000,Clock [MHz],31,2902.6233
SPR,FP64,CUSTOM,8000,Clock [MHz],32,2903.2387
SPR,FP64,CUSTOM,8000,Clock [MHz],33,2903.2576
SPR,FP64,CUSTOM,8000,Clock [MHz],34,2903.8086
SPR,FP64,CUSTOM,8000,Clock [MHz],35,2903.8527
SPR,FP64,CUSTOM,8000,Clock [MHz],36,2902.9249
SPR,FP64,CUSTOM,8000,Clock [MHz],37,2903.5053
SPR,FP64,CUSTOM,8000,Clock [MHz],38,2903.3742
SPR,FP64,CUSTOM,8000,Clock [MHz],39,2906.4795
SPR,FP64,CUSTOM,8000,Clock [MHz],40,2904.3693
SPR,FP64,CUSTOM,8000,Clock [MHz],41,2904.7832
SPR,FP64,CUSTOM,8000,Clock [MHz],42,2904.2655
SPR,FP64,CUSTOM,8000,Clock [MHz],43,2906.0863
SPR,FP64,CUSTOM,8000,Clock [MHz],44,2904.8624
SPR,FP64,CUSTOM,8000,Clock [MHz],45,2903.9551
SPR,FP64,CUSTOM,8000,Clock [MHz],46,2904.9553
SPR,FP64,CUSTOM,8000,Clock [MHz],47,2905.3177
SPR,FP64,CUSTOM,8000,Clock [MHz],48,2904.9319
SPR,FP64,CUSTOM,8000,Clock [MHz],49,2905.3472
SPR,FP64,CUSTOM,8000,Clock [MHz],50,2904.9684
SPR,FP64,CUSTOM,8000,Clock [MHz],51,2904.371
SPR,FP64,CUSTOM,8000,Clock [MHz],52,2928.0565
SPR,FP64,CUSTOM,8000,Clock [MHz],53,2929.345
SPR,FP64,CUSTOM,8000,Clock [MHz],54,2929.5453
SPR,FP64,CUSTOM,8000,Clock [MHz],55,2931.0233
SPR,FP64,CUSTOM,8000,Clock [MHz],56,2929.0601
SPR,FP64,CUSTOM,8000,Clock [MHz],57,2930.8238
SPR,FP64,CUSTOM,8000,Clock [MHz],58,2926.5335
SPR,FP64,CUSTOM,8000,Clock [MHz],59,2928.1405
SPR,FP64,CUSTOM,8000,Clock [MHz],60,2928.6616
SPR,FP64,CUSTOM,8000,Clock [MHz],61,2926.729
SPR,FP64,CUSTOM,8000,Clock [MHz],62,2927.4768
SPR,FP64,CUSTOM,8000,Clock [MHz],63,2927.1649
SPR,FP64,CUSTOM,8000,Clock [MHz],64,2929.0134
SPR,FP64,CUSTOM,8000,Clock [MHz],65,2926.3101
SPR,FP64,CUSTOM,8000,Clock [MHz],66,2926.8336
SPR,FP64,CUSTOM,8000,Clock [MHz],67,2926.7513
SPR,FP64,CUSTOM,8000,Clock [MHz],68,2927.9149
SPR,FP64,CUSTOM,8000,Clock [MHz],69,2926.0757
SPR,FP64,CUSTOM,8000,Clock [MHz],70,2926.7397
SPR,FP64,CUSTOM,8000,Clock [MHz],71,2927.1788
SPR,FP64,CUSTOM,8000,Clock [MHz],72,2926.9687
SPR,FP64,CUSTOM,8000,Clock [MHz],73,2926.6303
SPR,FP64,CUSTOM,8000,Clock [MHz],74,2926.5294
SPR,FP64,CUSTOM,8000,Clock [MHz],75,2925.531
SPR,FP64,CUSTOM,8000,Clock [MHz],76,2926.6655
SPR,FP64,CUSTOM,8000,Clock [MHz],77,2927.0311
SPR,FP64,CUSTOM,8000,Clock [MHz],78,2927.633
SPR,FP64,CUSTOM,8000,Clock [MHz],79,2925.6282
SPR,FP64,CUSTOM,8000,Clock [MHz],80,2925.732
SPR,FP64,CUSTOM,8000,Clock [MHz],81,2925.575
SPR,FP64,CUSTOM,8000,Clock [MHz],82,2928.3132
SPR,FP64,CUSTOM,8000,Clock [MHz],83,2925.7771
SPR,FP64,CUSTOM,8000,Clock [MHz],84,2924.7534
SPR,FP64,CUSTOM,8000,Clock [MHz],85,2926.5964
SPR,FP64,CUSTOM,8000,Clock [MHz],86,2925.5901
SPR,FP64,CUSTOM,8000,Clock [MHz],87,2924.7871
SPR,FP64,CUSTOM,8000,Clock [MHz],88,2925.9675
SPR,FP64,CUSTOM,8000,Clock [MHz],89,2925.5816
SPR,FP64,CUSTOM,8000,Clock [MHz],90,2928.0209
SPR,FP64,CUSTOM,8000,Clock [MHz],91,2927.6296
SPR,FP64,CUSTOM,8000,Clock [MHz],92,2925.8289
SPR,FP64,CUSTOM,8000,Clock [MHz],93,2926.4225
SPR,FP64,CUSTOM,8000,Clock [MHz],94,2927.2306
SPR,FP64,CUSTOM,8000,Clock [MHz],95,2927.7169
SPR,FP64,CUSTOM,8000,Clock [MHz],96,2926.4855
SPR,FP64,CUSTOM,8000,Clock [MHz],97,2926.3245
SPR,FP64,CUSTOM,8000,Clock [MHz],98,2927.862
SPR,FP64,CUSTOM,8000,Clock [MHz],99,2926.035
SPR,FP64,CUSTOM,8000,Clock [MHz],100,2926.1083
SPR,FP64,CUSTOM,8000,Clock [MHz],101,2926.4878
SPR,FP64,CUSTOM,8000,Clock [MHz],102,2926.5528
SPR,FP64,CUSTOM,8000,Clock [MHz],103,2926.1824
SPR,FP64,CUSTOM,8000,CPI,0,1.1175
SPR,FP64,CUSTOM,8000,CPI,1,1.0843
SPR,FP64,CUSTOM,8000,CPI,2,1.0831
SPR,FP64,CUSTOM,8000,CPI,3,1.0872
SPR,FP64,CUSTOM,8000,CPI,4,1.0845
SPR,FP64,CUSTOM,8000,CPI,5,1.0887
SPR,FP64,CUSTOM,8000,CPI,6,1.0874
SPR,FP64,CUSTOM,8000,CPI,7,1.0814
SPR,FP64,CUSTOM,8000,CPI,8,1.0827
SPR,FP64,CUSTOM,8000,CPI,9,1.0863
SPR,FP64,CUSTOM,8000,CPI,10,1.0845
SPR,FP64,CUSTOM,8000,CPI,11,1.0876
SPR,FP64,CUSTOM,8000,CPI,12,1.1261
SPR,FP64,CUSTOM,8000,CPI,13,1.0891
SPR,FP64,CUSTOM,8000,CPI,14,1.0901
SPR,FP64,CUSTOM,8000,CPI,15,1.0983
SPR,FP64,CUSTOM,8000,CPI,16,1.0951
SPR,FP64,CUSTOM,8000,CPI,17,1.1027
SPR,FP64,CUSTOM,8000,CPI,18,1.1048
SPR,FP64,CUSTOM,8000,CPI,19,1.0935
SPR,FP64,CUSTOM,8000,CPI,20,1.1027
SPR,FP64,CUSTOM,8000,CPI,21,1.1027
SPR,FP64,CUSTOM,8000,CPI,22,1.0894
SPR,FP64,CUSTOM,8000,CPI,23,1.0954
SPR,FP64,CUSTOM,8000,CPI,24,1.0997
SPR,FP64,CUSTOM,8000,CPI,25,1.1127
SPR,FP64,CUSTOM,8000,CPI,26,1.1046
SPR,FP64,CUSTOM,8000,CPI,27,1.1026
SPR,FP64,CUSTOM,8000,CPI,28,1.1217
SPR,FP64,CUSTOM,8000,CPI,29,1.1116
SPR,FP64,CUSTOM,8000,CPI,30,1.1049
SPR,FP64,CUSTOM,8000,CPI,31,1.1229
SPR,FP64,CUSTOM,8000,CPI,32,1.1165
SPR,FP64,CUSTOM,8000,CPI,33,1.1051
SPR,FP64,CUSTOM,8000,CPI,34,1.1058
SPR,FP64,CUSTOM,8000,CPI,35,1.1244
SPR,FP64,CUSTOM,8000,CPI,36,1.1152
SPR,FP64,CUSTOM,8000,CPI,37,1.1056
SPR,FP64,CUSTOM,8000,CPI,38,1.1025
SPR,FP64,CUSTOM,8000,CPI,39,1.1271
SPR,FP64,CUSTOM,8000,CPI,40,1.1223
SPR,FP64,CUSTOM,8000,CPI,41,1.1093
SPR,FP64,CUSTOM,8000,CPI,42,1.1051
SPR,FP64,CUSTOM,8000,CPI,43,1.128
SPR,FP64,CUSTOM,8000,CPI,44,1.1162
SPR,FP64,CUSTOM,8000,CPI,45,1.1089
SPR,FP64,CUSTOM,8000,CPI,46,1.1088
SPR,FP64,CUSTOM,8000,CPI,47,1.1238
SPR,FP64,CUSTOM,8000,CPI,48,1.1111
SPR,FP64,CUSTOM,8000,CPI,49,1.1243
SPR,FP64,CUSTOM,8000,CPI,50,1.1129
SPR,FP64,CUSTOM,8000,CPI,51,1.1067
SPR,FP64,CUSTOM,8000,CPI,52,1.1284
SPR,FP64,CUSTOM,8000,CPI,53,1.114
SPR,FP64,CUSTOM,8000,CPI,54,1.1185
SPR,FP64,CUSTOM,8000,CPI,55,1.1215
SPR,FP64,CUSTOM,8000,CPI,56,1.1157
SPR,FP64,CUSTOM,8000,CPI,57,1.1227
SPR,FP64,CUSTOM,8000,CPI,58,1.1145
SPR,FP64,CUSTOM,8000,CPI,59,1.1149
SPR,FP64,CUSTOM,8000,CPI,60,1.1198
SPR,FP64,CUSTOM,8000,CPI,61,1.1118
SPR,FP64,CUSTOM,8000,CPI,62,1.1138
SPR,FP64,CUSTOM,8000,CPI,63,1.1234
SPR,FP64,CUSTOM,8000,CPI,64,1.1252
SPR,FP64,CUSTOM,8000,CPI,65,1.1199
SPR,FP64,CUSTOM,8000,CPI,66,1.1206
SPR,FP64,CUSTOM,8000,CPI,67,1.1205
SPR,FP64,CUSTOM,8000,CPI,68,1.1265
SPR,FP64,CUSTOM,8000,CPI,69,1.1224
SPR,FP64,CUSTOM,8000,CPI,70,1.1187
SPR,FP64,CUSTOM,8000,CPI,71,1.1216
SPR,FP64,CUSTOM,8000,CPI,72,1.1246
SPR,FP64,CUSTOM,8000,CPI,73,1.1204
SPR,FP64,CUSTOM,8000,CPI,74,1.122
SPR,FP64,CUSTOM,8000,CPI,75,1.1185
SPR,FP64,CUSTOM,8000,CPI,76,1.1218
SPR,FP64,CUSTOM,8000,CPI,77,1.1211
SPR,FP64,CUSTOM,8000,CPI,78,1.1213
SPR,FP64,CUSTOM,8000,CPI,79,1.1202
SPR,FP64,CUSTOM,8000,CPI,80,1.1218
SPR,FP64,CUSTOM,8000,CPI,81,1.116
SPR,FP64,CUSTOM,8000,CPI,82,1.1241
SPR,FP64,CUSTOM,8000,CPI,83,1.1219
SPR,FP64,CUSTOM,8000,CPI,84,1.1163
SPR,FP64,CUSTOM,8000,CPI,85,1.1233
SPR,FP64,CUSTOM,8000,CPI,86,1.1224
SPR,FP64,CUSTOM,8000,CPI,87,1.1129
SPR,FP64,CUSTOM,8000,CPI,88,1.1253
SPR,FP64,CUSTOM,8000,CPI,89,1.1184
SPR,FP64,CUSTOM,8000,CPI,90,1.1223
SPR,FP64,CUSTOM,8000,CPI,91,1.0797
SPR,FP64,CUSTOM,8000,CPI,92,1.0732
SPR,FP64,CUSTOM,8000,CPI,93,1.0708
SPR,FP64,CUSTOM,8000,CPI,94,1.075
SPR,FP64,CUSTOM,8000,CPI,95,1.0715
SPR,FP64,CUSTOM,8000,CPI,96,1.072
SPR,FP64,CUSTOM,8000,CPI,97,1.0697
SPR,FP64,CUSTOM,8000,CPI,98,1.0762
SPR,FP64,CUSTOM,8000,CPI,99,1.0717
SPR,FP64,CUSTOM,8000,CPI,100,1.0718
SPR,FP64,CUSTOM,8000,CPI,101,1.0702
SPR,FP64,CUSTOM,8000,CPI,102,1.0689
SPR,FP64,CUSTOM,8000,CPI,103,1.0724
SPR,FP64,CUSTOM,8000,SP [MFLOP/s],0,1.346213e-08
SPR,FP64,CUSTOM,8000,SP [MFLOP/s],1,0.0
SPR,FP64,CUSTOM,8000,SP [MFLOP/s],2,0.0
SPR,FP64,CUSTOM,8000,SP [MFLOP/s],3,0.0
SPR,FP64,CUSTOM,8000,SP [MFLOP/s],4,0.0
SPR,FP64,CUSTOM,8000,SP [MFLOP/s],5,0.0
SPR,FP64,CUSTOM,8000,SP [MFLOP/s],6,0.0
SPR,FP64,CUSTOM,8000,SP [MFLOP/s],7,0.0
SPR,FP64,CUSTOM,8000,SP [MFLOP/s],8,0.0
SPR,FP64,CUSTOM,8000,SP [MFLOP/s],9,0.0
SPR,FP64,CUSTOM,8000,SP [MFLOP/s],10,0.0
SPR,FP64,CUSTOM,8000,SP [MFLOP/s],11,0.0
SPR,FP64,CUSTOM,8000,SP [MFLOP/s],12,0.0
SPR,FP64,CUSTOM,8000,SP [MFLOP/s],13,0.0
SPR,FP64,CUSTOM,8000,SP [MFLOP/s],14,0.0
SPR,FP64,CUSTOM,8000,SP [MFLOP/s],15,0.0
SPR,FP64,CUSTOM,8000,SP [MFLOP/s],16,0.0
SPR,FP64,CUSTOM,8000,SP [MFLOP/s],17,0.0
SPR,FP64,CUSTOM,8000,SP [MFLOP/s],18,0.0
SPR,FP64,CUSTOM,8000,SP [MFLOP/s],19,0.0
SPR,FP64,CUSTOM,8000,SP [MFLOP/s],20,0.0
SPR,FP64,CUSTOM,8000,SP [MFLOP/s],21,0.0
SPR,FP64,CUSTOM,8000,SP [MFLOP/s],22,0.0
SPR,FP64,CUSTOM,8000,SP [MFLOP/s],23,0.0
SPR,FP64,CUSTOM,8000,SP [MFLOP/s],24,0.0
SPR,FP64,CUSTOM,8000,SP [MFLOP/s],25,0.0
SPR,FP64,CUSTOM,8000,SP [MFLOP/s],26,0.0
SPR,FP64,CUSTOM,8000,SP [MFLOP/s],27,0.0
SPR,FP64,CUSTOM,8000,SP [MFLOP/s],28,0.0
SPR,FP64,CUSTOM,8000,SP [MFLOP/s],29,0.0
SPR,FP64,CUSTOM,8000,SP [MFLOP/s],30,0.0
SPR,FP64,CUSTOM,8000,SP [MFLOP/s],31,0.0
SPR,FP64,CUSTOM,8000,SP [MFLOP/s],32,0.0
SPR,FP64,CUSTOM,8000,SP [MFLOP/s],33,0.0
SPR,FP64,CUSTOM,8000,SP [MFLOP/s],34,0.0
SPR,FP64,CUSTOM,8000,SP [MFLOP/s],35,0.0
SPR,FP64,CUSTOM,8000,SP [MFLOP/s],36,0.0
SPR,FP64,CUSTOM,8000,SP [MFLOP/s],37,0.0
SPR,FP64,CUSTOM,8000,SP [MFLOP/s],38,0.0
SPR,FP64,CUSTOM,8000,SP [MFLOP/s],39,0.0
SPR,FP64,CUSTOM,8000,SP [MFLOP/s],40,0.0
SPR,FP64,CUSTOM,8000,SP [MFLOP/s],41,0.0
SPR,FP64,CUSTOM,8000,SP [MFLOP/s],42,0.0
SPR,FP64,CUSTOM,8000,SP [MFLOP/s],43,0.0
SPR,FP64,CUSTOM,8000,SP [MFLOP/s],44,0.0
SPR,FP64,CUSTOM,8000,SP [MFLOP/s],45,0.0
SPR,FP64,CUSTOM,8000,SP [MFLOP/s],46,0.0
SPR,FP64,CUSTOM,8000,SP [MFLOP/s],47,0.0
SPR,FP64,CUSTOM,8000,SP [MFLOP/s],48,0.0
SPR,FP64,CUSTOM,8000,SP [MFLOP/s],49,0.0
SPR,FP64,CUSTOM,8000,SP [MFLOP/s],50,0.0
SPR,FP64,CUSTOM,8000,SP [MFLOP/s],51,0.0
SPR,FP64,CUSTOM,8000,SP [MFLOP/s],52,5.211149e-09
SPR,FP64,CUSTOM,8000,SP [MFLOP/s],53,0.0
SPR,FP64,CUSTOM,8000,SP [MFLOP/s],54,0.0
SPR,FP64,CUSTOM,8000,SP [MFLOP/s],55,0.0
SPR,FP64,CUSTOM,8000,SP [MFLOP/s],56,0.0
SPR,FP64,CUSTOM,8000,SP [MFLOP/s],57,0.0
SPR,FP64,CUSTOM,8000,SP [MFLOP/s],58,0.0
SPR,FP64,CUSTOM,8000,SP [MFLOP/s],59,0.0
SPR,FP64,CUSTOM,8000,SP [MFLOP/s],60,0.0
SPR,FP64,CUSTOM,8000,SP [MFLOP/s],61,0.0
SPR,FP64,CUSTOM,8000,SP [MFLOP/s],62,0.0
SPR,FP64,CUSTOM,8000,SP [MFLOP/s],63,0.0
SPR,FP64,CUSTOM,8000,SP [MFLOP/s],64,4.342624e-10
SPR,FP64,CUSTOM,8000,SP [MFLOP/s],65,0.0
SPR,FP64,CUSTOM,8000,SP [MFLOP/s],66,0.0
SPR,FP64,CUSTOM,8000,SP [MFLOP/s],67,0.0
SPR,FP64,CUSTOM,8000,SP [MFLOP/s],68,0.0
SPR,FP64,CUSTOM,8000,SP [MFLOP/s],69,0.0
SPR,FP64,CUSTOM,8000,SP [MFLOP/s],70,0.0
SPR,FP64,CUSTOM,8000,SP [MFLOP/s],71,0.0
SPR,FP64,CUSTOM,8000,SP [MFLOP/s],72,0.0
SPR,FP64,CUSTOM,8000,SP [MFLOP/s],73,0.0
SPR,FP64,CUSTOM,8000,SP [MFLOP/s],74,0.0
SPR,FP64,CUSTOM,8000,SP [MFLOP/s],75,0.0
SPR,FP64,CUSTOM,8000,SP [MFLOP/s],76,0.0
SPR,FP64,CUSTOM,8000,SP [MFLOP/s],77,0.0
SPR,FP64,CUSTOM,8000,SP [MFLOP/s],78,0.0
SPR,FP64,CUSTOM,8000,SP [MFLOP/s],79,0.0
SPR,FP64,CUSTOM,8000,SP [MFLOP/s],80,0.0
SPR,FP64,CUSTOM,8000,SP [MFLOP/s],81,0.0
SPR,FP64,CUSTOM,8000,SP [MFLOP/s],82,0.0
SPR,FP64,CUSTOM,8000,SP [MFLOP/s],83,0.0
SPR,FP64,CUSTOM,8000,SP [MFLOP/s],84,0.0
SPR,FP64,CUSTOM,8000,SP [MFLOP/s],85,0.0
SPR,FP64,CUSTOM,8000,SP [MFLOP/s],86,0.0
SPR,FP64,CUSTOM,8000,SP [MFLOP/s],87,0.0
SPR,FP64,CUSTOM,8000,SP [MFLOP/s],88,0.0
SPR,FP64,CUSTOM,8000,SP [MFLOP/s],89,0.0
SPR,FP64,CUSTOM,8000,SP [MFLOP/s],90,0.0
SPR,FP64,CUSTOM,8000,SP [MFLOP/s],91,0.0
SPR,FP64,CUSTOM,8000,SP [MFLOP/s],92,0.0
SPR,FP64,CUSTOM,8000,SP [MFLOP/s],93,0.0
SPR,FP64,CUSTOM,8000,SP [MFLOP/s],94,0.0
SPR,FP64,CUSTOM,8000,SP [MFLOP/s],95,0.0
SPR,FP64,CUSTOM,8000,SP [MFLOP/s],96,0.0
SPR,FP64,CUSTOM,8000,SP [MFLOP/s],97,0.0
SPR,FP64,CUSTOM,8000,SP [MFLOP/s],98,0.0
SPR,FP64,CUSTOM,8000,SP [MFLOP/s],99,0.0
SPR,FP64,CUSTOM,8000,SP [MFLOP/s],100,0.0
SPR,FP64,CUSTOM,8000,SP [MFLOP/s],101,0.0
SPR,FP64,CUSTOM,8000,SP [MFLOP/s],102,0.0
SPR,FP64,CUSTOM,8000,SP [MFLOP/s],103,0.0
SPR,FP64,CUSTOM,8000,AVX512 SP [MFLOP/s],0,0.0
SPR,FP64,CUSTOM,8000,AVX512 SP [MFLOP/s],1,0.0
SPR,FP64,CUSTOM,8000,AVX512 SP [MFLOP/s],2,0.0
SPR,FP64,CUSTOM,8000,AVX512 SP [MFLOP/s],3,0.0
SPR,FP64,CUSTOM,8000,AVX512 SP [MFLOP/s],4,0.0
SPR,FP64,CUSTOM,8000,AVX512 SP [MFLOP/s],5,0.0
SPR,FP64,CUSTOM,8000,AVX512 SP [MFLOP/s],6,0.0
SPR,FP64,CUSTOM,8000,AVX512 SP [MFLOP/s],7,0.0
SPR,FP64,CUSTOM,8000,AVX512 SP [MFLOP/s],8,0.0
SPR,FP64,CUSTOM,8000,AVX512 SP [MFLOP/s],9,0.0
SPR,FP64,CUSTOM,8000,AVX512 SP [MFLOP/s],10,0.0
SPR,FP64,CUSTOM,8000,AVX512 SP [MFLOP/s],11,0.0
SPR,FP64,CUSTOM,8000,AVX512 SP [MFLOP/s],12,0.0
SPR,FP64,CUSTOM,8000,AVX512 SP [MFLOP/s],13,0.0
SPR,FP64,CUSTOM,8000,AVX512 SP [MFLOP/s],14,0.0
SPR,FP64,CUSTOM,8000,AVX512 SP [MFLOP/s],15,0.0
SPR,FP64,CUSTOM,8000,AVX512 SP [MFLOP/s],16,0.0
SPR,FP64,CUSTOM,8000,AVX512 SP [MFLOP/s],17,0.0
SPR,FP64,CUSTOM,8000,AVX512 SP [MFLOP/s],18,0.0
SPR,FP64,CUSTOM,8000,AVX512 SP [MFLOP/s],19,0.0
SPR,FP64,CUSTOM,8000,AVX512 SP [MFLOP/s],20,0.0
SPR,FP64,CUSTOM,8000,AVX512 SP [MFLOP/s],21,0.0
SPR,FP64,CUSTOM,8000,AVX512 SP [MFLOP/s],22,0.0
SPR,FP64,CUSTOM,8000,AVX512 SP [MFLOP/s],23,0.0
SPR,FP64,CUSTOM,8000,AVX512 SP [MFLOP/s],24,0.0
SPR,FP64,CUSTOM,8000,AVX512 SP [MFLOP/s],25,0.0
SPR,FP64,CUSTOM,8000,AVX512 SP [MFLOP/s],26,0.0
SPR,FP64,CUSTOM,8000,AVX512 SP [MFLOP/s],27,0.0
SPR,FP64,CUSTOM,8000,AVX512 SP [MFLOP/s],28,0.0
SPR,FP64,CUSTOM,8000,AVX512 SP [MFLOP/s],29,0.0
SPR,FP64,CUSTOM,8000,AVX512 SP [MFLOP/s],30,0.0
SPR,FP64,CUSTOM,8000,AVX512 SP [MFLOP/s],31,0.0
SPR,FP64,CUSTOM,8000,AVX512 SP [MFLOP/s],32,0.0
SPR,FP64,CUSTOM,8000,AVX512 SP [MFLOP/s],33,0.0
SPR,FP64,CUSTOM,8000,AVX512 SP [MFLOP/s],34,0.0
SPR,FP64,CUSTOM,8000,AVX512 SP [MFLOP/s],35,0.0
SPR,FP64,CUSTOM,8000,AVX512 SP [MFLOP/s],36,0.0
SPR,FP64,CUSTOM,8000,AVX512 SP [MFLOP/s],37,0.0
SPR,FP64,CUSTOM,8000,AVX512 SP [MFLOP/s],38,0.0
SPR,FP64,CUSTOM,8000,AVX512 SP [MFLOP/s],39,0.0
SPR,FP64,CUSTOM,8000,AVX512 SP [MFLOP/s],40,0.0
SPR,FP64,CUSTOM,8000,AVX512 SP [MFLOP/s],41,0.0
SPR,FP64,CUSTOM,8000,AVX512 SP [MFLOP/s],42,0.0
SPR,FP64,CUSTOM,8000,AVX512 SP [MFLOP/s],43,0.0
SPR,FP64,CUSTOM,8000,AVX512 SP [MFLOP/s],44,0.0
SPR,FP64,CUSTOM,8000,AVX512 SP [MFLOP/s],45,0.0
SPR,FP64,CUSTOM,8000,AVX512 SP [MFLOP/s],46,0.0
SPR,FP64,CUSTOM,8000,AVX512 SP [MFLOP/s],47,0.0
SPR,FP64,CUSTOM,8000,AVX512 SP [MFLOP/s],48,0.0
SPR,FP64,CUSTOM,8000,AVX512 SP [MFLOP/s],49,0.0
SPR,FP64,CUSTOM,8000,AVX512 SP [MFLOP/s],50,0.0
SPR,FP64,CUSTOM,8000,AVX512 SP [MFLOP/s],51,0.0
SPR,FP64,CUSTOM,8000,AVX512 SP [MFLOP/s],52,0.0
SPR,FP64,CUSTOM,8000,AVX512 SP [MFLOP/s],53,0.0
SPR,FP64,CUSTOM,8000,AVX512 SP [MFLOP/s],54,0.0
SPR,FP64,CUSTOM,8000,AVX512 SP [MFLOP/s],55,0.0
SPR,FP64,CUSTOM,8000,AVX512 SP [MFLOP/s],56,0.0
SPR,FP64,CUSTOM,8000,AVX512 SP [MFLOP/s],57,0.0
SPR,FP64,CUSTOM,8000,AVX512 SP [MFLOP/s],58,0.0
SPR,FP64,CUSTOM,8000,AVX512 SP [MFLOP/s],59,0.0
SPR,FP64,CUSTOM,8000,AVX512 SP [MFLOP/s],60,0.0
SPR,FP64,CUSTOM,8000,AVX512 SP [MFLOP/s],61,0.0
SPR,FP64,CUSTOM,8000,AVX512 SP [MFLOP/s],62,0.0
SPR,FP64,CUSTOM,8000,AVX512 SP [MFLOP/s],63,0.0
SPR,FP64,CUSTOM,8000,AVX512 SP [MFLOP/s],64,0.0
SPR,FP64,CUSTOM,8000,AVX512 SP [MFLOP/s],65,0.0
SPR,FP64,CUSTOM,8000,AVX512 SP [MFLOP/s],66,0.0
SPR,FP64,CUSTOM,8000,AVX512 SP [MFLOP/s],67,0.0
SPR,FP64,CUSTOM,8000,AVX512 SP [MFLOP/s],68,0.0
SPR,FP64,CUSTOM,8000,AVX512 SP [MFLOP/s],69,0.0
SPR,FP64,CUSTOM,8000,AVX512 SP [MFLOP/s],70,0.0
SPR,FP64,CUSTOM,8000,AVX512 SP [MFLOP/s],71,0.0
SPR,FP64,CUSTOM,8000,AVX512 SP [MFLOP/s],72,0.0
SPR,FP64,CUSTOM,8000,AVX512 SP [MFLOP/s],73,0.0
SPR,FP64,CUSTOM,8000,AVX512 SP [MFLOP/s],74,0.0
SPR,FP64,CUSTOM,8000,AVX512 SP [MFLOP/s],75,0.0
SPR,FP64,CUSTOM,8000,AVX512 SP [MFLOP/s],76,0.0
SPR,FP64,CUSTOM,8000,AVX512 SP [MFLOP/s],77,0.0
SPR,FP64,CUSTOM,8000,AVX512 SP [MFLOP/s],78,0.0
SPR,FP64,CUSTOM,8000,AVX512 SP [MFLOP/s],79,0.0
SPR,FP64,CUSTOM,8000,AVX512 SP [MFLOP/s],80,0.0
SPR,FP64,CUSTOM,8000,AVX512 SP [MFLOP/s],81,0.0
SPR,FP64,CUSTOM,8000,AVX512 SP [MFLOP/s],82,0.0
SPR,FP64,CUSTOM,8000,AVX512 SP [MFLOP/s],83,0.0
SPR,FP64,CUSTOM,8000,AVX512 SP [MFLOP/s],84,0.0
SPR,FP64,CUSTOM,8000,AVX512 SP [MFLOP/s],85,0.0
SPR,FP64,CUSTOM,8000,AVX512 SP [MFLOP/s],86,0.0
SPR,FP64,CUSTOM,8000,AVX512 SP [MFLOP/s],87,0.0
SPR,FP64,CUSTOM,8000,AVX512 SP [MFLOP/s],88,0.0
SPR,FP64,CUSTOM,8000,AVX512 SP [MFLOP/s],89,0.0
SPR,FP64,CUSTOM,8000,AVX512 SP [MFLOP/s],90,0.0
SPR,FP64,CUSTOM,8000,AVX512 SP [MFLOP/s],91,0.0
SPR,FP64,CUSTOM,8000,AVX512 SP [MFLOP/s],92,0.0
SPR,FP64,CUSTOM,8000,AVX512 SP [MFLOP/s],93,0.0
SPR,FP64,CUSTOM,8000,AVX512 SP [MFLOP/s],94,0.0
SPR,FP64,CUSTOM,8000,AVX512 SP [MFLOP/s],95,0.0
SPR,FP64,CUSTOM,8000,AVX512 SP [MFLOP/s],96,0.0
SPR,FP64,CUSTOM,8000,AVX512 SP [MFLOP/s],97,0.0
SPR,FP64,CUSTOM,8000,AVX512 SP [MFLOP/s],98,0.0
SPR,FP64,CUSTOM,8000,AVX512 SP [MFLOP/s],99,0.0
SPR,FP64,CUSTOM,8000,AVX512 SP [MFLOP/s],100,0.0
SPR,FP64,CUSTOM,8000,AVX512 SP [MFLOP/s],101,0.0
SPR,FP64,CUSTOM,8000,AVX512 SP [MFLOP/s],102,0.0
SPR,FP64,CUSTOM,8000,AVX512 SP [MFLOP/s],103,0.0
SPR,FP64,CUSTOM,8000,DP [MFLOP/s],0,2108.6658
SPR,FP64,CUSTOM,8000,DP [MFLOP/s],1,1876.6056
SPR,FP64,CUSTOM,8000,DP [MFLOP/s],2,1876.7811
SPR,FP64,CUSTOM,8000,DP [MFLOP/s],3,1870.7631
SPR,FP64,CUSTOM,8000,DP [MFLOP/s],4,1874.4972
SPR,FP64,CUSTOM,8000,DP [MFLOP/s],5,1872.5982
SPR,FP64,CUSTOM,8000,DP [MFLOP/s],6,1875.6208
SPR,FP64,CUSTOM,8000,DP [MFLOP/s],7,1872.0014
SPR,FP64,CUSTOM,8000,DP [MFLOP/s],8,1878.0869
SPR,FP64,CUSTOM,8000,DP [MFLOP/s],9,1872.6369
SPR,FP64,CUSTOM,8000,DP [MFLOP/s],10,1871.5967
SPR,FP64,CUSTOM,8000,DP [MFLOP/s],11,1863.2244
SPR,FP64,CUSTOM,8000,DP [MFLOP/s],12,1879.3057
SPR,FP64,CUSTOM,8000,DP [MFLOP/s],13,1877.0869
SPR,FP64,CUSTOM,8000,DP [MFLOP/s],14,1879.926
SPR,FP64,CUSTOM,8000,DP [MFLOP/s],15,1870.8463
SPR,FP64,CUSTOM,8000,DP [MFLOP/s],16,1990.2915
SPR,FP64,CUSTOM,8000,DP [MFLOP/s],17,1983.8449
SPR,FP64,CUSTOM,8000,DP [MFLOP/s],18,1985.6663
SPR,FP64,CUSTOM,8000,DP [MFLOP/s],19,1981.7975
SPR,FP64,CUSTOM,8000,DP [MFLOP/s],20,1983.6628
SPR,FP64,CUSTOM,8000,DP [MFLOP/s],21,1986.6284
SPR,FP64,CUSTOM,8000,DP [MFLOP/s],22,1988.2643
SPR,FP64,CUSTOM,8000,DP [MFLOP/s],23,1973.8557
SPR,FP64,CUSTOM,8000,DP [MFLOP/s],24,1981.6893
SPR,FP64,CUSTOM,8000,DP [MFLOP/s],25,1991.7411
SPR,FP64,CUSTOM,8000,DP [MFLOP/s],26,1989.9768
SPR,FP64,CUSTOM,8000,DP [MFLOP/s],27,1981.1669
SPR,FP64,CUSTOM,8000,DP [MFLOP/s],28,1966.1969
SPR,FP64,CUSTOM,8000,DP [MFLOP/s],29,1965.7232
SPR,FP64,CUSTOM,8000,DP [MFLOP/s],30,1968.3716
SPR,FP64,CUSTOM,8000,DP [MFLOP/s],31,1961.42
SPR,FP64,CUSTOM,8000,DP [MFLOP/s],32,1973.6539
SPR,FP64,CUSTOM,8000,DP [MFLOP/s],33,1971.9797
SPR,FP64,CUSTOM,8000,DP [MFLOP/s],34,1965.5035
SPR,FP64,CUSTOM,8000,DP [MFLOP/s],35,1964.5499
SPR,FP64,CUSTOM,8000,DP [MFLOP/s],36,1965.4867
SPR,FP64,CUSTOM,8000,DP [MFLOP/s],37,1962.1042
SPR,FP64,CUSTOM,8000,DP [MFLOP/s],38,1966.1621
SPR,FP64,CUSTOM,8000,DP [MFLOP/s],39,1962.4684
SPR,FP64,CUSTOM,8000,DP [MFLOP/s],40,1961.4856
SPR,FP64,CUSTOM,8000,DP [MFLOP/s],41,1969.4127
SPR,FP64,CUSTOM,8000,DP [MFLOP/s],42,1968.8656
SPR,FP64,CUSTOM,8000,DP [MFLOP/s],43,1961.8372
SPR,FP64,CUSTOM,8000,DP [MFLOP/s],44,1969.2382
SPR,FP64,CUSTOM,8000,DP [MFLOP/s],45,1966.6347
SPR,FP64,CUSTOM,8000,DP [MFLOP/s],46,1963.2556
SPR,FP64,CUSTOM,8000,DP [MFLOP/s],47,1960.3547
SPR,FP64,CUSTOM,8000,DP [MFLOP/s],48,1969.4212
SPR,FP64,CUSTOM,8000,DP [MFLOP/s],49,1966.7479
SPR,FP64,CUSTOM,8000,DP [MFLOP/s],50,1968.7708
SPR,FP64,CUSTOM,8000,DP [MFLOP/s],51,1967.2332
SPR,FP64,CUSTOM,8000,DP [MFLOP/s],52,1945.3641
SPR,FP64,CUSTOM,8000,DP [MFLOP/s],53,1953.2704
SPR,FP64,CUSTOM,8000,DP [MFLOP/s],54,1948.8757
SPR,FP64,CUSTOM,8000,DP [MFLOP/s],55,1943.7244
SPR,FP64,CUSTOM,8000,DP [MFLOP/s],56,1952.5935
SPR,FP64,CUSTOM,8000,DP [MFLOP/s],57,1947.7332
SPR,FP64,CUSTOM,8000,DP [MFLOP/s],58,1946.2665
SPR,FP64,CUSTOM,8000,DP [MFLOP/s],59,1942.8887
SPR,FP64,CUSTOM,8000,DP [MFLOP/s],60,1947.0626
SPR,FP64,CUSTOM,8000,DP [MFLOP/s],61,1947.4559
SPR,FP64,CUSTOM,8000,DP [MFLOP/s],62,1946.5156
SPR,FP64,CUSTOM,8000,DP [MFLOP/s],63,1929.9541
SPR,FP64,CUSTOM,8000,DP [MFLOP/s],64,1953.9513
SPR,FP64,CUSTOM,8000,DP [MFLOP/s],65,1949.9557
SPR,FP64,CUSTOM,8000,DP [MFLOP/s],66,1952.3694
SPR,FP64,CUSTOM,8000,DP [MFLOP/s],67,1946.6895
SPR,FP64,CUSTOM,8000,DP [MFLOP/s],68,1955.251
SPR,FP64,CUSTOM,8000,DP [MFLOP/s],69,1949.5892
SPR,FP64,CUSTOM,8000,DP [MFLOP/s],70,1955.7957
SPR,FP64,CUSTOM,8000,DP [MFLOP/s],71,1948.3305
SPR,FP64,CUSTOM,8000,DP [MFLOP/s],72,1952.8069
SPR,FP64,CUSTOM,8000,DP [MFLOP/s],73,1953.3717
SPR,FP64,CUSTOM,8000,DP [MFLOP/s],74,1950.4721
SPR,FP64,CUSTOM,8000,DP [MFLOP/s],75,1942.9439
SPR,FP64,CUSTOM,8000,DP [MFLOP/s],76,1946.9067
SPR,FP64,CUSTOM,8000,DP [MFLOP/s],77,1955.4671
SPR,FP64,CUSTOM,8000,DP [MFLOP/s],78,1955.8932
SPR,FP64,CUSTOM,8000,DP [MFLOP/s],79,1945.8636
SPR,FP64,CUSTOM,8000,DP [MFLOP/s],80,1950.8179
SPR,FP64,CUSTOM,8000,DP [MFLOP/s],81,1955.9143
SPR,FP64,CUSTOM,8000,DP [MFLOP/s],82,1954.0411
SPR,FP64,CUSTOM,8000,DP [MFLOP/s],83,1943.2901
SPR,FP64,CUSTOM,8000,DP [MFLOP/s],84,1955.4557
SPR,FP64,CUSTOM,8000,DP [MFLOP/s],85,1951.18
SPR,FP64,CUSTOM,8000,DP [MFLOP/s],86,1948.6015
SPR,FP64,CUSTOM,8000,DP [MFLOP/s],87,1948.4001
SPR,FP64,CUSTOM,8000,DP [MFLOP/s],88,1945.3762
SPR,FP64,CUSTOM,8000,DP [MFLOP/s],89,1947.7265
SPR,FP64,CUSTOM,8000,DP [MFLOP/s],90,1709.5488
SPR,FP64,CUSTOM,8000,DP [MFLOP/s],91,1946.3857
SPR,FP64,CUSTOM,8000,DP [MFLOP/s],92,1950.8046
SPR,FP64,CUSTOM,8000,DP [MFLOP/s],93,1952.411
SPR,FP64,CUSTOM,8000,DP [MFLOP/s],94,1951.9462
SPR,FP64,CUSTOM,8000,DP [MFLOP/s],95,1949.5152
SPR,FP64,CUSTOM,8000,DP [MFLOP/s],96,1951.6418
SPR,FP64,CUSTOM,8000,DP [MFLOP/s],97,1949.5293
SPR,FP64,CUSTOM,8000,DP [MFLOP/s],98,1945.0479
SPR,FP64,CUSTOM,8000,DP [MFLOP/s],99,1940.2371
SPR,FP64,CUSTOM,8000,DP [MFLOP/s],100,1943.9897
SPR,FP64,CUSTOM,8000,DP [MFLOP/s],101,1944.0287
SPR,FP64,CUSTOM,8000,DP [MFLOP/s],102,1941.2072
SPR,FP64,CUSTOM,8000,DP [MFLOP/s],103,1943.5443
SPR,FP64,CUSTOM,8000,AVX512 DP [MFLOP/s],0,651.2594
SPR,FP64,CUSTOM,8000,AVX512 DP [MFLOP/s],1,409.1847
SPR,FP64,CUSTOM,8000,AVX512 DP [MFLOP/s],2,409.1844
SPR,FP64,CUSTOM,8000,AVX512 DP [MFLOP/s],3,404.7169
SPR,FP64,CUSTOM,8000,AVX512 DP [MFLOP/s],4,410.8053
SPR,FP64,CUSTOM,8000,AVX512 DP [MFLOP/s],5,410.806
SPR,FP64,CUSTOM,8000,AVX512 DP [MFLOP/s],6,410.8059
SPR,FP64,CUSTOM,8000,AVX512 DP [MFLOP/s],7,404.9015
SPR,FP64,CUSTOM,8000,AVX512 DP [MFLOP/s],8,409.0478
SPR,FP64,CUSTOM,8000,AVX512 DP [MFLOP/s],9,409.0447
SPR,FP64,CUSTOM,8000,AVX512 DP [MFLOP/s],10,407.551
SPR,FP64,CUSTOM,8000,AVX512 DP [MFLOP/s],11,400.5167
SPR,FP64,CUSTOM,8000,AVX512 DP [MFLOP/s],12,412.9266
SPR,FP64,CUSTOM,8000,AVX512 DP [MFLOP/s],13,412.5868
SPR,FP64,CUSTOM,8000,AVX512 DP [MFLOP/s],14,412.5888
SPR,FP64,CUSTOM,8000,AVX512 DP [MFLOP/s],15,408.0059
SPR,FP64,CUSTOM,8000,AVX512 DP [MFLOP/s],16,521.2863
SPR,FP64,CUSTOM,8000,AVX512 DP [MFLOP/s],17,521.0514
SPR,FP64,CUSTOM,8000,AVX512 DP [MFLOP/s],18,521.0514
SPR,FP64,CUSTOM,8000,AVX512 DP [MFLOP/s],19,514.3722
SPR,FP64,CUSTOM,8000,AVX512 DP [MFLOP/s],20,520.8325
SPR,FP64,CUSTOM,8000,AVX512 DP [MFLOP/s],21,520.5565
SPR,FP64,CUSTOM,8000,AVX512 DP [MFLOP/s],22,520.5563
SPR,FP64,CUSTOM,8000,AVX512 DP [MFLOP/s],23,511.0544
SPR,FP64,CUSTOM,8000,AVX512 DP [MFLOP/s],24,516.8713
SPR,FP64,CUSTOM,8000,AVX512 DP [MFLOP/s],25,523.181
SPR,FP64,CUSTOM,8000,AVX512 DP [MFLOP/s],26,522.8432
SPR,FP64,CUSTOM,8000,AVX512 DP [MFLOP/s],27,516.1434
SPR,FP64,CUSTOM,8000,AVX512 DP [MFLOP/s],28,501.9856
SPR,FP64,CUSTOM,8000,AVX512 DP [MFLOP/s],29,501.9856
SPR,FP64,CUSTOM,8000,AVX512 DP [MFLOP/s],30,501.7506
SPR,FP64,CUSTOM,8000,AVX512 DP [MFLOP/s],31,495.4627
SPR,FP64,CUSTOM,8000,AVX512 DP [MFLOP/s],32,506.3015
SPR,FP64,CUSTOM,8000,AVX512 DP [MFLOP/s],33,504.8482
SPR,FP64,CUSTOM,8000,AVX512 DP [MFLOP/s],34,504.572
SPR,FP64,CUSTOM,8000,AVX512 DP [MFLOP/s],35,498.1919
SPR,FP64,CUSTOM,8000,AVX512 DP [MFLOP/s],36,498.3624
SPR,FP64,CUSTOM,8000,AVX512 DP [MFLOP/s],37,495.7769
SPR,FP64,CUSTOM,8000,AVX512 DP [MFLOP/s],38,502.1619
SPR,FP64,CUSTOM,8000,AVX512 DP [MFLOP/s],39,495.4779
SPR,FP64,CUSTOM,8000,AVX512 DP [MFLOP/s],40,502.482
SPR,FP64,CUSTOM,8000,AVX512 DP [MFLOP/s],41,502.4821
SPR,FP64,CUSTOM,8000,AVX512 DP [MFLOP/s],42,502.4821
SPR,FP64,CUSTOM,8000,AVX512 DP [MFLOP/s],43,495.843
SPR,FP64,CUSTOM,8000,AVX512 DP [MFLOP/s],44,502.143
SPR,FP64,CUSTOM,8000,AVX512 DP [MFLOP/s],45,502.1433
SPR,FP64,CUSTOM,8000,AVX512 DP [MFLOP/s],46,500.69
SPR,FP64,CUSTOM,8000,AVX512 DP [MFLOP/s],47,492.7571
SPR,FP64,CUSTOM,8000,AVX512 DP [MFLOP/s],48,504.7101
SPR,FP64,CUSTOM,8000,AVX512 DP [MFLOP/s],49,503.2109
SPR,FP64,CUSTOM,8000,AVX512 DP [MFLOP/s],50,500.5591
SPR,FP64,CUSTOM,8000,AVX512 DP [MFLOP/s],51,500.6797
SPR,FP64,CUSTOM,8000,AVX512 DP [MFLOP/s],52,485.3315
SPR,FP64,CUSTOM,8000,AVX512 DP [MFLOP/s],53,485.3321
SPR,FP64,CUSTOM,8000,AVX512 DP [MFLOP/s],54,485.3321
SPR,FP64,CUSTOM,8000,AVX512 DP [MFLOP/s],55,478.8408
SPR,FP64,CUSTOM,8000,AVX512 DP [MFLOP/s],56,485.1671
SPR,FP64,CUSTOM,8000,AVX512 DP [MFLOP/s],57,485.1671
SPR,FP64,CUSTOM,8000,AVX512 DP [MFLOP/s],58,485.1671
SPR,FP64,CUSTOM,8000,AVX512 DP [MFLOP/s],59,477.2347
SPR,FP64,CUSTOM,8000,AVX512 DP [MFLOP/s],60,482.5221
SPR,FP64,CUSTOM,8000,AVX512 DP [MFLOP/s],61,482.5221
SPR,FP64,CUSTOM,8000,AVX512 DP [MFLOP/s],62,481.0262
SPR,FP64,CUSTOM,8000,AVX512 DP [MFLOP/s],63,471.9747
SPR,FP64,CUSTOM,8000,AVX512 DP [MFLOP/s],64,488.2433
SPR,FP64,CUSTOM,8000,AVX512 DP [MFLOP/s],65,487.9055
SPR,FP64,CUSTOM,8000,AVX512 DP [MFLOP/s],66,487.9055
SPR,FP64,CUSTOM,8000,AVX512 DP [MFLOP/s],67,481.4035
SPR,FP64,CUSTOM,8000,AVX512 DP [MFLOP/s],68,490.7465
SPR,FP64,CUSTOM,8000,AVX512 DP [MFLOP/s],69,490.5121
SPR,FP64,CUSTOM,8000,AVX512 DP [MFLOP/s],70,490.5121
SPR,FP64,CUSTOM,8000,AVX512 DP [MFLOP/s],71,482.6717
SPR,FP64,CUSTOM,8000,AVX512 DP [MFLOP/s],72,488.9696
SPR,FP64,CUSTOM,8000,AVX512 DP [MFLOP/s],73,488.6934
SPR,FP64,CUSTOM,8000,AVX512 DP [MFLOP/s],74,488.6929
SPR,FP64,CUSTOM,8000,AVX512 DP [MFLOP/s],75,480.6932
SPR,FP64,CUSTOM,8000,AVX512 DP [MFLOP/s],76,483.5918
SPR,FP64,CUSTOM,8000,AVX512 DP [MFLOP/s],77,489.9641
SPR,FP64,CUSTOM,8000,AVX512 DP [MFLOP/s],78,489.6269
SPR,FP64,CUSTOM,8000,AVX512 DP [MFLOP/s],79,483.107
SPR,FP64,CUSTOM,8000,AVX512 DP [MFLOP/s],80,490.1619
SPR,FP64,CUSTOM,8000,AVX512 DP [MFLOP/s],81,490.1619
SPR,FP64,CUSTOM,8000,AVX512 DP [MFLOP/s],82,489.9275
SPR,FP64,CUSTOM,8000,AVX512 DP [MFLOP/s],83,483.4137
SPR,FP64,CUSTOM,8000,AVX512 DP [MFLOP/s],84,490.9807
SPR,FP64,CUSTOM,8000,AVX512 DP [MFLOP/s],85,489.5277
SPR,FP64,CUSTOM,8000,AVX512 DP [MFLOP/s],86,489.2515
SPR,FP64,CUSTOM,8000,AVX512 DP [MFLOP/s],87,482.6818
SPR,FP64,CUSTOM,8000,AVX512 DP [MFLOP/s],88,486.1626
SPR,FP64,CUSTOM,8000,AVX512 DP [MFLOP/s],89,483.587
SPR,FP64,CUSTOM,8000,AVX512 DP [MFLOP/s],90,248.1667
SPR,FP64,CUSTOM,8000,AVX512 DP [MFLOP/s],91,483.4048
SPR,FP64,CUSTOM,8000,AVX512 DP [MFLOP/s],92,491.4217
SPR,FP64,CUSTOM,8000,AVX512 DP [MFLOP/s],93,491.4218
SPR,FP64,CUSTOM,8000,AVX512 DP [MFLOP/s],94,491.4216
SPR,FP64,CUSTOM,8000,AVX512 DP [MFLOP/s],95,483.3832
SPR,FP64,CUSTOM,8000,AVX512 DP [MFLOP/s],96,487.7806
SPR,FP64,CUSTOM,8000,AVX512 DP [MFLOP/s],97,487.7809
SPR,FP64,CUSTOM,8000,AVX512 DP [MFLOP/s],98,486.3257
SPR,FP64,CUSTOM,8000,AVX512 DP [MFLOP/s],99,479.6013
SPR,FP64,CUSTOM,8000,AVX512 DP [MFLOP/s],100,481.0153
SPR,FP64,CUSTOM,8000,AVX512 DP [MFLOP/s],101,479.5002
SPR,FP64,CUSTOM,8000,AVX512 DP [MFLOP/s],102,476.9272
SPR,FP64,CUSTOM,8000,AVX512 DP [MFLOP/s],103,476.849
SPR,FP64,CUSTOM,8000,Energy [J],0,803047.3956
SPR,FP64,CUSTOM,8000,Energy [J],1,0.0
SPR,FP64,CUSTOM,8000,Energy [J],2,0.0
SPR,FP64,CUSTOM,8000,Energy [J],3,0.0
SPR,FP64,CUSTOM,8000,Energy [J],4,0.0
SPR,FP64,CUSTOM,8000,Energy [J],5,0.0
SPR,FP64,CUSTOM,8000,Energy [J],6,0.0
SPR,FP64,CUSTOM,8000,Energy [J],7,0.0
SPR,FP64,CUSTOM,8000,Energy [J],8,0.0
SPR,FP64,CUSTOM,8000,Energy [J],9,0.0
SPR,FP64,CUSTOM,8000,Energy [J],10,0.0
SPR,FP64,CUSTOM,8000,Energy [J],11,0.0
SPR,FP64,CUSTOM,8000,Energy [J],12,0.0
SPR,FP64,CUSTOM,8000,Energy [J],13,0.0
SPR,FP64,CUSTOM,8000,Energy [J],14,0.0
SPR,FP64,CUSTOM,8000,Energy [J],15,0.0
SPR,FP64,CUSTOM,8000,Energy [J],16,0.0
SPR,FP64,CUSTOM,8000,Energy [J],17,0.0
SPR,FP64,CUSTOM,8000,Energy [J],18,0.0
SPR,FP64,CUSTOM,8000,Energy [J],19,0.0
SPR,FP64,CUSTOM,8000,Energy [J],20,0.0
SPR,FP64,CUSTOM,8000,Energy [J],21,0.0
SPR,FP64,CUSTOM,8000,Energy [J],22,0.0
SPR,FP64,CUSTOM,8000,Energy [J],23,0.0
SPR,FP64,CUSTOM,8000,Energy [J],24,0.0
SPR,FP64,CUSTOM,8000,Energy [J],25,0.0
SPR,FP64,CUSTOM,8000,Energy [J],26,0.0
SPR,FP64,CUSTOM,8000,Energy [J],27,0.0
SPR,FP64,CUSTOM,8000,Energy [J],28,0.0
SPR,FP64,CUSTOM,8000,Energy [J],29,0.0
SPR,FP64,CUSTOM,8000,Energy [J],30,0.0
SPR,FP64,CUSTOM,8000,Energy [J],31,0.0
SPR,FP64,CUSTOM,8000,Energy [J],32,0.0
SPR,FP64,CUSTOM,8000,Energy [J],33,0.0
SPR,FP64,CUSTOM,8000,Energy [J],34,0.0
SPR,FP64,CUSTOM,8000,Energy [J],35,0.0
SPR,FP64,CUSTOM,8000,Energy [J],36,0.0
SPR,FP64,CUSTOM,8000,Energy [J],37,0.0
SPR,FP64,CUSTOM,8000,Energy [J],38,0.0
SPR,FP64,CUSTOM,8000,Energy [J],39,0.0
SPR,FP64,CUSTOM,8000,Energy [J],40,0.0
SPR,FP64,CUSTOM,8000,Energy [J],41,0.0
SPR,FP64,CUSTOM,8000,Energy [J],42,0.0
SPR,FP64,CUSTOM,8000,Energy [J],43,0.0
SPR,FP64,CUSTOM,8000,Energy [J],44,0.0
SPR,FP64,CUSTOM,8000,Energy [J],45,0.0
SPR,FP64,CUSTOM,8000,Energy [J],46,0.0
SPR,FP64,CUSTOM,8000,Energy [J],47,0.0
SPR,FP64,CUSTOM,8000,Energy [J],48,0.0
SPR,FP64,CUSTOM,8000,Energy [J],49,0.0
SPR,FP64,CUSTOM,8000,Energy [J],50,0.0
SPR,FP64,CUSTOM,8000,Energy [J],51,0.0
SPR,FP64,CUSTOM,8000,Energy [J],52,801764.7463
SPR,FP64,CUSTOM,8000,Energy [J],53,0.0
SPR,FP64,CUSTOM,8000,Energy [J],54,0.0
SPR,FP64,CUSTOM,8000,Energy [J],55,0.0
SPR,FP64,CUSTOM,8000,Energy [J],56,0.0
SPR,FP64,CUSTOM,8000,Energy [J],57,0.0
SPR,FP64,CUSTOM,8000,Energy [J],58,0.0
SPR,FP64,CUSTOM,8000,Energy [J],59,0.0
SPR,FP64,CUSTOM,8000,Energy [J],60,0.0
SPR,FP64,CUSTOM,8000,Energy [J],61,0.0
SPR,FP64,CUSTOM,8000,Energy [J],62,0.0
SPR,FP64,CUSTOM,8000,Energy [J],63,0.0
SPR,FP64,CUSTOM,8000,Energy [J],64,0.0
SPR,FP64,CUSTOM,8000,Energy [J],65,0.0
SPR,FP64,CUSTOM,8000,Energy [J],66,0.0
SPR,FP64,CUSTOM,8000,Energy [J],67,0.0
SPR,FP64,CUSTOM,8000,Energy [J],68,0.0
SPR,FP64,CUSTOM,8000,Energy [J],69,0.0
SPR,FP64,CUSTOM,8000,Energy [J],70,0.0
SPR,FP64,CUSTOM,8000,Energy [J],71,0.0
SPR,FP64,CUSTOM,8000,Energy [J],72,0.0
SPR,FP64,CUSTOM,8000,Energy [J],73,0.0
SPR,FP64,CUSTOM,8000,Energy [J],74,0.0
SPR,FP64,CUSTOM,8000,Energy [J],75,0.0
SPR,FP64,CUSTOM,8000,Energy [J],76,0.0
SPR,FP64,CUSTOM,8000,Energy [J],77,0.0
SPR,FP64,CUSTOM,8000,Energy [J],78,0.0
SPR,FP64,CUSTOM,8000,Energy [J],79,0.0
SPR,FP64,CUSTOM,8000,Energy [J],80,0.0
SPR,FP64,CUSTOM,8000,Energy [J],81,0.0
SPR,FP64,CUSTOM,8000,Energy [J],82,0.0
SPR,FP64,CUSTOM,8000,Energy [J],83,0.0
SPR,FP64,CUSTOM,8000,Energy [J],84,0.0
SPR,FP64,CUSTOM,8000,Energy [J],85,0.0
SPR,FP64,CUSTOM,8000,Energy [J],86,0.0
SPR,FP64,CUSTOM,8000,Energy [J],87,0.0
SPR,FP64,CUSTOM,8000,Energy [J],88,0.0
SPR,FP64,CUSTOM,8000,Energy [J],89,0.0
SPR,FP64,CUSTOM,8000,Energy [J],90,0.0
SPR,FP64,CUSTOM,8000,Energy [J],91,0.0
SPR,FP64,CUSTOM,8000,Energy [J],92,0.0
SPR,FP64,CUSTOM,8000,Energy [J],93,0.0
SPR,FP64,CUSTOM,8000,Energy [J],94,0.0
SPR,FP64,CUSTOM,8000,Energy [J],95,0.0
SPR,FP64,CUSTOM,8000,Energy [J],96,0.0
SPR,FP64,CUSTOM,8000,Energy [J],97,0.0
SPR,FP64,CUSTOM,8000,Energy [J],98,0.0
SPR,FP64,CUSTOM,8000,Energy [J],99,0.0
SPR,FP64,CUSTOM,8000,Energy [J],100,0.0
SPR,FP64,CUSTOM,8000,Energy [J],101,0.0
SPR,FP64,CUSTOM,8000,Energy [J],102,0.0
SPR,FP64,CUSTOM,8000,Energy [J],103,0.0
SPR,FP64,CUSTOM,8000,Power [W],0,348.7333
SPR,FP64,CUSTOM,8000,Power [W],1,0.0
SPR,FP64,CUSTOM,8000,Power [W],2,0.0
SPR,FP64,CUSTOM,8000,Power [W],3,0.0
SPR,FP64,CUSTOM,8000,Power [W],4,0.0
SPR,FP64,CUSTOM,8000,Power [W],5,0.0
SPR,FP64,CUSTOM,8000,Power [W],6,0.0
SPR,FP64,CUSTOM,8000,Power [W],7,0.0
SPR,FP64,CUSTOM,8000,Power [W],8,0.0
SPR,FP64,CUSTOM,8000,Power [W],9,0.0
SPR,FP64,CUSTOM,8000,Power [W],10,0.0
SPR,FP64,CUSTOM,8000,Power [W],11,0.0
SPR,FP64,CUSTOM,8000,Power [W],12,0.0
SPR,FP64,CUSTOM,8000,Power [W],13,0.0
SPR,FP64,CUSTOM,8000,Power [W],14,0.0
SPR,FP64,CUSTOM,8000,Power [W],15,0.0
SPR,FP64,CUSTOM,8000,Power [W],16,0.0
SPR,FP64,CUSTOM,8000,Power [W],17,0.0
SPR,FP64,CUSTOM,8000,Power [W],18,0.0
SPR,FP64,CUSTOM,8000,Power [W],19,0.0
SPR,FP64,CUSTOM,8000,Power [W],20,0.0
SPR,FP64,CUSTOM,8000,Power [W],21,0.0
SPR,FP64,CUSTOM,8000,Power [W],22,0.0
SPR,FP64,CUSTOM,8000,Power [W],23,0.0
SPR,FP64,CUSTOM,8000,Power [W],24,0.0
SPR,FP64,CUSTOM,8000,Power [W],25,0.0
SPR,FP64,CUSTOM,8000,Power [W],26,0.0
SPR,FP64,CUSTOM,8000,Power [W],27,0.0
SPR,FP64,CUSTOM,8000,Power [W],28,0.0
SPR,FP64,CUSTOM,8000,Power [W],29,0.0
SPR,FP64,CUSTOM,8000,Power [W],30,0.0
SPR,FP64,CUSTOM,8000,Power [W],31,0.0
SPR,FP64,CUSTOM,8000,Power [W],32,0.0
SPR,FP64,CUSTOM,8000,Power [W],33,0.0
SPR,FP64,CUSTOM,8000,Power [W],34,0.0
SPR,FP64,CUSTOM,8000,Power [W],35,0.0
SPR,FP64,CUSTOM,8000,Power [W],36,0.0
SPR,FP64,CUSTOM,8000,Power [W],37,0.0
SPR,FP64,CUSTOM,8000,Power [W],38,0.0
SPR,FP64,CUSTOM,8000,Power [W],39,0.0
SPR,FP64,CUSTOM,8000,Power [W],40,0.0
SPR,FP64,CUSTOM,8000,Power [W],41,0.0
SPR,FP64,CUSTOM,8000,Power [W],42,0.0
SPR,FP64,CUSTOM,8000,Power [W],43,0.0
SPR,FP64,CUSTOM,8000,Power [W],44,0.0
SPR,FP64,CUSTOM,8000,Power [W],45,0.0
SPR,FP64,CUSTOM,8000,Power [W],46,0.0
SPR,FP64,CUSTOM,8000,Power [W],47,0.0
SPR,FP64,CUSTOM,8000,Power [W],48,0.0
SPR,FP64,CUSTOM,8000,Power [W],49,0.0
SPR,FP64,CUSTOM,8000,Power [W],50,0.0
SPR,FP64,CUSTOM,8000,Power [W],51,0.0
SPR,FP64,CUSTOM,8000,Power [W],52,348.1763
SPR,FP64,CUSTOM,8000,Power [W],53,0.0
SPR,FP64,CUSTOM,8000,Power [W],54,0.0
SPR,FP64,CUSTOM,8000,Power [W],55,0.0
SPR,FP64,CUSTOM,8000,Power [W],56,0.0
SPR,FP64,CUSTOM,8000,Power [W],57,0.0
SPR,FP64,CUSTOM,8000,Power [W],58,0.0
SPR,FP64,CUSTOM,8000,Power [W],59,0.0
SPR,FP64,CUSTOM,8000,Power [W],60,0.0
SPR,FP64,CUSTOM,8000,Power [W],61,0.0
SPR,FP64,CUSTOM,8000,Power [W],62,0.0
SPR,FP64,CUSTOM,8000,Power [W],63,0.0
SPR,FP64,CUSTOM,8000,Power [W],64,0.0
SPR,FP64,CUSTOM,8000,Power [W],65,0.0
SPR,FP64,CUSTOM,8000,Power [W],66,0.0
SPR,FP64,CUSTOM,8000,Power [W],67,0.0
SPR,FP64,CUSTOM,8000,Power [W],68,0.0
SPR,FP64,CUSTOM,8000,Power [W],69,0.0
SPR,FP64,CUSTOM,8000,Power [W],70,0.0
SPR,FP64,CUSTOM,8000,Power [W],71,0.0
SPR,FP64,CUSTOM,8000,Power [W],72,0.0
SPR,FP64,CUSTOM,8000,Power [W],73,0.0
SPR,FP64,CUSTOM,8000,Power [W],74,0.0
SPR,FP64,CUSTOM,8000,Power [W],75,0.0
SPR,FP64,CUSTOM,8000,Power [W],76,0.0
SPR,FP64,CUSTOM,8000,Power [W],77,0.0
SPR,FP64,CUSTOM,8000,Power [W],78,0.0
SPR,FP64,CUSTOM,8000,Power [W],79,0.0
SPR,FP64,CUSTOM,8000,Power [W],80,0.0
SPR,FP64,CUSTOM,8000,Power [W],81,0.0
SPR,FP64,CUSTOM,8000,Power [W],82,0.0
SPR,FP64,CUSTOM,8000,Power [W],83,0.0
SPR,FP64,CUSTOM,8000,Power [W],84,0.0
SPR,FP64,CUSTOM,8000,Power [W],85,0.0
SPR,FP64,CUSTOM,8000,Power [W],86,0.0
SPR,FP64,CUSTOM,8000,Power [W],87,0.0
SPR,FP64,CUSTOM,8000,Power [W],88,0.0
SPR,FP64,CUSTOM,8000,Power [W],89,0.0
SPR,FP64,CUSTOM,8000,Power [W],90,0.0
SPR,FP64,CUSTOM,8000,Power [W],91,0.0
SPR,FP64,CUSTOM,8000,Power [W],92,0.0
SPR,FP64,CUSTOM,8000,Power [W],93,0.0
SPR,FP64,CUSTOM,8000,Power [W],94,0.0
SPR,FP64,CUSTOM,8000,Power [W],95,0.0
SPR,FP64,CUSTOM,8000,Power [W],96,0.0
SPR,FP64,CUSTOM,8000,Power [W],97,0.0
SPR,FP64,CUSTOM,8000,Power [W],98,0.0
SPR,FP64,CUSTOM,8000,Power [W],99,0.0
SPR,FP64,CUSTOM,8000,Power [W],100,0.0
SPR,FP64,CUSTOM,8000,Power [W],101,0.0
SPR,FP64,CUSTOM,8000,Power [W],102,0.0
SPR,FP64,CUSTOM,8000,Power [W],103,0.0
SPR,FP64,CUSTOM,8000,Energy PP0 [J],0,0.0
SPR,FP64,CUSTOM,8000,Energy PP0 [J],1,0.0
SPR,FP64,CUSTOM,8000,Energy PP0 [J],2,0.0
SPR,FP64,CUSTOM,8000,Energy PP0 [J],3,0.0
SPR,FP64,CUSTOM,8000,Energy PP0 [J],4,0.0
SPR,FP64,CUSTOM,8000,Energy PP0 [J],5,0.0
SPR,FP64,CUSTOM,8000,Energy PP0 [J],6,0.0
SPR,FP64,CUSTOM,8000,Energy PP0 [J],7,0.0
SPR,FP64,CUSTOM,8000,Energy PP0 [J],8,0.0
SPR,FP64,CUSTOM,8000,Energy PP0 [J],9,0.0
SPR,FP64,CUSTOM,8000,Energy PP0 [J],10,0.0
SPR,FP64,CUSTOM,8000,Energy PP0 [J],11,0.0
SPR,FP64,CUSTOM,8000,Energy PP0 [J],12,0.0
SPR,FP64,CUSTOM,8000,Energy PP0 [J],13,0.0
SPR,FP64,CUSTOM,8000,Energy PP0 [J],14,0.0
SPR,FP64,CUSTOM,8000,Energy PP0 [J],15,0.0
SPR,FP64,CUSTOM,8000,Energy PP0 [J],16,0.0
SPR,FP64,CUSTOM,8000,Energy PP0 [J],17,0.0
SPR,FP64,CUSTOM,8000,Energy PP0 [J],18,0.0
SPR,FP64,CUSTOM,8000,Energy PP0 [J],19,0.0
SPR,FP64,CUSTOM,8000,Energy PP0 [J],20,0.0
SPR,FP64,CUSTOM,8000,Energy PP0 [J],21,0.0
SPR,FP64,CUSTOM,8000,Energy PP0 [J],22,0.0
SPR,FP64,CUSTOM,8000,Energy PP0 [J],23,0.0
SPR,FP64,CUSTOM,8000,Energy PP0 [J],24,0.0
SPR,FP64,CUSTOM,8000,Energy PP0 [J],25,0.0
SPR,FP64,CUSTOM,8000,Energy PP0 [J],26,0.0
SPR,FP64,CUSTOM,8000,Energy PP0 [J],27,0.0
SPR,FP64,CUSTOM,8000,Energy PP0 [J],28,0.0
SPR,FP64,CUSTOM,8000,Energy PP0 [J],29,0.0
SPR,FP64,CUSTOM,8000,Energy PP0 [J],30,0.0
SPR,FP64,CUSTOM,8000,Energy PP0 [J],31,0.0
SPR,FP64,CUSTOM,8000,Energy PP0 [J],32,0.0
SPR,FP64,CUSTOM,8000,Energy PP0 [J],33,0.0
SPR,FP64,CUSTOM,8000,Energy PP0 [J],34,0.0
SPR,FP64,CUSTOM,8000,Energy PP0 [J],35,0.0
SPR,FP64,CUSTOM,8000,Energy PP0 [J],36,0.0
SPR,FP64,CUSTOM,8000,Energy PP0 [J],37,0.0
SPR,FP64,CUSTOM,8000,Energy PP0 [J],38,0.0
SPR,FP64,CUSTOM,8000,Energy PP0 [J],39,0.0
SPR,FP64,CUSTOM,8000,Energy PP0 [J],40,0.0
SPR,FP64,CUSTOM,8000,Energy PP0 [J],41,0.0
SPR,FP64,CUSTOM,8000,Energy PP0 [J],42,0.0
SPR,FP64,CUSTOM,8000,Energy PP0 [J],43,0.0
SPR,FP64,CUSTOM,8000,Energy PP0 [J],44,0.0
SPR,FP64,CUSTOM,8000,Energy PP0 [J],45,0.0
SPR,FP64,CUSTOM,8000,Energy PP0 [J],46,0.0
SPR,FP64,CUSTOM,8000,Energy PP0 [J],47,0.0
SPR,FP64,CUSTOM,8000,Energy PP0 [J],48,0.0
SPR,FP64,CUSTOM,8000,Energy PP0 [J],49,0.0
SPR,FP64,CUSTOM,8000,Energy PP0 [J],50,0.0
SPR,FP64,CUSTOM,8000,Energy PP0 [J],51,0.0
SPR,FP64,CUSTOM,8000,Energy PP0 [J],52,0.0
SPR,FP64,CUSTOM,8000,Energy PP0 [J],53,0.0
SPR,FP64,CUSTOM,8000,Energy PP0 [J],54,0.0
SPR,FP64,CUSTOM,8000,Energy PP0 [J],55,0.0
SPR,FP64,CUSTOM,8000,Energy PP0 [J],56,0.0
SPR,FP64,CUSTOM,8000,Energy PP0 [J],57,0.0
SPR,FP64,CUSTOM,8000,Energy PP0 [J],58,0.0
SPR,FP64,CUSTOM,8000,Energy PP0 [J],59,0.0
SPR,FP64,CUSTOM,8000,Energy PP0 [J],60,0.0
SPR,FP64,CUSTOM,8000,Energy PP0 [J],61,0.0
SPR,FP64,CUSTOM,8000,Energy PP0 [J],62,0.0
SPR,FP64,CUSTOM,8000,Energy PP0 [J],63,0.0
SPR,FP64,CUSTOM,8000,Energy PP0 [J],64,0.0
SPR,FP64,CUSTOM,8000,Energy PP0 [J],65,0.0
SPR,FP64,CUSTOM,8000,Energy PP0 [J],66,0.0
SPR,FP64,CUSTOM,8000,Energy PP0 [J],67,0.0
SPR,FP64,CUSTOM,8000,Energy PP0 [J],68,0.0
SPR,FP64,CUSTOM,8000,Energy PP0 [J],69,0.0
SPR,FP64,CUSTOM,8000,Energy PP0 [J],70,0.0
SPR,FP64,CUSTOM,8000,Energy PP0 [J],71,0.0
SPR,FP64,CUSTOM,8000,Energy PP0 [J],72,0.0
SPR,FP64,CUSTOM,8000,Energy PP0 [J],73,0.0
SPR,FP64,CUSTOM,8000,Energy PP0 [J],74,0.0
SPR,FP64,CUSTOM,8000,Energy PP0 [J],75,0.0
SPR,FP64,CUSTOM,8000,Energy PP0 [J],76,0.0
SPR,FP64,CUSTOM,8000,Energy PP0 [J],77,0.0
SPR,FP64,CUSTOM,8000,Energy PP0 [J],78,0.0
SPR,FP64,CUSTOM,8000,Energy PP0 [J],79,0.0
SPR,FP64,CUSTOM,8000,Energy PP0 [J],80,0.0
SPR,FP64,CUSTOM,8000,Energy PP0 [J],81,0.0
SPR,FP64,CUSTOM,8000,Energy PP0 [J],82,0.0
SPR,FP64,CUSTOM,8000,Energy PP0 [J],83,0.0
SPR,FP64,CUSTOM,8000,Energy PP0 [J],84,0.0
SPR,FP64,CUSTOM,8000,Energy PP0 [J],85,0.0
SPR,FP64,CUSTOM,8000,Energy PP0 [J],86,0.0
SPR,FP64,CUSTOM,8000,Energy PP0 [J],87,0.0
SPR,FP64,CUSTOM,8000,Energy PP0 [J],88,0.0
SPR,FP64,CUSTOM,8000,Energy PP0 [J],89,0.0
SPR,FP64,CUSTOM,8000,Energy PP0 [J],90,0.0
SPR,FP64,CUSTOM,8000,Energy PP0 [J],91,0.0
SPR,FP64,CUSTOM,8000,Energy PP0 [J],92,0.0
SPR,FP64,CUSTOM,8000,Energy PP0 [J],93,0.0
SPR,FP64,CUSTOM,8000,Energy PP0 [J],94,0.0
SPR,FP64,CUSTOM,8000,Energy PP0 [J],95,0.0
SPR,FP64,CUSTOM,8000,Energy PP0 [J],96,0.0
SPR,FP64,CUSTOM,8000,Energy PP0 [J],97,0.0
SPR,FP64,CUSTOM,8000,Energy PP0 [J],98,0.0
SPR,FP64,CUSTOM,8000,Energy PP0 [J],99,0.0
SPR,FP64,CUSTOM,8000,Energy PP0 [J],100,0.0
SPR,FP64,CUSTOM,8000,Energy PP0 [J],101,0.0
SPR,FP64,CUSTOM,8000,Energy PP0 [J],102,0.0
SPR,FP64,CUSTOM,8000,Energy PP0 [J],103,0.0
SPR,FP64,CUSTOM,8000,Power PP0 [W],0,0.0
SPR,FP64,CUSTOM,8000,Power PP0 [W],1,0.0
SPR,FP64,CUSTOM,8000,Power PP0 [W],2,0.0
SPR,FP64,CUSTOM,8000,Power PP0 [W],3,0.0
SPR,FP64,CUSTOM,8000,Power PP0 [W],4,0.0
SPR,FP64,CUSTOM,8000,Power PP0 [W],5,0.0
SPR,FP64,CUSTOM,8000,Power PP0 [W],6,0.0
SPR,FP64,CUSTOM,8000,Power PP0 [W],7,0.0
SPR,FP64,CUSTOM,8000,Power PP0 [W],8,0.0
SPR,FP64,CUSTOM,8000,Power PP0 [W],9,0.0
SPR,FP64,CUSTOM,8000,Power PP0 [W],10,0.0
SPR,FP64,CUSTOM,8000,Power PP0 [W],11,0.0
SPR,FP64,CUSTOM,8000,Power PP0 [W],12,0.0
SPR,FP64,CUSTOM,8000,Power PP0 [W],13,0.0
SPR,FP64,CUSTOM,8000,Power PP0 [W],14,0.0
SPR,FP64,CUSTOM,8000,Power PP0 [W],15,0.0
SPR,FP64,CUSTOM,8000,Power PP0 [W],16,0.0
SPR,FP64,CUSTOM,8000,Power PP0 [W],17,0.0
SPR,FP64,CUSTOM,8000,Power PP0 [W],18,0.0
SPR,FP64,CUSTOM,8000,Power PP0 [W],19,0.0
SPR,FP64,CUSTOM,8000,Power PP0 [W],20,0.0
SPR,FP64,CUSTOM,8000,Power PP0 [W],21,0.0
SPR,FP64,CUSTOM,8000,Power PP0 [W],22,0.0
SPR,FP64,CUSTOM,8000,Power PP0 [W],23,0.0
SPR,FP64,CUSTOM,8000,Power PP0 [W],24,0.0
SPR,FP64,CUSTOM,8000,Power PP0 [W],25,0.0
SPR,FP64,CUSTOM,8000,Power PP0 [W],26,0.0
SPR,FP64,CUSTOM,8000,Power PP0 [W],27,0.0
SPR,FP64,CUSTOM,8000,Power PP0 [W],28,0.0
SPR,FP64,CUSTOM,8000,Power PP0 [W],29,0.0
SPR,FP64,CUSTOM,8000,Power PP0 [W],30,0.0
SPR,FP64,CUSTOM,8000,Power PP0 [W],31,0.0
SPR,FP64,CUSTOM,8000,Power PP0 [W],32,0.0
SPR,FP64,CUSTOM,8000,Power PP0 [W],33,0.0
SPR,FP64,CUSTOM,8000,Power PP0 [W],34,0.0
SPR,FP64,CUSTOM,8000,Power PP0 [W],35,0.0
SPR,FP64,CUSTOM,8000,Power PP0 [W],36,0.0
SPR,FP64,CUSTOM,8000,Power PP0 [W],37,0.0
SPR,FP64,CUSTOM,8000,Power PP0 [W],38,0.0
SPR,FP64,CUSTOM,8000,Power PP0 [W],39,0.0
SPR,FP64,CUSTOM,8000,Power PP0 [W],40,0.0
SPR,FP64,CUSTOM,8000,Power PP0 [W],41,0.0
SPR,FP64,CUSTOM,8000,Power PP0 [W],42,0.0
SPR,FP64,CUSTOM,8000,Power PP0 [W],43,0.0
SPR,FP64,CUSTOM,8000,Power PP0 [W],44,0.0
SPR,FP64,CUSTOM,8000,Power PP0 [W],45,0.0
SPR,FP64,CUSTOM,8000,Power PP0 [W],46,0.0
SPR,FP64,CUSTOM,8000,Power PP0 [W],47,0.0
SPR,FP64,CUSTOM,8000,Power PP0 [W],48,0.0
SPR,FP64,CUSTOM,8000,Power PP0 [W],49,0.0
SPR,FP64,CUSTOM,8000,Power PP0 [W],50,0.0
SPR,FP64,CUSTOM,8000,Power PP0 [W],51,0.0
SPR,FP64,CUSTOM,8000,Power PP0 [W],52,0.0
SPR,FP64,CUSTOM,8000,Power PP0 [W],53,0.0
SPR,FP64,CUSTOM,8000,Power PP0 [W],54,0.0
SPR,FP64,CUSTOM,8000,Power PP0 [W],55,0.0
SPR,FP64,CUSTOM,8000,Power PP0 [W],56,0.0
SPR,FP64,CUSTOM,8000,Power PP0 [W],57,0.0
SPR,FP64,CUSTOM,8000,Power PP0 [W],58,0.0
SPR,FP64,CUSTOM,8000,Power PP0 [W],59,0.0
SPR,FP64,CUSTOM,8000,Power PP0 [W],60,0.0
SPR,FP64,CUSTOM,8000,Power PP0 [W],61,0.0
SPR,FP64,CUSTOM,8000,Power PP0 [W],62,0.0
SPR,FP64,CUSTOM,8000,Power PP0 [W],63,0.0
SPR,FP64,CUSTOM,8000,Power PP0 [W],64,0.0
SPR,FP64,CUSTOM,8000,Power PP0 [W],65,0.0
SPR,FP64,CUSTOM,8000,Power PP0 [W],66,0.0
SPR,FP64,CUSTOM,8000,Power PP0 [W],67,0.0
SPR,FP64,CUSTOM,8000,Power PP0 [W],68,0.0
SPR,FP64,CUSTOM,8000,Power PP0 [W],69,0.0
SPR,FP64,CUSTOM,8000,Power PP0 [W],70,0.0
SPR,FP64,CUSTOM,8000,Power PP0 [W],71,0.0
SPR,FP64,CUSTOM,8000,Power PP0 [W],72,0.0
SPR,FP64,CUSTOM,8000,Power PP0 [W],73,0.0
SPR,FP64,CUSTOM,8000,Power PP0 [W],74,0.0
SPR,FP64,CUSTOM,8000,Power PP0 [W],75,0.0
SPR,FP64,CUSTOM,8000,Power PP0 [W],76,0.0
SPR,FP64,CUSTOM,8000,Power PP0 [W],77,0.0
SPR,FP64,CUSTOM,8000,Power PP0 [W],78,0.0
SPR,FP64,CUSTOM,8000,Power PP0 [W],79,0.0
SPR,FP64,CUSTOM,8000,Power PP0 [W],80,0.0
SPR,FP64,CUSTOM,8000,Power PP0 [W],81,0.0
SPR,FP64,CUSTOM,8000,Power PP0 [W],82,0.0
SPR,FP64,CUSTOM,8000,Power PP0 [W],83,0.0
SPR,FP64,CUSTOM,8000,Power PP0 [W],84,0.0
SPR,FP64,CUSTOM,8000,Power PP0 [W],85,0.0
SPR,FP64,CUSTOM,8000,Power PP0 [W],86,0.0
SPR,FP64,CUSTOM,8000,Power PP0 [W],87,0.0
SPR,FP64,CUSTOM,8000,Power PP0 [W],88,0.0
SPR,FP64,CUSTOM,8000,Power PP0 [W],89,0.0
SPR,FP64,CUSTOM,8000,Power PP0 [W],90,0.0
SPR,FP64,CUSTOM,8000,Power PP0 [W],91,0.0
SPR,FP64,CUSTOM,8000,Power PP0 [W],92,0.0
SPR,FP64,CUSTOM,8000,Power PP0 [W],93,0.0
SPR,FP64,CUSTOM,8000,Power PP0 [W],94,0.0
SPR,FP64,CUSTOM,8000,Power PP0 [W],95,0.0
SPR,FP64,CUSTOM,8000,Power PP0 [W],96,0.0
SPR,FP64,CUSTOM,8000,Power PP0 [W],97,0.0
SPR,FP64,CUSTOM,8000,Power PP0 [W],98,0.0
SPR,FP64,CUSTOM,8000,Power PP0 [W],99,0.0
SPR,FP64,CUSTOM,8000,Power PP0 [W],100,0.0
SPR,FP64,CUSTOM,8000,Power PP0 [W],101,0.0
SPR,FP64,CUSTOM,8000,Power PP0 [W],102,0.0
SPR,FP64,CUSTOM,8000,Power PP0 [W],103,0.0
SPR,FP64,CUSTOM,8000,Energy DRAM [J],0,42146.543
SPR,FP64,CUSTOM,8000,Energy DRAM [J],1,0.0
SPR,FP64,CUSTOM,8000,Energy DRAM [J],2,0.0
SPR,FP64,CUSTOM,8000,Energy DRAM [J],3,0.0
SPR,FP64,CUSTOM,8000,Energy DRAM [J],4,0.0
SPR,FP64,CUSTOM,8000,Energy DRAM [J],5,0.0
SPR,FP64,CUSTOM,8000,Energy DRAM [J],6,0.0
SPR,FP64,CUSTOM,8000,Energy DRAM [J],7,0.0
SPR,FP64,CUSTOM,8000,Energy DRAM [J],8,0.0
SPR,FP64,CUSTOM,8000,Energy DRAM [J],9,0.0
SPR,FP64,CUSTOM,8000,Energy DRAM [J],10,0.0
SPR,FP64,CUSTOM,8000,Energy DRAM [J],11,0.0
SPR,FP64,CUSTOM,8000,Energy DRAM [J],12,0.0
SPR,FP64,CUSTOM,8000,Energy DRAM [J],13,0.0
SPR,FP64,CUSTOM,8000,Energy DRAM [J],14,0.0
SPR,FP64,CUSTOM,8000,Energy DRAM [J],15,0.0
SPR,FP64,CUSTOM,8000,Energy DRAM [J],16,0.0
SPR,FP64,CUSTOM,8000,Energy DRAM [J],17,0.0
SPR,FP64,CUSTOM,8000,Energy DRAM [J],18,0.0
SPR,FP64,CUSTOM,8000,Energy DRAM [J],19,0.0
SPR,FP64,CUSTOM,8000,Energy DRAM [J],20,0.0
SPR,FP64,CUSTOM,8000,Energy DRAM [J],21,0.0
SPR,FP64,CUSTOM,8000,Energy DRAM [J],22,0.0
SPR,FP64,CUSTOM,8000,Energy DRAM [J],23,0.0
SPR,FP64,CUSTOM,8000,Energy DRAM [J],24,0.0
SPR,FP64,CUSTOM,8000,Energy DRAM [J],25,0.0
SPR,FP64,CUSTOM,8000,Energy DRAM [J],26,0.0
SPR,FP64,CUSTOM,8000,Energy DRAM [J],27,0.0
SPR,FP64,CUSTOM,8000,Energy DRAM [J],28,0.0
SPR,FP64,CUSTOM,8000,Energy DRAM [J],29,0.0
SPR,FP64,CUSTOM,8000,Energy DRAM [J],30,0.0
SPR,FP64,CUSTOM,8000,Energy DRAM [J],31,0.0
SPR,FP64,CUSTOM,8000,Energy DRAM [J],32,0.0
SPR,FP64,CUSTOM,8000,Energy DRAM [J],33,0.0
SPR,FP64,CUSTOM,8000,Energy DRAM [J],34,0.0
SPR,FP64,CUSTOM,8000,Energy DRAM [J],35,0.0
SPR,FP64,CUSTOM,8000,Energy DRAM [J],36,0.0
SPR,FP64,CUSTOM,8000,Energy DRAM [J],37,0.0
SPR,FP64,CUSTOM,8000,Energy DRAM [J],38,0.0
SPR,FP64,CUSTOM,8000,Energy DRAM [J],39,0.0
SPR,FP64,CUSTOM,8000,Energy DRAM [J],40,0.0
SPR,FP64,CUSTOM,8000,Energy DRAM [J],41,0.0
SPR,FP64,CUSTOM,8000,Energy DRAM [J],42,0.0
SPR,FP64,CUSTOM,8000,Energy DRAM [J],43,0.0
SPR,FP64,CUSTOM,8000,Energy DRAM [J],44,0.0
SPR,FP64,CUSTOM,8000,Energy DRAM [J],45,0.0
SPR,FP64,CUSTOM,8000,Energy DRAM [J],46,0.0
SPR,FP64,CUSTOM,8000,Energy DRAM [J],47,0.0
SPR,FP64,CUSTOM,8000,Energy DRAM [J],48,0.0
SPR,FP64,CUSTOM,8000,Energy DRAM [J],49,0.0
SPR,FP64,CUSTOM,8000,Energy DRAM [J],50,0.0
SPR,FP64,CUSTOM,8000,Energy DRAM [J],51,0.0
SPR,FP64,CUSTOM,8000,Energy DRAM [J],52,42170.3106
SPR,FP64,CUSTOM,8000,Energy DRAM [J],53,0.0
SPR,FP64,CUSTOM,8000,Energy DRAM [J],54,0.0
SPR,FP64,CUSTOM,8000,Energy DRAM [J],55,0.0
SPR,FP64,CUSTOM,8000,Energy DRAM [J],56,0.0
SPR,FP64,CUSTOM,8000,Energy DRAM [J],57,0.0
SPR,FP64,CUSTOM,8000,Energy DRAM [J],58,0.0
SPR,FP64,CUSTOM,8000,Energy DRAM [J],59,0.0
SPR,FP64,CUSTOM,8000,Energy DRAM [J],60,0.0
SPR,FP64,CUSTOM,8000,Energy DRAM [J],61,0.0
SPR,FP64,CUSTOM,8000,Energy DRAM [J],62,0.0
SPR,FP64,CUSTOM,8000,Energy DRAM [J],63,0.0
SPR,FP64,CUSTOM,8000,Energy DRAM [J],64,0.0
SPR,FP64,CUSTOM,8000,Energy DRAM [J],65,0.0
SPR,FP64,CUSTOM,8000,Energy DRAM [J],66,0.0
SPR,FP64,CUSTOM,8000,Energy DRAM [J],67,0.0
SPR,FP64,CUSTOM,8000,Energy DRAM [J],68,0.0
SPR,FP64,CUSTOM,8000,Energy DRAM [J],69,0.0
SPR,FP64,CUSTOM,8000,Energy DRAM [J],70,0.0
SPR,FP64,CUSTOM,8000,Energy DRAM [J],71,0.0
SPR,FP64,CUSTOM,8000,Energy DRAM [J],72,0.0
SPR,FP64,CUSTOM,8000,Energy DRAM [J],73,0.0
SPR,FP64,CUSTOM,8000,Energy DRAM [J],74,0.0
SPR,FP64,CUSTOM,8000,Energy DRAM [J],75,0.0
SPR,FP64,CUSTOM,8000,Energy DRAM [J],76,0.0
SPR,FP64,CUSTOM,8000,Energy DRAM [J],77,0.0
SPR,FP64,CUSTOM,8000,Energy DRAM [J],78,0.0
SPR,FP64,CUSTOM,8000,Energy DRAM [J],79,0.0
SPR,FP64,CUSTOM,8000,Energy DRAM [J],80,0.0
SPR,FP64,CUSTOM,8000,Energy DRAM [J],81,0.0
SPR,FP64,CUSTOM,8000,Energy DRAM [J],82,0.0
SPR,FP64,CUSTOM,8000,Energy DRAM [J],83,0.0
SPR,FP64,CUSTOM,8000,Energy DRAM [J],84,0.0
SPR,FP64,CUSTOM,8000,Energy DRAM [J],85,0.0
SPR,FP64,CUSTOM,8000,Energy DRAM [J],86,0.0
SPR,FP64,CUSTOM,8000,Energy DRAM [J],87,0.0
SPR,FP64,CUSTOM,8000,Energy DRAM [J],88,0.0
SPR,FP64,CUSTOM,8000,Energy DRAM [J],89,0.0
SPR,FP64,CUSTOM,8000,Energy DRAM [J],90,0.0
SPR,FP64,CUSTOM,8000,Energy DRAM [J],91,0.0
SPR,FP64,CUSTOM,8000,Energy DRAM [J],92,0.0
SPR,FP64,CUSTOM,8000,Energy DRAM [J],93,0.0
SPR,FP64,CUSTOM,8000,Energy DRAM [J],94,0.0
SPR,FP64,CUSTOM,8000,Energy DRAM [J],95,0.0
SPR,FP64,CUSTOM,8000,Energy DRAM [J],96,0.0
SPR,FP64,CUSTOM,8000,Energy DRAM [J],97,0.0
SPR,FP64,CUSTOM,8000,Energy DRAM [J],98,0.0
SPR,FP64,CUSTOM,8000,Energy DRAM [J],99,0.0
SPR,FP64,CUSTOM,8000,Energy DRAM [J],100,0.0
SPR,FP64,CUSTOM,8000,Energy DRAM [J],101,0.0
SPR,FP64,CUSTOM,8000,Energy DRAM [J],102,0.0
SPR,FP64,CUSTOM,8000,Energy DRAM [J],103,0.0
SPR,FP64,CUSTOM,8000,Power DRAM [W],0,18.3027
SPR,FP64,CUSTOM,8000,Power DRAM [W],1,0.0
SPR,FP64,CUSTOM,8000,Power DRAM [W],2,0.0
SPR,FP64,CUSTOM,8000,Power DRAM [W],3,0.0
SPR,FP64,CUSTOM,8000,Power DRAM [W],4,0.0
SPR,FP64,CUSTOM,8000,Power DRAM [W],5,0.0
SPR,FP64,CUSTOM,8000,Power DRAM [W],6,0.0
SPR,FP64,CUSTOM,8000,Power DRAM [W],7,0.0
SPR,FP64,CUSTOM,8000,Power DRAM [W],8,0.0
SPR,FP64,CUSTOM,8000,Power DRAM [W],9,0.0
SPR,FP64,CUSTOM,8000,Power DRAM [W],10,0.0
SPR,FP64,CUSTOM,8000,Power DRAM [W],11,0.0
SPR,FP64,CUSTOM,8000,Power DRAM [W],12,0.0
SPR,FP64,CUSTOM,8000,Power DRAM [W],13,0.0
SPR,FP64,CUSTOM,8000,Power DRAM [W],14,0.0
SPR,FP64,CUSTOM,8000,Power DRAM [W],15,0.0
SPR,FP64,CUSTOM,8000,Power DRAM [W],16,0.0
SPR,FP64,CUSTOM,8000,Power DRAM [W],17,0.0
SPR,FP64,CUSTOM,8000,Power DRAM [W],18,0.0
SPR,FP64,CUSTOM,8000,Power DRAM [W],19,0.0
SPR,FP64,CUSTOM,8000,Power DRAM [W],20,0.0
SPR,FP64,CUSTOM,8000,Power DRAM [W],21,0.0
SPR,FP64,CUSTOM,8000,Power DRAM [W],22,0.0
SPR,FP64,CUSTOM,8000,Power DRAM [W],23,0.0
SPR,FP64,CUSTOM,8000,Power DRAM [W],24,0.0
SPR,FP64,CUSTOM,8000,Power DRAM [W],25,0.0
SPR,FP64,CUSTOM,8000,Power DRAM [W],26,0.0
SPR,FP64,CUSTOM,8000,Power DRAM [W],27,0.0
SPR,FP64,CUSTOM,8000,Power DRAM [W],28,0.0
SPR,FP64,CUSTOM,8000,Power DRAM [W],29,0.0
SPR,FP64,CUSTOM,8000,Power DRAM [W],30,0.0
SPR,FP64,CUSTOM,8000,Power DRAM [W],31,0.0
SPR,FP64,CUSTOM,8000,Power DRAM [W],32,0.0
SPR,FP64,CUSTOM,8000,Power DRAM [W],33,0.0
SPR,FP64,CUSTOM,8000,Power DRAM [W],34,0.0
SPR,FP64,CUSTOM,8000,Power DRAM [W],35,0.0
SPR,FP64,CUSTOM,8000,Power DRAM [W],36,0.0
SPR,FP64,CUSTOM,8000,Power DRAM [W],37,0.0
SPR,FP64,CUSTOM,8000,Power DRAM [W],38,0.0
SPR,FP64,CUSTOM,8000,Power DRAM [W],39,0.0
SPR,FP64,CUSTOM,8000,Power DRAM [W],40,0.0
SPR,FP64,CUSTOM,8000,Power DRAM [W],41,0.0
SPR,FP64,CUSTOM,8000,Power DRAM [W],42,0.0
SPR,FP64,CUSTOM,8000,Power DRAM [W],43,0.0
SPR,FP64,CUSTOM,8000,Power DRAM [W],44,0.0
SPR,FP64,CUSTOM,8000,Power DRAM [W],45,0.0
SPR,FP64,CUSTOM,8000,Power DRAM [W],46,0.0
SPR,FP64,CUSTOM,8000,Power DRAM [W],47,0.0
SPR,FP64,CUSTOM,8000,Power DRAM [W],48,0.0
SPR,FP64,CUSTOM,8000,Power DRAM [W],49,0.0
SPR,FP64,CUSTOM,8000,Power DRAM [W],50,0.0
SPR,FP64,CUSTOM,8000,Power DRAM [W],51,0.0
SPR,FP64,CUSTOM,8000,Power DRAM [W],52,18.313
SPR,FP64,CUSTOM,8000,Power DRAM [W],53,0.0
SPR,FP64,CUSTOM,8000,Power DRAM [W],54,0.0
SPR,FP64,CUSTOM,8000,Power DRAM [W],55,0.0
SPR,FP64,CUSTOM,8000,Power DRAM [W],56,0.0
SPR,FP64,CUSTOM,8000,Power DRAM [W],57,0.0
SPR,FP64,CUSTOM,8000,Power DRAM [W],58,0.0
SPR,FP64,CUSTOM,8000,Power DRAM [W],59,0.0
SPR,FP64,CUSTOM,8000,Power DRAM [W],60,0.0
SPR,FP64,CUSTOM,8000,Power DRAM [W],61,0.0
SPR,FP64,CUSTOM,8000,Power DRAM [W],62,0.0
SPR,FP64,CUSTOM,8000,Power DRAM [W],63,0.0
SPR,FP64,CUSTOM,8000,Power DRAM [W],64,0.0
SPR,FP64,CUSTOM,8000,Power DRAM [W],65,0.0
SPR,FP64,CUSTOM,8000,Power DRAM [W],66,0.0
SPR,FP64,CUSTOM,8000,Power DRAM [W],67,0.0
SPR,FP64,CUSTOM,8000,Power DRAM [W],68,0.0
SPR,FP64,CUSTOM,8000,Power DRAM [W],69,0.0
SPR,FP64,CUSTOM,8000,Power DRAM [W],70,0.0
SPR,FP64,CUSTOM,8000,Power DRAM [W],71,0.0
SPR,FP64,CUSTOM,8000,Power DRAM [W],72,0.0
SPR,FP64,CUSTOM,8000,Power DRAM [W],73,0.0
SPR,FP64,CUSTOM,8000,Power DRAM [W],74,0.0
SPR,FP64,CUSTOM,8000,Power DRAM [W],75,0.0
SPR,FP64,CUSTOM,8000,Power DRAM [W],76,0.0
SPR,FP64,CUSTOM,8000,Power DRAM [W],77,0.0
SPR,FP64,CUSTOM,8000,Power DRAM [W],78,0.0
SPR,FP64,CUSTOM,8000,Power DRAM [W],79,0.0
SPR,FP64,CUSTOM,8000,Power DRAM [W],80,0.0
SPR,FP64,CUSTOM,8000,Power DRAM [W],81,0.0
SPR,FP64,CUSTOM,8000,Power DRAM [W],82,0.0
SPR,FP64,CUSTOM,8000,Power DRAM [W],83,0.0
SPR,FP64,CUSTOM,8000,Power DRAM [W],84,0.0
SPR,FP64,CUSTOM,8000,Power DRAM [W],85,0.0
SPR,FP64,CUSTOM,8000,Power DRAM [W],86,0.0
SPR,FP64,CUSTOM,8000,Power DRAM [W],87,0.0
SPR,FP64,CUSTOM,8000,Power DRAM [W],88,0.0
SPR,FP64,CUSTOM,8000,Power DRAM [W],89,0.0
SPR,FP64,CUSTOM,8000,Power DRAM [W],90,0.0
SPR,FP64,CUSTOM,8000,Power DRAM [W],91,0.0
SPR,FP64,CUSTOM,8000,Power DRAM [W],92,0.0
SPR,FP64,CUSTOM,8000,Power DRAM [W],93,0.0
SPR,FP64,CUSTOM,8000,Power DRAM [W],94,0.0
SPR,FP64,CUSTOM,8000,Power DRAM [W],95,0.0
SPR,FP64,CUSTOM,8000,Power DRAM [W],96,0.0
SPR,FP64,CUSTOM,8000,Power DRAM [W],97,0.0
SPR,FP64,CUSTOM,8000,Power DRAM [W],98,0.0
SPR,FP64,CUSTOM,8000,Power DRAM [W],99,0.0
SPR,FP64,CUSTOM,8000,Power DRAM [W],100,0.0
SPR,FP64,CUSTOM,8000,Power DRAM [W],101,0.0
SPR,FP64,CUSTOM,8000,Power DRAM [W],102,0.0
SPR,FP64,CUSTOM,8000,Power DRAM [W],103,0.0
SPR,FP64,CUSTOM,8000,Energy PLATFORM [J],0,130.5156
SPR,FP64,CUSTOM,8000,Energy PLATFORM [J],1,0.0
SPR,FP64,CUSTOM,8000,Energy PLATFORM [J],2,0.0
SPR,FP64,CUSTOM,8000,Energy PLATFORM [J],3,0.0
SPR,FP64,CUSTOM,8000,Energy PLATFORM [J],4,0.0
SPR,FP64,CUSTOM,8000,Energy PLATFORM [J],5,0.0
SPR,FP64,CUSTOM,8000,Energy PLATFORM [J],6,0.0
SPR,FP64,CUSTOM,8000,Energy PLATFORM [J],7,0.0
SPR,FP64,CUSTOM,8000,Energy PLATFORM [J],8,0.0
SPR,FP64,CUSTOM,8000,Energy PLATFORM [J],9,0.0
SPR,FP64,CUSTOM,8000,Energy PLATFORM [J],10,0.0
SPR,FP64,CUSTOM,8000,Energy PLATFORM [J],11,0.0
SPR,FP64,CUSTOM,8000,Energy PLATFORM [J],12,0.0
SPR,FP64,CUSTOM,8000,Energy PLATFORM [J],13,0.0
SPR,FP64,CUSTOM,8000,Energy PLATFORM [J],14,0.0
SPR,FP64,CUSTOM,8000,Energy PLATFORM [J],15,0.0
SPR,FP64,CUSTOM,8000,Energy PLATFORM [J],16,0.0
SPR,FP64,CUSTOM,8000,Energy PLATFORM [J],17,0.0
SPR,FP64,CUSTOM,8000,Energy PLATFORM [J],18,0.0
SPR,FP64,CUSTOM,8000,Energy PLATFORM [J],19,0.0
SPR,FP64,CUSTOM,8000,Energy PLATFORM [J],20,0.0
SPR,FP64,CUSTOM,8000,Energy PLATFORM [J],21,0.0
SPR,FP64,CUSTOM,8000,Energy PLATFORM [J],22,0.0
SPR,FP64,CUSTOM,8000,Energy PLATFORM [J],23,0.0
SPR,FP64,CUSTOM,8000,Energy PLATFORM [J],24,0.0
SPR,FP64,CUSTOM,8000,Energy PLATFORM [J],25,0.0
SPR,FP64,CUSTOM,8000,Energy PLATFORM [J],26,0.0
SPR,FP64,CUSTOM,8000,Energy PLATFORM [J],27,0.0
SPR,FP64,CUSTOM,8000,Energy PLATFORM [J],28,0.0
SPR,FP64,CUSTOM,8000,Energy PLATFORM [J],29,0.0
SPR,FP64,CUSTOM,8000,Energy PLATFORM [J],30,0.0
SPR,FP64,CUSTOM,8000,Energy PLATFORM [J],31,0.0
SPR,FP64,CUSTOM,8000,Energy PLATFORM [J],32,0.0
SPR,FP64,CUSTOM,8000,Energy PLATFORM [J],33,0.0
SPR,FP64,CUSTOM,8000,Energy PLATFORM [J],34,0.0
SPR,FP64,CUSTOM,8000,Energy PLATFORM [J],35,0.0
SPR,FP64,CUSTOM,8000,Energy PLATFORM [J],36,0.0
SPR,FP64,CUSTOM,8000,Energy PLATFORM [J],37,0.0
SPR,FP64,CUSTOM,8000,Energy PLATFORM [J],38,0.0
SPR,FP64,CUSTOM,8000,Energy PLATFORM [J],39,0.0
SPR,FP64,CUSTOM,8000,Energy PLATFORM [J],40,0.0
SPR,FP64,CUSTOM,8000,Energy PLATFORM [J],41,0.0
SPR,FP64,CUSTOM,8000,Energy PLATFORM [J],42,0.0
SPR,FP64,CUSTOM,8000,Energy PLATFORM [J],43,0.0
SPR,FP64,CUSTOM,8000,Energy PLATFORM [J],44,0.0
SPR,FP64,CUSTOM,8000,Energy PLATFORM [J],45,0.0
SPR,FP64,CUSTOM,8000,Energy PLATFORM [J],46,0.0
SPR,FP64,CUSTOM,8000,Energy PLATFORM [J],47,0.0
SPR,FP64,CUSTOM,8000,Energy PLATFORM [J],48,0.0
SPR,FP64,CUSTOM,8000,Energy PLATFORM [J],49,0.0
SPR,FP64,CUSTOM,8000,Energy PLATFORM [J],50,0.0
SPR,FP64,CUSTOM,8000,Energy PLATFORM [J],51,0.0
SPR,FP64,CUSTOM,8000,Energy PLATFORM [J],52,0.0
SPR,FP64,CUSTOM,8000,Energy PLATFORM [J],53,0.0
SPR,FP64,CUSTOM,8000,Energy PLATFORM [J],54,0.0
SPR,FP64,CUSTOM,8000,Energy PLATFORM [J],55,0.0
SPR,FP64,CUSTOM,8000,Energy PLATFORM [J],56,0.0
SPR,FP64,CUSTOM,8000,Energy PLATFORM [J],57,0.0
SPR,FP64,CUSTOM,8000,Energy PLATFORM [J],58,0.0
SPR,FP64,CUSTOM,8000,Energy PLATFORM [J],59,0.0
SPR,FP64,CUSTOM,8000,Energy PLATFORM [J],60,0.0
SPR,FP64,CUSTOM,8000,Energy PLATFORM [J],61,0.0
SPR,FP64,CUSTOM,8000,Energy PLATFORM [J],62,0.0
SPR,FP64,CUSTOM,8000,Energy PLATFORM [J],63,0.0
SPR,FP64,CUSTOM,8000,Energy PLATFORM [J],64,0.0
SPR,FP64,CUSTOM,8000,Energy PLATFORM [J],65,0.0
SPR,FP64,CUSTOM,8000,Energy PLATFORM [J],66,0.0
SPR,FP64,CUSTOM,8000,Energy PLATFORM [J],67,0.0
SPR,FP64,CUSTOM,8000,Energy PLATFORM [J],68,0.0
SPR,FP64,CUSTOM,8000,Energy PLATFORM [J],69,0.0
SPR,FP64,CUSTOM,8000,Energy PLATFORM [J],70,0.0
SPR,FP64,CUSTOM,8000,Energy PLATFORM [J],71,0.0
SPR,FP64,CUSTOM,8000,Energy PLATFORM [J],72,0.0
SPR,FP64,CUSTOM,8000,Energy PLATFORM [J],73,0.0
SPR,FP64,CUSTOM,8000,Energy PLATFORM [J],74,0.0
SPR,FP64,CUSTOM,8000,Energy PLATFORM [J],75,0.0
SPR,FP64,CUSTOM,8000,Energy PLATFORM [J],76,0.0
SPR,FP64,CUSTOM,8000,Energy PLATFORM [J],77,0.0
SPR,FP64,CUSTOM,8000,Energy PLATFORM [J],78,0.0
SPR,FP64,CUSTOM,8000,Energy PLATFORM [J],79,0.0
SPR,FP64,CUSTOM,8000,Energy PLATFORM [J],80,0.0
SPR,FP64,CUSTOM,8000,Energy PLATFORM [J],81,0.0
SPR,FP64,CUSTOM,8000,Energy PLATFORM [J],82,0.0
SPR,FP64,CUSTOM,8000,Energy PLATFORM [J],83,0.0
SPR,FP64,CUSTOM,8000,Energy PLATFORM [J],84,0.0
SPR,FP64,CUSTOM,8000,Energy PLATFORM [J],85,0.0
SPR,FP64,CUSTOM,8000,Energy PLATFORM [J],86,0.0
SPR,FP64,CUSTOM,8000,Energy PLATFORM [J],87,0.0
SPR,FP64,CUSTOM,8000,Energy PLATFORM [J],88,0.0
SPR,FP64,CUSTOM,8000,Energy PLATFORM [J],89,0.0
SPR,FP64,CUSTOM,8000,Energy PLATFORM [J],90,0.0
SPR,FP64,CUSTOM,8000,Energy PLATFORM [J],91,0.0
SPR,FP64,CUSTOM,8000,Energy PLATFORM [J],92,0.0
SPR,FP64,CUSTOM,8000,Energy PLATFORM [J],93,0.0
SPR,FP64,CUSTOM,8000,Energy PLATFORM [J],94,0.0
SPR,FP64,CUSTOM,8000,Energy PLATFORM [J],95,0.0
SPR,FP64,CUSTOM,8000,Energy PLATFORM [J],96,0.0
SPR,FP64,CUSTOM,8000,Energy PLATFORM [J],97,0.0
SPR,FP64,CUSTOM,8000,Energy PLATFORM [J],98,0.0
SPR,FP64,CUSTOM,8000,Energy PLATFORM [J],99,0.0
SPR,FP64,CUSTOM,8000,Energy PLATFORM [J],100,0.0
SPR,FP64,CUSTOM,8000,Energy PLATFORM [J],101,0.0
SPR,FP64,CUSTOM,8000,Energy PLATFORM [J],102,0.0
SPR,FP64,CUSTOM,8000,Energy PLATFORM [J],103,0.0
SPR,FP64,CUSTOM,8000,Power PLATFORM [W],0,0.0567
SPR,FP64,CUSTOM,8000,Power PLATFORM [W],1,0.0
SPR,FP64,CUSTOM,8000,Power PLATFORM [W],2,0.0
SPR,FP64,CUSTOM,8000,Power PLATFORM [W],3,0.0
SPR,FP64,CUSTOM,8000,Power PLATFORM [W],4,0.0
SPR,FP64,CUSTOM,8000,Power PLATFORM [W],5,0.0
SPR,FP64,CUSTOM,8000,Power PLATFORM [W],6,0.0
SPR,FP64,CUSTOM,8000,Power PLATFORM [W],7,0.0
SPR,FP64,CUSTOM,8000,Power PLATFORM [W],8,0.0
SPR,FP64,CUSTOM,8000,Power PLATFORM [W],9,0.0
SPR,FP64,CUSTOM,8000,Power PLATFORM [W],10,0.0
SPR,FP64,CUSTOM,8000,Power PLATFORM [W],11,0.0
SPR,FP64,CUSTOM,8000,Power PLATFORM [W],12,0.0
SPR,FP64,CUSTOM,8000,Power PLATFORM [W],13,0.0
SPR,FP64,CUSTOM,8000,Power PLATFORM [W],14,0.0
SPR,FP64,CUSTOM,8000,Power PLATFORM [W],15,0.0
SPR,FP64,CUSTOM,8000,Power PLATFORM [W],16,0.0
SPR,FP64,CUSTOM,8000,Power PLATFORM [W],17,0.0
SPR,FP64,CUSTOM,8000,Power PLATFORM [W],18,0.0
SPR,FP64,CUSTOM,8000,Power PLATFORM [W],19,0.0
SPR,FP64,CUSTOM,8000,Power PLATFORM [W],20,0.0
SPR,FP64,CUSTOM,8000,Power PLATFORM [W],21,0.0
SPR,FP64,CUSTOM,8000,Power PLATFORM [W],22,0.0
SPR,FP64,CUSTOM,8000,Power PLATFORM [W],23,0.0
SPR,FP64,CUSTOM,8000,Power PLATFORM [W],24,0.0
SPR,FP64,CUSTOM,8000,Power PLATFORM [W],25,0.0
SPR,FP64,CUSTOM,8000,Power PLATFORM [W],26,0.0
SPR,FP64,CUSTOM,8000,Power PLATFORM [W],27,0.0
SPR,FP64,CUSTOM,8000,Power PLATFORM [W],28,0.0
SPR,FP64,CUSTOM,8000,Power PLATFORM [W],29,0.0
SPR,FP64,CUSTOM,8000,Power PLATFORM [W],30,0.0
SPR,FP64,CUSTOM,8000,Power PLATFORM [W],31,0.0
SPR,FP64,CUSTOM,8000,Power PLATFORM [W],32,0.0
SPR,FP64,CUSTOM,8000,Power PLATFORM [W],33,0.0
SPR,FP64,CUSTOM,8000,Power PLATFORM [W],34,0.0
SPR,FP64,CUSTOM,8000,Power PLATFORM [W],35,0.0
SPR,FP64,CUSTOM,8000,Power PLATFORM [W],36,0.0
SPR,FP64,CUSTOM,8000,Power PLATFORM [W],37,0.0
SPR,FP64,CUSTOM,8000,Power PLATFORM [W],38,0.0
SPR,FP64,CUSTOM,8000,Power PLATFORM [W],39,0.0
SPR,FP64,CUSTOM,8000,Power PLATFORM [W],40,0.0
SPR,FP64,CUSTOM,8000,Power PLATFORM [W],41,0.0
SPR,FP64,CUSTOM,8000,Power PLATFORM [W],42,0.0
SPR,FP64,CUSTOM,8000,Power PLATFORM [W],43,0.0
SPR,FP64,CUSTOM,8000,Power PLATFORM [W],44,0.0
SPR,FP64,CUSTOM,8000,Power PLATFORM [W],45,0.0
SPR,FP64,CUSTOM,8000,Power PLATFORM [W],46,0.0
SPR,FP64,CUSTOM,8000,Power PLATFORM [W],47,0.0
SPR,FP64,CUSTOM,8000,Power PLATFORM [W],48,0.0
SPR,FP64,CUSTOM,8000,Power PLATFORM [W],49,0.0
SPR,FP64,CUSTOM,8000,Power PLATFORM [W],50,0.0
SPR,FP64,CUSTOM,8000,Power PLATFORM [W],51,0.0
SPR,FP64,CUSTOM,8000,Power PLATFORM [W],52,0.0
SPR,FP64,CUSTOM,8000,Power PLATFORM [W],53,0.0
SPR,FP64,CUSTOM,8000,Power PLATFORM [W],54,0.0
SPR,FP64,CUSTOM,8000,Power PLATFORM [W],55,0.0
SPR,FP64,CUSTOM,8000,Power PLATFORM [W],56,0.0
SPR,FP64,CUSTOM,8000,Power PLATFORM [W],57,0.0
SPR,FP64,CUSTOM,8000,Power PLATFORM [W],58,0.0
SPR,FP64,CUSTOM,8000,Power PLATFORM [W],59,0.0
SPR,FP64,CUSTOM,8000,Power PLATFORM [W],60,0.0
SPR,FP64,CUSTOM,8000,Power PLATFORM [W],61,0.0
SPR,FP64,CUSTOM,8000,Power PLATFORM [W],62,0.0
SPR,FP64,CUSTOM,8000,Power PLATFORM [W],63,0.0
SPR,FP64,CUSTOM,8000,Power PLATFORM [W],64,0.0
SPR,FP64,CUSTOM,8000,Power PLATFORM [W],65,0.0
SPR,FP64,CUSTOM,8000,Power PLATFORM [W],66,0.0
SPR,FP64,CUSTOM,8000,Power PLATFORM [W],67,0.0
SPR,FP64,CUSTOM,8000,Power PLATFORM [W],68,0.0
SPR,FP64,CUSTOM,8000,Power PLATFORM [W],69,0.0
SPR,FP64,CUSTOM,8000,Power PLATFORM [W],70,0.0
SPR,FP64,CUSTOM,8000,Power PLATFORM [W],71,0.0
SPR,FP64,CUSTOM,8000,Power PLATFORM [W],72,0.0
SPR,FP64,CUSTOM,8000,Power PLATFORM [W],73,0.0
SPR,FP64,CUSTOM,8000,Power PLATFORM [W],74,0.0
SPR,FP64,CUSTOM,8000,Power PLATFORM [W],75,0.0
SPR,FP64,CUSTOM,8000,Power PLATFORM [W],76,0.0
SPR,FP64,CUSTOM,8000,Power PLATFORM [W],77,0.0
SPR,FP64,CUSTOM,8000,Power PLATFORM [W],78,0.0
SPR,FP64,CUSTOM,8000,Power PLATFORM [W],79,0.0
SPR,FP64,CUSTOM,8000,Power PLATFORM [W],80,0.0
SPR,FP64,CUSTOM,8000,Power PLATFORM [W],81,0.0
SPR,FP64,CUSTOM,8000,Power PLATFORM [W],82,0.0
SPR,FP64,CUSTOM,8000,Power PLATFORM [W],83,0.0
SPR,FP64,CUSTOM,8000,Power PLATFORM [W],84,0.0
SPR,FP64,CUSTOM,8000,Power PLATFORM [W],85,0.0
SPR,FP64,CUSTOM,8000,Power PLATFORM [W],86,0.0
SPR,FP64,CUSTOM,8000,Power PLATFORM [W],87,0.0
SPR,FP64,CUSTOM,8000,Power PLATFORM [W],88,0.0
SPR,FP64,CUSTOM,8000,Power PLATFORM [W],89,0.0
SPR,FP64,CUSTOM,8000,Power PLATFORM [W],90,0.0
SPR,FP64,CUSTOM,8000,Power PLATFORM [W],91,0.0
SPR,FP64,CUSTOM,8000,Power PLATFORM [W],92,0.0
SPR,FP64,CUSTOM,8000,Power PLATFORM [W],93,0.0
SPR,FP64,CUSTOM,8000,Power PLATFORM [W],94,0.0
SPR,FP64,CUSTOM,8000,Power PLATFORM [W],95,0.0
SPR,FP64,CUSTOM,8000,Power PLATFORM [W],96,0.0
SPR,FP64,CUSTOM,8000,Power PLATFORM [W],97,0.0
SPR,FP64,CUSTOM,8000,Power PLATFORM [W],98,0.0
SPR,FP64,CUSTOM,8000,Power PLATFORM [W],99,0.0
SPR,FP64,CUSTOM,8000,Power PLATFORM [W],100,0.0
SPR,FP64,CUSTOM,8000,Power PLATFORM [W],101,0.0
SPR,FP64,CUSTOM,8000,Power PLATFORM [W],102,0.0
SPR,FP64,CUSTOM,8000,Power PLATFORM [W],103,0.0
SPR,FP64,CUSTOM,8000,Memory read bandwidth [MBytes/s],0,16226.0972
SPR,FP64,CUSTOM,8000,Memory read bandwidth [MBytes/s],1,0.0
SPR,FP64,CUSTOM,8000,Memory read bandwidth [MBytes/s],2,0.0
SPR,FP64,CUSTOM,8000,Memory read bandwidth [MBytes/s],3,0.0
SPR,FP64,CUSTOM,8000,Memory read bandwidth [MBytes/s],4,0.0
SPR,FP64,CUSTOM,8000,Memory read bandwidth [MBytes/s],5,0.0
SPR,FP64,CUSTOM,8000,Memory read bandwidth [MBytes/s],6,0.0
SPR,FP64,CUSTOM,8000,Memory read bandwidth [MBytes/s],7,0.0
SPR,FP64,CUSTOM,8000,Memory read bandwidth [MBytes/s],8,0.0
SPR,FP64,CUSTOM,8000,Memory read bandwidth [MBytes/s],9,0.0
SPR,FP64,CUSTOM,8000,Memory read bandwidth [MBytes/s],10,0.0
SPR,FP64,CUSTOM,8000,Memory read bandwidth [MBytes/s],11,0.0
SPR,FP64,CUSTOM,8000,Memory read bandwidth [MBytes/s],12,0.0
SPR,FP64,CUSTOM,8000,Memory read bandwidth [MBytes/s],13,0.0
SPR,FP64,CUSTOM,8000,Memory read bandwidth [MBytes/s],14,0.0
SPR,FP64,CUSTOM,8000,Memory read bandwidth [MBytes/s],15,0.0
SPR,FP64,CUSTOM,8000,Memory read bandwidth [MBytes/s],16,0.0
SPR,FP64,CUSTOM,8000,Memory read bandwidth [MBytes/s],17,0.0
SPR,FP64,CUSTOM,8000,Memory read bandwidth [MBytes/s],18,0.0
SPR,FP64,CUSTOM,8000,Memory read bandwidth [MBytes/s],19,0.0
SPR,FP64,CUSTOM,8000,Memory read bandwidth [MBytes/s],20,0.0
SPR,FP64,CUSTOM,8000,Memory read bandwidth [MBytes/s],21,0.0
SPR,FP64,CUSTOM,8000,Memory read bandwidth [MBytes/s],22,0.0
SPR,FP64,CUSTOM,8000,Memory read bandwidth [MBytes/s],23,0.0
SPR,FP64,CUSTOM,8000,Memory read bandwidth [MBytes/s],24,0.0
SPR,FP64,CUSTOM,8000,Memory read bandwidth [MBytes/s],25,0.0
SPR,FP64,CUSTOM,8000,Memory read bandwidth [MBytes/s],26,0.0
SPR,FP64,CUSTOM,8000,Memory read bandwidth [MBytes/s],27,0.0
SPR,FP64,CUSTOM,8000,Memory read bandwidth [MBytes/s],28,0.0
SPR,FP64,CUSTOM,8000,Memory read bandwidth [MBytes/s],29,0.0
SPR,FP64,CUSTOM,8000,Memory read bandwidth [MBytes/s],30,0.0
SPR,FP64,CUSTOM,8000,Memory read bandwidth [MBytes/s],31,0.0
SPR,FP64,CUSTOM,8000,Memory read bandwidth [MBytes/s],32,0.0
SPR,FP64,CUSTOM,8000,Memory read bandwidth [MBytes/s],33,0.0
SPR,FP64,CUSTOM,8000,Memory read bandwidth [MBytes/s],34,0.0
SPR,FP64,CUSTOM,8000,Memory read bandwidth [MBytes/s],35,0.0
SPR,FP64,CUSTOM,8000,Memory read bandwidth [MBytes/s],36,0.0
SPR,FP64,CUSTOM,8000,Memory read bandwidth [MBytes/s],37,0.0
SPR,FP64,CUSTOM,8000,Memory read bandwidth [MBytes/s],38,0.0
SPR,FP64,CUSTOM,8000,Memory read bandwidth [MBytes/s],39,0.0
SPR,FP64,CUSTOM,8000,Memory read bandwidth [MBytes/s],40,0.0
SPR,FP64,CUSTOM,8000,Memory read bandwidth [MBytes/s],41,0.0
SPR,FP64,CUSTOM,8000,Memory read bandwidth [MBytes/s],42,0.0
SPR,FP64,CUSTOM,8000,Memory read bandwidth [MBytes/s],43,0.0
SPR,FP64,CUSTOM,8000,Memory read bandwidth [MBytes/s],44,0.0
SPR,FP64,CUSTOM,8000,Memory read bandwidth [MBytes/s],45,0.0
SPR,FP64,CUSTOM,8000,Memory read bandwidth [MBytes/s],46,0.0
SPR,FP64,CUSTOM,8000,Memory read bandwidth [MBytes/s],47,0.0
SPR,FP64,CUSTOM,8000,Memory read bandwidth [MBytes/s],48,0.0
SPR,FP64,CUSTOM,8000,Memory read bandwidth [MBytes/s],49,0.0
SPR,FP64,CUSTOM,8000,Memory read bandwidth [MBytes/s],50,0.0
SPR,FP64,CUSTOM,8000,Memory read bandwidth [MBytes/s],51,0.0
SPR,FP64,CUSTOM,8000,Memory read bandwidth [MBytes/s],52,18926.7977
SPR,FP64,CUSTOM,8000,Memory read bandwidth [MBytes/s],53,0.0
SPR,FP64,CUSTOM,8000,Memory read bandwidth [MBytes/s],54,0.0
SPR,FP64,CUSTOM,8000,Memory read bandwidth [MBytes/s],55,0.0
SPR,FP64,CUSTOM,8000,Memory read bandwidth [MBytes/s],56,0.0
SPR,FP64,CUSTOM,8000,Memory read bandwidth [MBytes/s],57,0.0
SPR,FP64,CUSTOM,8000,Memory read bandwidth [MBytes/s],58,0.0
SPR,FP64,CUSTOM,8000,Memory read bandwidth [MBytes/s],59,0.0
SPR,FP64,CUSTOM,8000,Memory read bandwidth [MBytes/s],60,0.0
SPR,FP64,CUSTOM,8000,Memory read bandwidth [MBytes/s],61,0.0
SPR,FP64,CUSTOM,8000,Memory read bandwidth [MBytes/s],62,0.0
SPR,FP64,CUSTOM,8000,Memory read bandwidth [MBytes/s],63,0.0
SPR,FP64,CUSTOM,8000,Memory read bandwidth [MBytes/s],64,0.0
SPR,FP64,CUSTOM,8000,Memory read bandwidth [MBytes/s],65,0.0
SPR,FP64,CUSTOM,8000,Memory read bandwidth [MBytes/s],66,0.0
SPR,FP64,CUSTOM,8000,Memory read bandwidth [MBytes/s],67,0.0
SPR,FP64,CUSTOM,8000,Memory read bandwidth [MBytes/s],68,0.0
SPR,FP64,CUSTOM,8000,Memory read bandwidth [MBytes/s],69,0.0
SPR,FP64,CUSTOM,8000,Memory read bandwidth [MBytes/s],70,0.0
SPR,FP64,CUSTOM,8000,Memory read bandwidth [MBytes/s],71,0.0
SPR,FP64,CUSTOM,8000,Memory read bandwidth [MBytes/s],72,0.0
SPR,FP64,CUSTOM,8000,Memory read bandwidth [MBytes/s],73,0.0
SPR,FP64,CUSTOM,8000,Memory read bandwidth [MBytes/s],74,0.0
SPR,FP64,CUSTOM,8000,Memory read bandwidth [MBytes/s],75,0.0
SPR,FP64,CUSTOM,8000,Memory read bandwidth [MBytes/s],76,0.0
SPR,FP64,CUSTOM,8000,Memory read bandwidth [MBytes/s],77,0.0
SPR,FP64,CUSTOM,8000,Memory read bandwidth [MBytes/s],78,0.0
SPR,FP64,CUSTOM,8000,Memory read bandwidth [MBytes/s],79,0.0
SPR,FP64,CUSTOM,8000,Memory read bandwidth [MBytes/s],80,0.0
SPR,FP64,CUSTOM,8000,Memory read bandwidth [MBytes/s],81,0.0
SPR,FP64,CUSTOM,8000,Memory read bandwidth [MBytes/s],82,0.0
SPR,FP64,CUSTOM,8000,Memory read bandwidth [MBytes/s],83,0.0
SPR,FP64,CUSTOM,8000,Memory read bandwidth [MBytes/s],84,0.0
SPR,FP64,CUSTOM,8000,Memory read bandwidth [MBytes/s],85,0.0
SPR,FP64,CUSTOM,8000,Memory read bandwidth [MBytes/s],86,0.0
SPR,FP64,CUSTOM,8000,Memory read bandwidth [MBytes/s],87,0.0
SPR,FP64,CUSTOM,8000,Memory read bandwidth [MBytes/s],88,0.0
SPR,FP64,CUSTOM,8000,Memory read bandwidth [MBytes/s],89,0.0
SPR,FP64,CUSTOM,8000,Memory read bandwidth [MBytes/s],90,0.0
SPR,FP64,CUSTOM,8000,Memory read bandwidth [MBytes/s],91,0.0
SPR,FP64,CUSTOM,8000,Memory read bandwidth [MBytes/s],92,0.0
SPR,FP64,CUSTOM,8000,Memory read bandwidth [MBytes/s],93,0.0
SPR,FP64,CUSTOM,8000,Memory read bandwidth [MBytes/s],94,0.0
SPR,FP64,CUSTOM,8000,Memory read bandwidth [MBytes/s],95,0.0
SPR,FP64,CUSTOM,8000,Memory read bandwidth [MBytes/s],96,0.0
SPR,FP64,CUSTOM,8000,Memory read bandwidth [MBytes/s],97,0.0
SPR,FP64,CUSTOM,8000,Memory read bandwidth [MBytes/s],98,0.0
SPR,FP64,CUSTOM,8000,Memory read bandwidth [MBytes/s],99,0.0
SPR,FP64,CUSTOM,8000,Memory read bandwidth [MBytes/s],100,0.0
SPR,FP64,CUSTOM,8000,Memory read bandwidth [MBytes/s],101,0.0
SPR,FP64,CUSTOM,8000,Memory read bandwidth [MBytes/s],102,0.0
SPR,FP64,CUSTOM,8000,Memory read bandwidth [MBytes/s],103,0.0
SPR,FP64,CUSTOM,8000,Memory read data volume [GBytes],0,37364.7319
SPR,FP64,CUSTOM,8000,Memory read data volume [GBytes],1,0.0
SPR,FP64,CUSTOM,8000,Memory read data volume [GBytes],2,0.0
SPR,FP64,CUSTOM,8000,Memory read data volume [GBytes],3,0.0
SPR,FP64,CUSTOM,8000,Memory read data volume [GBytes],4,0.0
SPR,FP64,CUSTOM,8000,Memory read data volume [GBytes],5,0.0
SPR,FP64,CUSTOM,8000,Memory read data volume [GBytes],6,0.0
SPR,FP64,CUSTOM,8000,Memory read data volume [GBytes],7,0.0
SPR,FP64,CUSTOM,8000,Memory read data volume [GBytes],8,0.0
SPR,FP64,CUSTOM,8000,Memory read data volume [GBytes],9,0.0
SPR,FP64,CUSTOM,8000,Memory read data volume [GBytes],10,0.0
SPR,FP64,CUSTOM,8000,Memory read data volume [GBytes],11,0.0
SPR,FP64,CUSTOM,8000,Memory read data volume [GBytes],12,0.0
SPR,FP64,CUSTOM,8000,Memory read data volume [GBytes],13,0.0
SPR,FP64,CUSTOM,8000,Memory read data volume [GBytes],14,0.0
SPR,FP64,CUSTOM,8000,Memory read data volume [GBytes],15,0.0
SPR,FP64,CUSTOM,8000,Memory read data volume [GBytes],16,0.0
SPR,FP64,CUSTOM,8000,Memory read data volume [GBytes],17,0.0
SPR,FP64,CUSTOM,8000,Memory read data volume [GBytes],18,0.0
SPR,FP64,CUSTOM,8000,Memory read data volume [GBytes],19,0.0
SPR,FP64,CUSTOM,8000,Memory read data volume [GBytes],20,0.0
SPR,FP64,CUSTOM,8000,Memory read data volume [GBytes],21,0.0
SPR,FP64,CUSTOM,8000,Memory read data volume [GBytes],22,0.0
SPR,FP64,CUSTOM,8000,Memory read data volume [GBytes],23,0.0
SPR,FP64,CUSTOM,8000,Memory read data volume [GBytes],24,0.0
SPR,FP64,CUSTOM,8000,Memory read data volume [GBytes],25,0.0
SPR,FP64,CUSTOM,8000,Memory read data volume [GBytes],26,0.0
SPR,FP64,CUSTOM,8000,Memory read data volume [GBytes],27,0.0
SPR,FP64,CUSTOM,8000,Memory read data volume [GBytes],28,0.0
SPR,FP64,CUSTOM,8000,Memory read data volume [GBytes],29,0.0
SPR,FP64,CUSTOM,8000,Memory read data volume [GBytes],30,0.0
SPR,FP64,CUSTOM,8000,Memory read data volume [GBytes],31,0.0
SPR,FP64,CUSTOM,8000,Memory read data volume [GBytes],32,0.0
SPR,FP64,CUSTOM,8000,Memory read data volume [GBytes],33,0.0
SPR,FP64,CUSTOM,8000,Memory read data volume [GBytes],34,0.0
SPR,FP64,CUSTOM,8000,Memory read data volume [GBytes],35,0.0
SPR,FP64,CUSTOM,8000,Memory read data volume [GBytes],36,0.0
SPR,FP64,CUSTOM,8000,Memory read data volume [GBytes],37,0.0
SPR,FP64,CUSTOM,8000,Memory read data volume [GBytes],38,0.0
SPR,FP64,CUSTOM,8000,Memory read data volume [GBytes],39,0.0
SPR,FP64,CUSTOM,8000,Memory read data volume [GBytes],40,0.0
SPR,FP64,CUSTOM,8000,Memory read data volume [GBytes],41,0.0
SPR,FP64,CUSTOM,8000,Memory read data volume [GBytes],42,0.0
SPR,FP64,CUSTOM,8000,Memory read data volume [GBytes],43,0.0
SPR,FP64,CUSTOM,8000,Memory read data volume [GBytes],44,0.0
SPR,FP64,CUSTOM,8000,Memory read data volume [GBytes],45,0.0
SPR,FP64,CUSTOM,8000,Memory read data volume [GBytes],46,0.0
SPR,FP64,CUSTOM,8000,Memory read data volume [GBytes],47,0.0
SPR,FP64,CUSTOM,8000,Memory read data volume [GBytes],48,0.0
SPR,FP64,CUSTOM,8000,Memory read data volume [GBytes],49,0.0
SPR,FP64,CUSTOM,8000,Memory read data volume [GBytes],50,0.0
SPR,FP64,CUSTOM,8000,Memory read data volume [GBytes],51,0.0
SPR,FP64,CUSTOM,8000,Memory read data volume [GBytes],52,43583.7842
SPR,FP64,CUSTOM,8000,Memory read data volume [GBytes],53,0.0
SPR,FP64,CUSTOM,8000,Memory read data volume [GBytes],54,0.0
SPR,FP64,CUSTOM,8000,Memory read data volume [GBytes],55,0.0
SPR,FP64,CUSTOM,8000,Memory read data volume [GBytes],56,0.0
SPR,FP64,CUSTOM,8000,Memory read data volume [GBytes],57,0.0
SPR,FP64,CUSTOM,8000,Memory read data volume [GBytes],58,0.0
SPR,FP64,CUSTOM,8000,Memory read data volume [GBytes],59,0.0
SPR,FP64,CUSTOM,8000,Memory read data volume [GBytes],60,0.0
SPR,FP64,CUSTOM,8000,Memory read data volume [GBytes],61,0.0
SPR,FP64,CUSTOM,8000,Memory read data volume [GBytes],62,0.0
SPR,FP64,CUSTOM,8000,Memory read data volume [GBytes],63,0.0
SPR,FP64,CUSTOM,8000,Memory read data volume [GBytes],64,0.0
SPR,FP64,CUSTOM,8000,Memory read data volume [GBytes],65,0.0
SPR,FP64,CUSTOM,8000,Memory read data volume [GBytes],66,0.0
SPR,FP64,CUSTOM,8000,Memory read data volume [GBytes],67,0.0
SPR,FP64,CUSTOM,8000,Memory read data volume [GBytes],68,0.0
SPR,FP64,CUSTOM,8000,Memory read data volume [GBytes],69,0.0
SPR,FP64,CUSTOM,8000,Memory read data volume [GBytes],70,0.0
SPR,FP64,CUSTOM,8000,Memory read data volume [GBytes],71,0.0
SPR,FP64,CUSTOM,8000,Memory read data volume [GBytes],72,0.0
SPR,FP64,CUSTOM,8000,Memory read data volume [GBytes],73,0.0
SPR,FP64,CUSTOM,8000,Memory read data volume [GBytes],74,0.0
SPR,FP64,CUSTOM,8000,Memory read data volume [GBytes],75,0.0
SPR,FP64,CUSTOM,8000,Memory read data volume [GBytes],76,0.0
SPR,FP64,CUSTOM,8000,Memory read data volume [GBytes],77,0.0
SPR,FP64,CUSTOM,8000,Memory read data volume [GBytes],78,0.0
SPR,FP64,CUSTOM,8000,Memory read data volume [GBytes],79,0.0
SPR,FP64,CUSTOM,8000,Memory read data volume [GBytes],80,0.0
SPR,FP64,CUSTOM,8000,Memory read data volume [GBytes],81,0.0
SPR,FP64,CUSTOM,8000,Memory read data volume [GBytes],82,0.0
SPR,FP64,CUSTOM,8000,Memory read data volume [GBytes],83,0.0
SPR,FP64,CUSTOM,8000,Memory read data volume [GBytes],84,0.0
SPR,FP64,CUSTOM,8000,Memory read data volume [GBytes],85,0.0
SPR,FP64,CUSTOM,8000,Memory read data volume [GBytes],86,0.0
SPR,FP64,CUSTOM,8000,Memory read data volume [GBytes],87,0.0
SPR,FP64,CUSTOM,8000,Memory read data volume [GBytes],88,0.0
SPR,FP64,CUSTOM,8000,Memory read data volume [GBytes],89,0.0
SPR,FP64,CUSTOM,8000,Memory read data volume [GBytes],90,0.0
SPR,FP64,CUSTOM,8000,Memory read data volume [GBytes],91,0.0
SPR,FP64,CUSTOM,8000,Memory read data volume [GBytes],92,0.0
SPR,FP64,CUSTOM,8000,Memory read data volume [GBytes],93,0.0
SPR,FP64,CUSTOM,8000,Memory read data volume [GBytes],94,0.0
SPR,FP64,CUSTOM,8000,Memory read data volume [GBytes],95,0.0
SPR,FP64,CUSTOM,8000,Memory read data volume [GBytes],96,0.0
SPR,FP64,CUSTOM,8000,Memory read data volume [GBytes],97,0.0
SPR,FP64,CUSTOM,8000,Memory read data volume [GBytes],98,0.0
SPR,FP64,CUSTOM,8000,Memory read data volume [GBytes],99,0.0
SPR,FP64,CUSTOM,8000,Memory read data volume [GBytes],100,0.0
SPR,FP64,CUSTOM,8000,Memory read data volume [GBytes],101,0.0
SPR,FP64,CUSTOM,8000,Memory read data volume [GBytes],102,0.0
SPR,FP64,CUSTOM,8000,Memory read data volume [GBytes],103,0.0
SPR,FP64,CUSTOM,8000,Memory write bandwidth [MBytes/s],0,4306.3514
SPR,FP64,CUSTOM,8000,Memory write bandwidth [MBytes/s],1,0.0
SPR,FP64,CUSTOM,8000,Memory write bandwidth [MBytes/s],2,0.0
SPR,FP64,CUSTOM,8000,Memory write bandwidth [MBytes/s],3,0.0
SPR,FP64,CUSTOM,8000,Memory write bandwidth [MBytes/s],4,0.0
SPR,FP64,CUSTOM,8000,Memory write bandwidth [MBytes/s],5,0.0
SPR,FP64,CUSTOM,8000,Memory write bandwidth [MBytes/s],6,0.0
SPR,FP64,CUSTOM,8000,Memory write bandwidth [MBytes/s],7,0.0
SPR,FP64,CUSTOM,8000,Memory write bandwidth [MBytes/s],8,0.0
SPR,FP64,CUSTOM,8000,Memory write bandwidth [MBytes/s],9,0.0
SPR,FP64,CUSTOM,8000,Memory write bandwidth [MBytes/s],10,0.0
SPR,FP64,CUSTOM,8000,Memory write bandwidth [MBytes/s],11,0.0
SPR,FP64,CUSTOM,8000,Memory write bandwidth [MBytes/s],12,0.0
SPR,FP64,CUSTOM,8000,Memory write bandwidth [MBytes/s],13,0.0
SPR,FP64,CUSTOM,8000,Memory write bandwidth [MBytes/s],14,0.0
SPR,FP64,CUSTOM,8000,Memory write bandwidth [MBytes/s],15,0.0
SPR,FP64,CUSTOM,8000,Memory write bandwidth [MBytes/s],16,0.0
SPR,FP64,CUSTOM,8000,Memory write bandwidth [MBytes/s],17,0.0
SPR,FP64,CUSTOM,8000,Memory write bandwidth [MBytes/s],18,0.0
SPR,FP64,CUSTOM,8000,Memory write bandwidth [MBytes/s],19,0.0
SPR,FP64,CUSTOM,8000,Memory write bandwidth [MBytes/s],20,0.0
SPR,FP64,CUSTOM,8000,Memory write bandwidth [MBytes/s],21,0.0
SPR,FP64,CUSTOM,8000,Memory write bandwidth [MBytes/s],22,0.0
SPR,FP64,CUSTOM,8000,Memory write bandwidth [MBytes/s],23,0.0
SPR,FP64,CUSTOM,8000,Memory write bandwidth [MBytes/s],24,0.0
SPR,FP64,CUSTOM,8000,Memory write bandwidth [MBytes/s],25,0.0
SPR,FP64,CUSTOM,8000,Memory write bandwidth [MBytes/s],26,0.0
SPR,FP64,CUSTOM,8000,Memory write bandwidth [MBytes/s],27,0.0
SPR,FP64,CUSTOM,8000,Memory write bandwidth [MBytes/s],28,0.0
SPR,FP64,CUSTOM,8000,Memory write bandwidth [MBytes/s],29,0.0
SPR,FP64,CUSTOM,8000,Memory write bandwidth [MBytes/s],30,0.0
SPR,FP64,CUSTOM,8000,Memory write bandwidth [MBytes/s],31,0.0
SPR,FP64,CUSTOM,8000,Memory write bandwidth [MBytes/s],32,0.0
SPR,FP64,CUSTOM,8000,Memory write bandwidth [MBytes/s],33,0.0
SPR,FP64,CUSTOM,8000,Memory write bandwidth [MBytes/s],34,0.0
SPR,FP64,CUSTOM,8000,Memory write bandwidth [MBytes/s],35,0.0
SPR,FP64,CUSTOM,8000,Memory write bandwidth [MBytes/s],36,0.0
SPR,FP64,CUSTOM,8000,Memory write bandwidth [MBytes/s],37,0.0
SPR,FP64,CUSTOM,8000,Memory write bandwidth [MBytes/s],38,0.0
SPR,FP64,CUSTOM,8000,Memory write bandwidth [MBytes/s],39,0.0
SPR,FP64,CUSTOM,8000,Memory write bandwidth [MBytes/s],40,0.0
SPR,FP64,CUSTOM,8000,Memory write bandwidth [MBytes/s],41,0.0
SPR,FP64,CUSTOM,8000,Memory write bandwidth [MBytes/s],42,0.0
SPR,FP64,CUSTOM,8000,Memory write bandwidth [MBytes/s],43,0.0
SPR,FP64,CUSTOM,8000,Memory write bandwidth [MBytes/s],44,0.0
SPR,FP64,CUSTOM,8000,Memory write bandwidth [MBytes/s],45,0.0
SPR,FP64,CUSTOM,8000,Memory write bandwidth [MBytes/s],46,0.0
SPR,FP64,CUSTOM,8000,Memory write bandwidth [MBytes/s],47,0.0
SPR,FP64,CUSTOM,8000,Memory write bandwidth [MBytes/s],48,0.0
SPR,FP64,CUSTOM,8000,Memory write bandwidth [MBytes/s],49,0.0
SPR,FP64,CUSTOM,8000,Memory write bandwidth [MBytes/s],50,0.0
SPR,FP64,CUSTOM,8000,Memory write bandwidth [MBytes/s],51,0.0
SPR,FP64,CUSTOM,8000,Memory write bandwidth [MBytes/s],52,5032.489
SPR,FP64,CUSTOM,8000,Memory write bandwidth [MBytes/s],53,0.0
SPR,FP64,CUSTOM,8000,Memory write bandwidth [MBytes/s],54,0.0
SPR,FP64,CUSTOM,8000,Memory write bandwidth [MBytes/s],55,0.0
SPR,FP64,CUSTOM,8000,Memory write bandwidth [MBytes/s],56,0.0
SPR,FP64,CUSTOM,8000,Memory write bandwidth [MBytes/s],57,0.0
SPR,FP64,CUSTOM,8000,Memory write bandwidth [MBytes/s],58,0.0
SPR,FP64,CUSTOM,8000,Memory write bandwidth [MBytes/s],59,0.0
SPR,FP64,CUSTOM,8000,Memory write bandwidth [MBytes/s],60,0.0
SPR,FP64,CUSTOM,8000,Memory write bandwidth [MBytes/s],61,0.0
SPR,FP64,CUSTOM,8000,Memory write bandwidth [MBytes/s],62,0.0
SPR,FP64,CUSTOM,8000,Memory write bandwidth [MBytes/s],63,0.0
SPR,FP64,CUSTOM,8000,Memory write bandwidth [MBytes/s],64,0.0
SPR,FP64,CUSTOM,8000,Memory write bandwidth [MBytes/s],65,0.0
SPR,FP64,CUSTOM,8000,Memory write bandwidth [MBytes/s],66,0.0
SPR,FP64,CUSTOM,8000,Memory write bandwidth [MBytes/s],67,0.0
SPR,FP64,CUSTOM,8000,Memory write bandwidth [MBytes/s],68,0.0
SPR,FP64,CUSTOM,8000,Memory write bandwidth [MBytes/s],69,0.0
SPR,FP64,CUSTOM,8000,Memory write bandwidth [MBytes/s],70,0.0
SPR,FP64,CUSTOM,8000,Memory write bandwidth [MBytes/s],71,0.0
SPR,FP64,CUSTOM,8000,Memory write bandwidth [MBytes/s],72,0.0
SPR,FP64,CUSTOM,8000,Memory write bandwidth [MBytes/s],73,0.0
SPR,FP64,CUSTOM,8000,Memory write bandwidth [MBytes/s],74,0.0
SPR,FP64,CUSTOM,8000,Memory write bandwidth [MBytes/s],75,0.0
SPR,FP64,CUSTOM,8000,Memory write bandwidth [MBytes/s],76,0.0
SPR,FP64,CUSTOM,8000,Memory write bandwidth [MBytes/s],77,0.0
SPR,FP64,CUSTOM,8000,Memory write bandwidth [MBytes/s],78,0.0
SPR,FP64,CUSTOM,8000,Memory write bandwidth [MBytes/s],79,0.0
SPR,FP64,CUSTOM,8000,Memory write bandwidth [MBytes/s],80,0.0
SPR,FP64,CUSTOM,8000,Memory write bandwidth [MBytes/s],81,0.0
SPR,FP64,CUSTOM,8000,Memory write bandwidth [MBytes/s],82,0.0
SPR,FP64,CUSTOM,8000,Memory write bandwidth [MBytes/s],83,0.0
SPR,FP64,CUSTOM,8000,Memory write bandwidth [MBytes/s],84,0.0
SPR,FP64,CUSTOM,8000,Memory write bandwidth [MBytes/s],85,0.0
SPR,FP64,CUSTOM,8000,Memory write bandwidth [MBytes/s],86,0.0
SPR,FP64,CUSTOM,8000,Memory write bandwidth [MBytes/s],87,0.0
SPR,FP64,CUSTOM,8000,Memory write bandwidth [MBytes/s],88,0.0
SPR,FP64,CUSTOM,8000,Memory write bandwidth [MBytes/s],89,0.0
SPR,FP64,CUSTOM,8000,Memory write bandwidth [MBytes/s],90,0.0
SPR,FP64,CUSTOM,8000,Memory write bandwidth [MBytes/s],91,0.0
SPR,FP64,CUSTOM,8000,Memory write bandwidth [MBytes/s],92,0.0
SPR,FP64,CUSTOM,8000,Memory write bandwidth [MBytes/s],93,0.0
SPR,FP64,CUSTOM,8000,Memory write bandwidth [MBytes/s],94,0.0
SPR,FP64,CUSTOM,8000,Memory write bandwidth [MBytes/s],95,0.0
SPR,FP64,CUSTOM,8000,Memory write bandwidth [MBytes/s],96,0.0
SPR,FP64,CUSTOM,8000,Memory write bandwidth [MBytes/s],97,0.0
SPR,FP64,CUSTOM,8000,Memory write bandwidth [MBytes/s],98,0.0
SPR,FP64,CUSTOM,8000,Memory write bandwidth [MBytes/s],99,0.0
SPR,FP64,CUSTOM,8000,Memory write bandwidth [MBytes/s],100,0.0
SPR,FP64,CUSTOM,8000,Memory write bandwidth [MBytes/s],101,0.0
SPR,FP64,CUSTOM,8000,Memory write bandwidth [MBytes/s],102,0.0
SPR,FP64,CUSTOM,8000,Memory write bandwidth [MBytes/s],103,0.0
SPR,FP64,CUSTOM,8000,Memory write data volume [GBytes],0,9916.4737
SPR,FP64,CUSTOM,8000,Memory write data volume [GBytes],1,0.0
SPR,FP64,CUSTOM,8000,Memory write data volume [GBytes],2,0.0
SPR,FP64,CUSTOM,8000,Memory write data volume [GBytes],3,0.0
SPR,FP64,CUSTOM,8000,Memory write data volume [GBytes],4,0.0
SPR,FP64,CUSTOM,8000,Memory write data volume [GBytes],5,0.0
SPR,FP64,CUSTOM,8000,Memory write data volume [GBytes],6,0.0
SPR,FP64,CUSTOM,8000,Memory write data volume [GBytes],7,0.0
SPR,FP64,CUSTOM,8000,Memory write data volume [GBytes],8,0.0
SPR,FP64,CUSTOM,8000,Memory write data volume [GBytes],9,0.0
SPR,FP64,CUSTOM,8000,Memory write data volume [GBytes],10,0.0
SPR,FP64,CUSTOM,8000,Memory write data volume [GBytes],11,0.0
SPR,FP64,CUSTOM,8000,Memory write data volume [GBytes],12,0.0
SPR,FP64,CUSTOM,8000,Memory write data volume [GBytes],13,0.0
SPR,FP64,CUSTOM,8000,Memory write data volume [GBytes],14,0.0
SPR,FP64,CUSTOM,8000,Memory write data volume [GBytes],15,0.0
SPR,FP64,CUSTOM,8000,Memory write data volume [GBytes],16,0.0
SPR,FP64,CUSTOM,8000,Memory write data volume [GBytes],17,0.0
SPR,FP64,CUSTOM,8000,Memory write data volume [GBytes],18,0.0
SPR,FP64,CUSTOM,8000,Memory write data volume [GBytes],19,0.0
SPR,FP64,CUSTOM,8000,Memory write data volume [GBytes],20,0.0
SPR,FP64,CUSTOM,8000,Memory write data volume [GBytes],21,0.0
SPR,FP64,CUSTOM,8000,Memory write data volume [GBytes],22,0.0
SPR,FP64,CUSTOM,8000,Memory write data volume [GBytes],23,0.0
SPR,FP64,CUSTOM,8000,Memory write data volume [GBytes],24,0.0
SPR,FP64,CUSTOM,8000,Memory write data volume [GBytes],25,0.0
SPR,FP64,CUSTOM,8000,Memory write data volume [GBytes],26,0.0
SPR,FP64,CUSTOM,8000,Memory write data volume [GBytes],27,0.0
SPR,FP64,CUSTOM,8000,Memory write data volume [GBytes],28,0.0
SPR,FP64,CUSTOM,8000,Memory write data volume [GBytes],29,0.0
SPR,FP64,CUSTOM,8000,Memory write data volume [GBytes],30,0.0
SPR,FP64,CUSTOM,8000,Memory write data volume [GBytes],31,0.0
SPR,FP64,CUSTOM,8000,Memory write data volume [GBytes],32,0.0
SPR,FP64,CUSTOM,8000,Memory write data volume [GBytes],33,0.0
SPR,FP64,CUSTOM,8000,Memory write data volume [GBytes],34,0.0
SPR,FP64,CUSTOM,8000,Memory write data volume [GBytes],35,0.0
SPR,FP64,CUSTOM,8000,Memory write data volume [GBytes],36,0.0
SPR,FP64,CUSTOM,8000,Memory write data volume [GBytes],37,0.0
SPR,FP64,CUSTOM,8000,Memory write data volume [GBytes],38,0.0
SPR,FP64,CUSTOM,8000,Memory write data volume [GBytes],39,0.0
SPR,FP64,CUSTOM,8000,Memory write data volume [GBytes],40,0.0
SPR,FP64,CUSTOM,8000,Memory write data volume [GBytes],41,0.0
SPR,FP64,CUSTOM,8000,Memory write data volume [GBytes],42,0.0
SPR,FP64,CUSTOM,8000,Memory write data volume [GBytes],43,0.0
SPR,FP64,CUSTOM,8000,Memory write data volume [GBytes],44,0.0
SPR,FP64,CUSTOM,8000,Memory write data volume [GBytes],45,0.0
SPR,FP64,CUSTOM,8000,Memory write data volume [GBytes],46,0.0
SPR,FP64,CUSTOM,8000,Memory write data volume [GBytes],47,0.0
SPR,FP64,CUSTOM,8000,Memory write data volume [GBytes],48,0.0
SPR,FP64,CUSTOM,8000,Memory write data volume [GBytes],49,0.0
SPR,FP64,CUSTOM,8000,Memory write data volume [GBytes],50,0.0
SPR,FP64,CUSTOM,8000,Memory write data volume [GBytes],51,0.0
SPR,FP64,CUSTOM,8000,Memory write data volume [GBytes],52,11588.591
SPR,FP64,CUSTOM,8000,Memory write data volume [GBytes],53,0.0
SPR,FP64,CUSTOM,8000,Memory write data volume [GBytes],54,0.0
SPR,FP64,CUSTOM,8000,Memory write data volume [GBytes],55,0.0
SPR,FP64,CUSTOM,8000,Memory write data volume [GBytes],56,0.0
SPR,FP64,CUSTOM,8000,Memory write data volume [GBytes],57,0.0
SPR,FP64,CUSTOM,8000,Memory write data volume [GBytes],58,0.0
SPR,FP64,CUSTOM,8000,Memory write data volume [GBytes],59,0.0
SPR,FP64,CUSTOM,8000,Memory write data volume [GBytes],60,0.0
SPR,FP64,CUSTOM,8000,Memory write data volume [GBytes],61,0.0
SPR,FP64,CUSTOM,8000,Memory write data volume [GBytes],62,0.0
SPR,FP64,CUSTOM,8000,Memory write data volume [GBytes],63,0.0
SPR,FP64,CUSTOM,8000,Memory write data volume [GBytes],64,0.0
SPR,FP64,CUSTOM,8000,Memory write data volume [GBytes],65,0.0
SPR,FP64,CUSTOM,8000,Memory write data volume [GBytes],66,0.0
SPR,FP64,CUSTOM,8000,Memory write data volume [GBytes],67,0.0
SPR,FP64,CUSTOM,8000,Memory write data volume [GBytes],68,0.0
SPR,FP64,CUSTOM,8000,Memory write data volume [GBytes],69,0.0
SPR,FP64,CUSTOM,8000,Memory write data volume [GBytes],70,0.0
SPR,FP64,CUSTOM,8000,Memory write data volume [GBytes],71,0.0
SPR,FP64,CUSTOM,8000,Memory write data volume [GBytes],72,0.0
SPR,FP64,CUSTOM,8000,Memory write data volume [GBytes],73,0.0
SPR,FP64,CUSTOM,8000,Memory write data volume [GBytes],74,0.0
SPR,FP64,CUSTOM,8000,Memory write data volume [GBytes],75,0.0
SPR,FP64,CUSTOM,8000,Memory write data volume [GBytes],76,0.0
SPR,FP64,CUSTOM,8000,Memory write data volume [GBytes],77,0.0
SPR,FP64,CUSTOM,8000,Memory write data volume [GBytes],78,0.0
SPR,FP64,CUSTOM,8000,Memory write data volume [GBytes],79,0.0
SPR,FP64,CUSTOM,8000,Memory write data volume [GBytes],80,0.0
SPR,FP64,CUSTOM,8000,Memory write data volume [GBytes],81,0.0
SPR,FP64,CUSTOM,8000,Memory write data volume [GBytes],82,0.0
SPR,FP64,CUSTOM,8000,Memory write data volume [GBytes],83,0.0
SPR,FP64,CUSTOM,8000,Memory write data volume [GBytes],84,0.0
SPR,FP64,CUSTOM,8000,Memory write data volume [GBytes],85,0.0
SPR,FP64,CUSTOM,8000,Memory write data volume [GBytes],86,0.0
SPR,FP64,CUSTOM,8000,Memory write data volume [GBytes],87,0.0
SPR,FP64,CUSTOM,8000,Memory write data volume [GBytes],88,0.0
SPR,FP64,CUSTOM,8000,Memory write data volume [GBytes],89,0.0
SPR,FP64,CUSTOM,8000,Memory write data volume [GBytes],90,0.0
SPR,FP64,CUSTOM,8000,Memory write data volume [GBytes],91,0.0
SPR,FP64,CUSTOM,8000,Memory write data volume [GBytes],92,0.0
SPR,FP64,CUSTOM,8000,Memory write data volume [GBytes],93,0.0
SPR,FP64,CUSTOM,8000,Memory write data volume [GBytes],94,0.0
SPR,FP64,CUSTOM,8000,Memory write data volume [GBytes],95,0.0
SPR,FP64,CUSTOM,8000,Memory write data volume [GBytes],96,0.0
SPR,FP64,CUSTOM,8000,Memory write data volume [GBytes],97,0.0
SPR,FP64,CUSTOM,8000,Memory write data volume [GBytes],98,0.0
SPR,FP64,CUSTOM,8000,Memory write data volume [GBytes],99,0.0
SPR,FP64,CUSTOM,8000,Memory write data volume [GBytes],100,0.0
SPR,FP64,CUSTOM,8000,Memory write data volume [GBytes],101,0.0
SPR,FP64,CUSTOM,8000,Memory write data volume [GBytes],102,0.0
SPR,FP64,CUSTOM,8000,Memory write data volume [GBytes],103,0.0
SPR,FP64,CUSTOM,8000,Memory bandwidth [MBytes/s],0,20532.4486
SPR,FP64,CUSTOM,8000,Memory bandwidth [MBytes/s],1,0.0
SPR,FP64,CUSTOM,8000,Memory bandwidth [MBytes/s],2,0.0
SPR,FP64,CUSTOM,8000,Memory bandwidth [MBytes/s],3,0.0
SPR,FP64,CUSTOM,8000,Memory bandwidth [MBytes/s],4,0.0
SPR,FP64,CUSTOM,8000,Memory bandwidth [MBytes/s],5,0.0
SPR,FP64,CUSTOM,8000,Memory bandwidth [MBytes/s],6,0.0
SPR,FP64,CUSTOM,8000,Memory bandwidth [MBytes/s],7,0.0
SPR,FP64,CUSTOM,8000,Memory bandwidth [MBytes/s],8,0.0
SPR,FP64,CUSTOM,8000,Memory bandwidth [MBytes/s],9,0.0
SPR,FP64,CUSTOM,8000,Memory bandwidth [MBytes/s],10,0.0
SPR,FP64,CUSTOM,8000,Memory bandwidth [MBytes/s],11,0.0
SPR,FP64,CUSTOM,8000,Memory bandwidth [MBytes/s],12,0.0
SPR,FP64,CUSTOM,8000,Memory bandwidth [MBytes/s],13,0.0
SPR,FP64,CUSTOM,8000,Memory bandwidth [MBytes/s],14,0.0
SPR,FP64,CUSTOM,8000,Memory bandwidth [MBytes/s],15,0.0
SPR,FP64,CUSTOM,8000,Memory bandwidth [MBytes/s],16,0.0
SPR,FP64,CUSTOM,8000,Memory bandwidth [MBytes/s],17,0.0
SPR,FP64,CUSTOM,8000,Memory bandwidth [MBytes/s],18,0.0
SPR,FP64,CUSTOM,8000,Memory bandwidth [MBytes/s],19,0.0
SPR,FP64,CUSTOM,8000,Memory bandwidth [MBytes/s],20,0.0
SPR,FP64,CUSTOM,8000,Memory bandwidth [MBytes/s],21,0.0
SPR,FP64,CUSTOM,8000,Memory bandwidth [MBytes/s],22,0.0
SPR,FP64,CUSTOM,8000,Memory bandwidth [MBytes/s],23,0.0
SPR,FP64,CUSTOM,8000,Memory bandwidth [MBytes/s],24,0.0
SPR,FP64,CUSTOM,8000,Memory bandwidth [MBytes/s],25,0.0
SPR,FP64,CUSTOM,8000,Memory bandwidth [MBytes/s],26,0.0
SPR,FP64,CUSTOM,8000,Memory bandwidth [MBytes/s],27,0.0
SPR,FP64,CUSTOM,8000,Memory bandwidth [MBytes/s],28,0.0
SPR,FP64,CUSTOM,8000,Memory bandwidth [MBytes/s],29,0.0
SPR,FP64,CUSTOM,8000,Memory bandwidth [MBytes/s],30,0.0
SPR,FP64,CUSTOM,8000,Memory bandwidth [MBytes/s],31,0.0
SPR,FP64,CUSTOM,8000,Memory bandwidth [MBytes/s],32,0.0
SPR,FP64,CUSTOM,8000,Memory bandwidth [MBytes/s],33,0.0
SPR,FP64,CUSTOM,8000,Memory bandwidth [MBytes/s],34,0.0
SPR,FP64,CUSTOM,8000,Memory bandwidth [MBytes/s],35,0.0
SPR,FP64,CUSTOM,8000,Memory bandwidth [MBytes/s],36,0.0
SPR,FP64,CUSTOM,8000,Memory bandwidth [MBytes/s],37,0.0
SPR,FP64,CUSTOM,8000,Memory bandwidth [MBytes/s],38,0.0
SPR,FP64,CUSTOM,8000,Memory bandwidth [MBytes/s],39,0.0
SPR,FP64,CUSTOM,8000,Memory bandwidth [MBytes/s],40,0.0
SPR,FP64,CUSTOM,8000,Memory bandwidth [MBytes/s],41,0.0
SPR,FP64,CUSTOM,8000,Memory bandwidth [MBytes/s],42,0.0
SPR,FP64,CUSTOM,8000,Memory bandwidth [MBytes/s],43,0.0
SPR,FP64,CUSTOM,8000,Memory bandwidth [MBytes/s],44,0.0
SPR,FP64,CUSTOM,8000,Memory bandwidth [MBytes/s],45,0.0
SPR,FP64,CUSTOM,8000,Memory bandwidth [MBytes/s],46,0.0
SPR,FP64,CUSTOM,8000,Memory bandwidth [MBytes/s],47,0.0
SPR,FP64,CUSTOM,8000,Memory bandwidth [MBytes/s],48,0.0
SPR,FP64,CUSTOM,8000,Memory bandwidth [MBytes/s],49,0.0
SPR,FP64,CUSTOM,8000,Memory bandwidth [MBytes/s],50,0.0
SPR,FP64,CUSTOM,8000,Memory bandwidth [MBytes/s],51,0.0
SPR,FP64,CUSTOM,8000,Memory bandwidth [MBytes/s],52,23959.2867
SPR,FP64,CUSTOM,8000,Memory bandwidth [MBytes/s],53,0.0
SPR,FP64,CUSTOM,8000,Memory bandwidth [MBytes/s],54,0.0
SPR,FP64,CUSTOM,8000,Memory bandwidth [MBytes/s],55,0.0
SPR,FP64,CUSTOM,8000,Memory bandwidth [MBytes/s],56,0.0
SPR,FP64,CUSTOM,8000,Memory bandwidth [MBytes/s],57,0.0
SPR,FP64,CUSTOM,8000,Memory bandwidth [MBytes/s],58,0.0
SPR,FP64,CUSTOM,8000,Memory bandwidth [MBytes/s],59,0.0
SPR,FP64,CUSTOM,8000,Memory bandwidth [MBytes/s],60,0.0
SPR,FP64,CUSTOM,8000,Memory bandwidth [MBytes/s],61,0.0
SPR,FP64,CUSTOM,8000,Memory bandwidth [MBytes/s],62,0.0
SPR,FP64,CUSTOM,8000,Memory bandwidth [MBytes/s],63,0.0
SPR,FP64,CUSTOM,8000,Memory bandwidth [MBytes/s],64,0.0
SPR,FP64,CUSTOM,8000,Memory bandwidth [MBytes/s],65,0.0
SPR,FP64,CUSTOM,8000,Memory bandwidth [MBytes/s],66,0.0
SPR,FP64,CUSTOM,8000,Memory bandwidth [MBytes/s],67,0.0
SPR,FP64,CUSTOM,8000,Memory bandwidth [MBytes/s],68,0.0
SPR,FP64,CUSTOM,8000,Memory bandwidth [MBytes/s],69,0.0
SPR,FP64,CUSTOM,8000,Memory bandwidth [MBytes/s],70,0.0
SPR,FP64,CUSTOM,8000,Memory bandwidth [MBytes/s],71,0.0
SPR,FP64,CUSTOM,8000,Memory bandwidth [MBytes/s],72,0.0
SPR,FP64,CUSTOM,8000,Memory bandwidth [MBytes/s],73,0.0
SPR,FP64,CUSTOM,8000,Memory bandwidth [MBytes/s],74,0.0
SPR,FP64,CUSTOM,8000,Memory bandwidth [MBytes/s],75,0.0
SPR,FP64,CUSTOM,8000,Memory bandwidth [MBytes/s],76,0.0
SPR,FP64,CUSTOM,8000,Memory bandwidth [MBytes/s],77,0.0
SPR,FP64,CUSTOM,8000,Memory bandwidth [MBytes/s],78,0.0
SPR,FP64,CUSTOM,8000,Memory bandwidth [MBytes/s],79,0.0
SPR,FP64,CUSTOM,8000,Memory bandwidth [MBytes/s],80,0.0
SPR,FP64,CUSTOM,8000,Memory bandwidth [MBytes/s],81,0.0
SPR,FP64,CUSTOM,8000,Memory bandwidth [MBytes/s],82,0.0
SPR,FP64,CUSTOM,8000,Memory bandwidth [MBytes/s],83,0.0
SPR,FP64,CUSTOM,8000,Memory bandwidth [MBytes/s],84,0.0
SPR,FP64,CUSTOM,8000,Memory bandwidth [MBytes/s],85,0.0
SPR,FP64,CUSTOM,8000,Memory bandwidth [MBytes/s],86,0.0
SPR,FP64,CUSTOM,8000,Memory bandwidth [MBytes/s],87,0.0
SPR,FP64,CUSTOM,8000,Memory bandwidth [MBytes/s],88,0.0
SPR,FP64,CUSTOM,8000,Memory bandwidth [MBytes/s],89,0.0
SPR,FP64,CUSTOM,8000,Memory bandwidth [MBytes/s],90,0.0
SPR,FP64,CUSTOM,8000,Memory bandwidth [MBytes/s],91,0.0
SPR,FP64,CUSTOM,8000,Memory bandwidth [MBytes/s],92,0.0
SPR,FP64,CUSTOM,8000,Memory bandwidth [MBytes/s],93,0.0
SPR,FP64,CUSTOM,8000,Memory bandwidth [MBytes/s],94,0.0
SPR,FP64,CUSTOM,8000,Memory bandwidth [MBytes/s],95,0.0
SPR,FP64,CUSTOM,8000,Memory bandwidth [MBytes/s],96,0.0
SPR,FP64,CUSTOM,8000,Memory bandwidth [MBytes/s],97,0.0
SPR,FP64,CUSTOM,8000,Memory bandwidth [MBytes/s],98,0.0
SPR,FP64,CUSTOM,8000,Memory bandwidth [MBytes/s],99,0.0
SPR,FP64,CUSTOM,8000,Memory bandwidth [MBytes/s],100,0.0
SPR,FP64,CUSTOM,8000,Memory bandwidth [MBytes/s],101,0.0
SPR,FP64,CUSTOM,8000,Memory bandwidth [MBytes/s],102,0.0
SPR,FP64,CUSTOM,8000,Memory bandwidth [MBytes/s],103,0.0
SPR,FP64,CUSTOM,8000,Memory data volume [GBytes],0,47281.2056
SPR,FP64,CUSTOM,8000,Memory data volume [GBytes],1,0.0
SPR,FP64,CUSTOM,8000,Memory data volume [GBytes],2,0.0
SPR,FP64,CUSTOM,8000,Memory data volume [GBytes],3,0.0
SPR,FP64,CUSTOM,8000,Memory data volume [GBytes],4,0.0
SPR,FP64,CUSTOM,8000,Memory data volume [GBytes],5,0.0
SPR,FP64,CUSTOM,8000,Memory data volume [GBytes],6,0.0
SPR,FP64,CUSTOM,8000,Memory data volume [GBytes],7,0.0
SPR,FP64,CUSTOM,8000,Memory data volume [GBytes],8,0.0
SPR,FP64,CUSTOM,8000,Memory data volume [GBytes],9,0.0
SPR,FP64,CUSTOM,8000,Memory data volume [GBytes],10,0.0
SPR,FP64,CUSTOM,8000,Memory data volume [GBytes],11,0.0
SPR,FP64,CUSTOM,8000,Memory data volume [GBytes],12,0.0
SPR,FP64,CUSTOM,8000,Memory data volume [GBytes],13,0.0
SPR,FP64,CUSTOM,8000,Memory data volume [GBytes],14,0.0
SPR,FP64,CUSTOM,8000,Memory data volume [GBytes],15,0.0
SPR,FP64,CUSTOM,8000,Memory data volume [GBytes],16,0.0
SPR,FP64,CUSTOM,8000,Memory data volume [GBytes],17,0.0
SPR,FP64,CUSTOM,8000,Memory data volume [GBytes],18,0.0
SPR,FP64,CUSTOM,8000,Memory data volume [GBytes],19,0.0
SPR,FP64,CUSTOM,8000,Memory data volume [GBytes],20,0.0
SPR,FP64,CUSTOM,8000,Memory data volume [GBytes],21,0.0
SPR,FP64,CUSTOM,8000,Memory data volume [GBytes],22,0.0
SPR,FP64,CUSTOM,8000,Memory data volume [GBytes],23,0.0
SPR,FP64,CUSTOM,8000,Memory data volume [GBytes],24,0.0
SPR,FP64,CUSTOM,8000,Memory data volume [GBytes],25,0.0
SPR,FP64,CUSTOM,8000,Memory data volume [GBytes],26,0.0
SPR,FP64,CUSTOM,8000,Memory data volume [GBytes],27,0.0
SPR,FP64,CUSTOM,8000,Memory data volume [GBytes],28,0.0
SPR,FP64,CUSTOM,8000,Memory data volume [GBytes],29,0.0
SPR,FP64,CUSTOM,8000,Memory data volume [GBytes],30,0.0
SPR,FP64,CUSTOM,8000,Memory data volume [GBytes],31,0.0
SPR,FP64,CUSTOM,8000,Memory data volume [GBytes],32,0.0
SPR,FP64,CUSTOM,8000,Memory data volume [GBytes],33,0.0
SPR,FP64,CUSTOM,8000,Memory data volume [GBytes],34,0.0
SPR,FP64,CUSTOM,8000,Memory data volume [GBytes],35,0.0
SPR,FP64,CUSTOM,8000,Memory data volume [GBytes],36,0.0
SPR,FP64,CUSTOM,8000,Memory data volume [GBytes],37,0.0
SPR,FP64,CUSTOM,8000,Memory data volume [GBytes],38,0.0
SPR,FP64,CUSTOM,8000,Memory data volume [GBytes],39,0.0
SPR,FP64,CUSTOM,8000,Memory data volume [GBytes],40,0.0
SPR,FP64,CUSTOM,8000,Memory data volume [GBytes],41,0.0
SPR,FP64,CUSTOM,8000,Memory data volume [GBytes],42,0.0
SPR,FP64,CUSTOM,8000,Memory data volume [GBytes],43,0.0
SPR,FP64,CUSTOM,8000,Memory data volume [GBytes],44,0.0
SPR,FP64,CUSTOM,8000,Memory data volume [GBytes],45,0.0
SPR,FP64,CUSTOM,8000,Memory data volume [GBytes],46,0.0
SPR,FP64,CUSTOM,8000,Memory data volume [GBytes],47,0.0
SPR,FP64,CUSTOM,8000,Memory data volume [GBytes],48,0.0
SPR,FP64,CUSTOM,8000,Memory data volume [GBytes],49,0.0
SPR,FP64,CUSTOM,8000,Memory data volume [GBytes],50,0.0
SPR,FP64,CUSTOM,8000,Memory data volume [GBytes],51,0.0
SPR,FP64,CUSTOM,8000,Memory data volume [GBytes],52,55172.3752
SPR,FP64,CUSTOM,8000,Memory data volume [GBytes],53,0.0
SPR,FP64,CUSTOM,8000,Memory data volume [GBytes],54,0.0
SPR,FP64,CUSTOM,8000,Memory data volume [GBytes],55,0.0
SPR,FP64,CUSTOM,8000,Memory data volume [GBytes],56,0.0
SPR,FP64,CUSTOM,8000,Memory data volume [GBytes],57,0.0
SPR,FP64,CUSTOM,8000,Memory data volume [GBytes],58,0.0
SPR,FP64,CUSTOM,8000,Memory data volume [GBytes],59,0.0
SPR,FP64,CUSTOM,8000,Memory data volume [GBytes],60,0.0
SPR,FP64,CUSTOM,8000,Memory data volume [GBytes],61,0.0
SPR,FP64,CUSTOM,8000,Memory data volume [GBytes],62,0.0
SPR,FP64,CUSTOM,8000,Memory data volume [GBytes],63,0.0
SPR,FP64,CUSTOM,8000,Memory data volume [GBytes],64,0.0
SPR,FP64,CUSTOM,8000,Memory data volume [GBytes],65,0.0
SPR,FP64,CUSTOM,8000,Memory data volume [GBytes],66,0.0
SPR,FP64,CUSTOM,8000,Memory data volume [GBytes],67,0.0
SPR,FP64,CUSTOM,8000,Memory data volume [GBytes],68,0.0
SPR,FP64,CUSTOM,8000,Memory data volume [GBytes],69,0.0
SPR,FP64,CUSTOM,8000,Memory data volume [GBytes],70,0.0
SPR,FP64,CUSTOM,8000,Memory data volume [GBytes],71,0.0
SPR,FP64,CUSTOM,8000,Memory data volume [GBytes],72,0.0
SPR,FP64,CUSTOM,8000,Memory data volume [GBytes],73,0.0
SPR,FP64,CUSTOM,8000,Memory data volume [GBytes],74,0.0
SPR,FP64,CUSTOM,8000,Memory data volume [GBytes],75,0.0
SPR,FP64,CUSTOM,8000,Memory data volume [GBytes],76,0.0
SPR,FP64,CUSTOM,8000,Memory data volume [GBytes],77,0.0
SPR,FP64,CUSTOM,8000,Memory data volume [GBytes],78,0.0
SPR,FP64,CUSTOM,8000,Memory data volume [GBytes],79,0.0
SPR,FP64,CUSTOM,8000,Memory data volume [GBytes],80,0.0
SPR,FP64,CUSTOM,8000,Memory data volume [GBytes],81,0.0
SPR,FP64,CUSTOM,8000,Memory data volume [GBytes],82,0.0
SPR,FP64,CUSTOM,8000,Memory data volume [GBytes],83,0.0
SPR,FP64,CUSTOM,8000,Memory data volume [GBytes],84,0.0
SPR,FP64,CUSTOM,8000,Memory data volume [GBytes],85,0.0
SPR,FP64,CUSTOM,8000,Memory data volume [GBytes],86,0.0
SPR,FP64,CUSTOM,8000,Memory data volume [GBytes],87,0.0
SPR,FP64,CUSTOM,8000,Memory data volume [GBytes],88,0.0
SPR,FP64,CUSTOM,8000,Memory data volume [GBytes],89,0.0
SPR,FP64,CUSTOM,8000,Memory data volume [GBytes],90,0.0
SPR,FP64,CUSTOM,8000,Memory data volume [GBytes],91,0.0
SPR,FP64,CUSTOM,8000,Memory data volume [GBytes],92,0.0
SPR,FP64,CUSTOM,8000,Memory data volume [GBytes],93,0.0
SPR,FP64,CUSTOM,8000,Memory data volume [GBytes],94,0.0
SPR,FP64,CUSTOM,8000,Memory data volume [GBytes],95,0.0
SPR,FP64,CUSTOM,8000,Memory data volume [GBytes],96,0.0
SPR,FP64,CUSTOM,8000,Memory data volume [GBytes],97,0.0
SPR,FP64,CUSTOM,8000,Memory data volume [GBytes],98,0.0
SPR,FP64,CUSTOM,8000,Memory data volume [GBytes],99,0.0
SPR,FP64,CUSTOM,8000,Memory data volume [GBytes],100,0.0
SPR,FP64,CUSTOM,8000,Memory data volume [GBytes],101,0.0
SPR,FP64,CUSTOM,8000,Memory data volume [GBytes],102,0.0
SPR,FP64,CUSTOM,8000,Memory data volume [GBytes],103,0.0
